autor,titulo,seccion,fecha,es_sindicado,error,ruta,vistas_acumuladas_ene_jun
Jhojhanni Fiorini,Eclipse lunar del 3 de marzo 2026: a qué hora se verá en República Dominicana,lifestyle,2026-02-28T09:00:08-04:00,False,,/lifestyle/eclipse-lunar-del-3-de-marzo-2026-a-que-hora-se-vera-en-republica-dominicana/,72609
Andrea Mercedes,¿Quién ganó las elecciones en Perú 2026? Sánchez lidera con 50.1% pero faltan los votos del extranjero,daily news,2026-06-09T12:11:24-04:00,False,,/money-invest/daily-news/quien-gano-las-elecciones-en-peru-2026-sanchez-lidera-con-50-1-pero-faltan-los-votos-del-extranjero/,64961
Edwin Lozada,🔴 Sigue en vivo el desfile militar del 27 de febrero en el Malecón de Santo Domingo,nacional,2026-02-27T14:01:01-04:00,False,,/nacional/🔴-sigue-en-vivo-el-desfile-militar-del-27-de-febrero-en-el-malecon-de-santo-domingo/,32889
Andrea Mercedes,El monorriel de Santo Domingo ya tiene fecha de inicio: arrancaría la próxima semana,daily news,2026-03-25T15:30:12-04:00,False,,/money-invest/daily-news/el-monorriel-de-santo-domingo-ya-tiene-fecha-de-inicio-arrancaria-la-proxima-semana/,30141
Andrea Mercedes,"Resultado final elecciones Perú 2026: Fujimori vs. Sánchez, quién se está imponiendo en segunda vuelta",daily news,2026-06-11T16:00:38-04:00,False,,/money-invest/daily-news/resultado-final-elecciones-peru-2026-fujimori-vs-sanchez-quien-se-esta-imponiendo-en-segunda-vuelta/,24214
SIN_AUTOR,,,,False,,/event/power-women-summit-2026/,19688
Elba Reyes,"RD vs. Detroit: cuándo juegan, dónde verlo y a qué hora serán los partidos previo al Clásico Mundial de Béisbol 2026",sport business,2026-03-03T11:59:45-04:00,False,,/empresas/sport-business/rd-vs-detroit-cuando-juegan-donde-verlo-y-a-que-hora-seran-los-partidos-previo-al-clasico-mundial-de-beisbol-2026/,18422
Andrea Mercedes,¿Quién va ganando las elecciones en Colombia 2026? Los favoritos según las encuestas,daily news,2026-05-25T12:09:10-04:00,False,,/money-invest/daily-news/quien-va-ganando-las-elecciones-en-colombia-2026-los-favoritos-segun-las-encuestas/,13671
Elba Reyes,Por qué Bad Bunny no mencionó a Belice en el cierre de su Halftime Show,daily news,2026-02-09T15:05:12-04:00,False,,/money-invest/happening-now/por-que-bad-bunny-no-menciono-a-belice-en-el-cierre-de-su-halftime-show/,12184
Andrea Mercedes,¿Cuándo es la segunda vuelta presidencial en Colombia? Calendario electoral,daily news,2026-06-03T14:55:31-04:00,False,,/money-invest/daily-news/cuando-es-la-segunda-vuelta-presidencial-en-colombia-calendario-electoral/,10986
Edwin Lozada,🔴 EN VIVO | Elecciones Perú 2026: Sánchez toma delantera 50.1% — el voto extranjero decide la presidencia,daily news,2026-06-07T19:01:43-04:00,False,,/money-invest/daily-news/🔴-en-vivo-quien-va-ganando-las-elecciones-en-peru-2026/,10595
SIN_AUTOR,,,,False,,/event/change-the-world-summit-2026/,10011
Andrea Mercedes,¿Quién va ganando en las elecciones de Perú 2026? Fujimori supera a Sánchez por 32.000 votos,daily news,2026-06-16T14:16:26-04:00,False,,/money-invest/daily-news/quien-va-ganando-en-las-elecciones-de-peru-2026-fujimori-supera-a-sanchez-por-32-000-votos/,9913
Elba Reyes,"Resultados del Clásico Mundial de Béisbol 2026 hoy: 10 de marzo juegos, marcadores y calendario",sport business,2026-03-10T11:08:32-04:00,False,,/empresas/sport-business/resultados-del-clasico-mundial-de-beisbol-2026-hoy-10-de-marzo-juegos-marcadores-y-calendario/,9781
Elba Reyes,Clásico Mundial de Béisbol 2026: Dominicana vs. Venezuela: cuándo y dónde verlo en RD,sport business,2026-03-10T17:30:02-04:00,False,,/empresas/sport-business/clasico-mundial-de-beisbol-2026-dominicana-vs-venezuela-cuando-y-donde-verlo-en-rd/,9440
Jhojhanni Fiorini,iPhone 18 Pro: las 5 mejoras que Apple prepara y lo que cambiarían en cada modelo,technology,2026-04-28T16:41:49-04:00,False,,/technology/iphone-18-pro-las-5-mejoras-que-apple-prepara-y-lo-que-cambiarian-en-cada-modelo/,9319
Jhojhanni Fiorini,"iPhone 18 Pro Max, Air o 17e: cuál es el mejor iPhone para comprar en 2026",devices,2026-06-11T17:47:20-04:00,False,,/technology/devices/iphone-18-pro-max-air-o-17e-cual-es-el-mejor-iphone-para-comprar-en-2026/,9317
SIN_AUTOR,,,,False,,/event/construction-real-estate-summit-2026-region-este/,9300
Andrea Mercedes,¿Cuándo se sabrá el resultado final de las elecciones en Perú 2026?,daily news,2026-06-17T15:26:51-04:00,False,,/money-invest/daily-news/cuando-se-sabra-el-resultado-final-de-las-elecciones-en-peru-2026/,9267
Jhojhanni Fiorini,"Resultados Lotería Nacional del domingo 15 de febrero de 2026,  números ganadores",actualidad,2026-02-16T08:43:26-04:00,False,,/money-invest/republica-dominicana/resultados-loteria-nacional-15-febrero-2026-numeros-ganadores/,9259
Jhojhanni Fiorini,Ranking de los shows de medio tiempo más vistos del Super Bowl antes del show récord de Bad Bunny,actualidad,2026-02-09T15:27:30-04:00,False,,/actualidad/ranking-de-los-shows-de-medio-tiempo-mas-vistos-del-super-bowl-antes-del-show-record-de-bad-bunny/,9189
Jhojhanni Fiorini,iPhone 18 Pro Max apuntaría al mayor rediseño en la historia de la línea Pro,technology,2026-03-03T15:49:27-04:00,False,,/technology/iphone-18-pro-max-apuntaria-al-mayor-rediseno-en-la-historia-de-la-linea-pro/,9118
Andrea Mercedes,Monorriel de Santo Domingo: cuántas estaciones tendrá y cuántos pasajeros moverá,daily news,2026-04-09T15:13:48-04:00,False,,/money-invest/daily-news/monorriel-de-santo-domingo-cuantas-estaciones-tendra-y-cuantos-pasajeros-movera/,8889
Elba Reyes,Los 8 mejores hoteles en Punta Cana según Tripadvisor en 2026,lifestyle,2026-03-09T17:21:05-04:00,False,,/lifestyle/los-8-mejores-hoteles-en-punta-cana-segun-tripadvisor-en-2026/,8315
Jhojhanni Fiorini,"Todo sobre el iPhone 18: Fecha de estreno, características y los cambios que prepara Apple",technology,2026-05-16T08:10:30-04:00,False,,/technology/todo-sobre-el-iphone-18-fecha-de-estreno-caracteristicas-y-los-cambios-que-prepara-apple/,8096
Elba Reyes,"Las 7 vitaminas clave que las mujeres necesitan a partir de los 40, según expertos en nutrición",trends,2026-01-29T17:09:28-04:00,False,,/mercado-women/las-7-vitaminas-clave-que-las-mujeres-necesitan-a-partir-de-los-40-segun-expertos-en-nutricion/,7924
Jhojhanni Fiorini,Calendario lunar marzo 2026: mejores días para cortar el cabello,actualidad,2026-03-07T13:37:12-04:00,False,,/actualidad/calendario-lunar-marzo-2026-mejores-dias-para-cortar-el-cabello/,7822
SIN_AUTOR,,,,False,,/event/empresas-mas-admiradas-2026-region-norte/,7706
Jhojhanni Fiorini,Resultados de la lotería nacional del domingo 22 de febrero de 2026,actualidad,2026-02-23T08:36:54-04:00,False,,/actualidad/resultados-de-la-loteria-nacional-del-domingo-22-de-febrero-de-2026/,7487
Andrea Mercedes,¿Es el monorriel de RD una mala apuesta? Esto muestran los casos internacionales ,construcción,2026-04-15T16:08:24-04:00,False,,/construccion/es-el-monorriel-de-rd-una-mala-apuesta-esto-muestran-los-casos-internacionales/,7479
Jhojhanni Fiorini,Resultados de la lotería nacional del viernes 13 de marzo de 2026,actualidad,2026-03-14T09:47:09-04:00,False,,/actualidad/resultados-de-la-loteria-nacional-del-viernes-13-de-marzo-de-2026/,7445
Jhojhanni Fiorini,Golpe inesperado al chavismo: capturan a Alex Saab en Venezuela,internacional,2026-02-04T14:43:26-04:00,False,,/money-invest/internacional-economia/golpe-inesperado-al-chavismo-capturan-a-alex-saab-en-venezuela/,7432
Elba Reyes,Precio del dólar hoy en República Dominicana este lunes 2 de marzo del 2026,money invest,2026-03-02T08:47:40-04:00,False,,/money-invest/precio-del-dolar-hoy-en-republica-dominicana-este-lunes-2-de-marzo-del-2026/,7337
Elba Reyes,Precio del dólar hoy en la República Dominicana este miércoles 22 de abril de 2026,money invest,2026-04-22T08:24:51-04:00,False,,/money-invest/precio-del-dolar-hoy-en-la-republica-dominicana-este-miercoles-22-de-abril-de-2026/,7256
Jhojhanni Fiorini,Apple cambiaría su calendario: esta es la fecha en que presentaría el iPhone 18,technology,2026-03-27T16:27:16-04:00,False,,/technology/esta-seria-la-fecha-en-la-que-apple-presentaria-el-iphone-18-y-su-nuevo-modelo-plegable/,6926
Andrea Mercedes,Resultados de Leidsa del miércoles 13 de mayo de 2026,actualidad,2026-05-14T08:33:59-04:00,False,,/actualidad/resultados-de-leidsa-del-miercoles-13-de-mayo-de-2026/,6801
Elba Reyes,"Clásico Mundial de Béisbol 2026: República Dominicana vs Corea del Sur, cuándo y dónde verlo en RD",sport business,2026-03-12T17:57:41-04:00,False,,/empresas/sport-business/clasico-mundial-de-beisbol-2026-republica-dominicana-vs-corea-del-sur-cuando-y-donde-verlo-en-rd/,6644
Jhojhanni Fiorini,iPhone 18 Pro: estos serían los cambios que prepara Apple para 2026,technology,2026-02-20T11:55:01-04:00,False,,/technology/iphone-18-pro-estos-serian-los-cambios-que-prepara-apple-para-2026/,6408
Jhojhanni Fiorini,"Las 10 mejores universidades de Argentina en 2026, según el QS Ranking ",money invest,2026-02-26T10:55:50-04:00,False,,/money-invest/las-10-mejores-universidades-de-argentina-en-2026-segun-el-qs-ranking/,6342
Jhojhanni Fiorini,Resultados de la lotería nacional del domingo 8 de marzo de 2026,actualidad,2026-03-09T10:06:55-04:00,False,,/actualidad/resultados-de-la-loteria-nacional-del-domingo-8-de-marzo-de-2026/,6330
Jhojhanni Fiorini,Resultados de la lotería nacional del miércoles 11 de marzo de 2026,actualidad,2026-03-12T10:04:36-04:00,False,,/actualidad/resultados-de-la-loteria-nacional-del-miercoles-11-de-marzo-de-2026/,6304
Elba Reyes,El eclipse solar histórico que no se repetirá en 157 años ya tiene fecha: cuándo y dónde verlo,ciencia y espacio,2026-04-02T11:49:02-04:00,False,,/technology/ciencia-y-espacio/el-eclipse-solar-historico-que-no-se-repetira-en-157-anos-ya-tiene-fecha-cuando-y-donde-verlo/,6277
Elba Reyes,¿Cuánto le pagaron a Bad Bunny por el Super Bowl 2026? Esto fue lo que ganó,empresas,2026-02-13T13:04:28-04:00,False,,/empresas/cuanto-le-pagaron-a-bad-bunny-por-el-super-bowl-2026-esto-fue-lo-que-gano/,6174
Jhojhanni Fiorini,Resultados de la lotería nacional del miércoles 18 de febrero de 2026,actualidad,2026-02-19T09:06:51-04:00,False,,/money-invest/republica-dominicana/resultados-de-loterias-del-miercoles-18-de-febrero-de-2026/,6017
Elba Reyes,Resultados de la lotería nacional del lunes 23 de marzo de 2026,actualidad,2026-03-24T09:47:48-04:00,False,,/actualidad/resultados-de-la-loteria-nacional-del-lunes-23-de-marzo-de-2026/,5797
Andrea Mercedes,"Elecciones Perú 2026: Fujimori gana por 1,207 votos con actas impugnadas pendientes",daily news,2026-06-12T12:12:07-04:00,False,,/money-invest/daily-news/elecciones-peru-2026-fujimori-gana-por-1207-votos-con-actas-impugnadas-pendientes/,5780
Elba Reyes,Las provincias que reciben más turistas en República Dominicana y por qué,turismo,2026-01-30T16:18:22-04:00,False,,/turismo/las-provincias-que-reciben-mas-turistas-en-republica-dominicana-y-por-que/,5752
Jhojhanni Fiorini,Resultados de la lotería nacional del sábado 28 de marzo de 2026,actualidad,2026-03-30T07:55:47-04:00,False,,/actualidad/resultados-de-la-loteria-nacional-del-sabado-28-de-marzo-de-2026/,5739
Jhojhanni Fiorini,Pérdida de memoria: 7 consejos de Mayo Clinic para fortalecer el cerebro,medihealth,2026-02-18T14:30:19-04:00,False,,/medihealth/perdida-de-memoria-7-consejos-de-mayo-clinic-para-fortalecer-el-cerebro/,5713
Edwin Lozada,"Muere Eric Dane, actor que dio vida a Mark Sloan en Grey’s Anatomy",daily news,2026-02-19T23:26:48-04:00,False,,/money-invest/happening-now/muere-eric-dane-actor-mark-sloan-greys-anatomy/,5711
Elba Reyes,"Cinco primeras damas, 87 años y un imperio global: el fenómeno Carolina Herrera",trends,2026-01-09T10:10:49-04:00,False,,/mercado-women/carolina-herrera-87-anos-y-un-legado-que-trasciende-la-moda/,5694
Andrea Mercedes,¿Quién es el nuevo presidente de Perú? El avance del conteo oficial de la ONPE,daily news,2026-06-08T11:29:01-04:00,False,,/money-invest/daily-news/quien-es-el-nuevo-presidente-de-peru-el-avance-del-conteo-oficial-de-la-onpe/,5652
Jhojhanni Fiorini,El monorriel más largo de América ya se construye y tendrá 34 km elevados,construcción,2026-03-31T18:08:19-04:00,False,,/construccion/el-monorriel-mas-largo-de-america-ya-se-construye-y-tendra-34-km-elevados/,5516
Jhojhanni Fiorini,iPhone 18 Pro Max: filtraciones apuntan a pocos cambios frente al modelo anterior,technology,2026-03-16T16:47:15-04:00,False,,/technology/iphone-18-pro-max-filtraciones-apuntan-a-pocos-cambios-frente-al-modelo-anterior/,5497
Elba Reyes,Precio del dólar hoy en la República Dominicana este martes 12 de mayo del 2026,república dominicana,2026-05-12T08:44:33-04:00,False,,/money-invest/republica-dominicana/precio-del-dolar-hoy-en-la-republica-dominicana-este-martes-12-de-mayo-del-2026/,5470
Elba Reyes,¿Cómo quedarían los cruces de 16vos del Mundial 2026 tras la primera jornada?,sport business,2026-06-22T12:14:28-04:00,False,,/empresas/sport-business/como-quedarian-los-cruces-de-16vos-del-mundial-2026-tras-la-primera-jornada/,5440
Jhojhanni Fiorini,Resultados de la lotería hoy jueves 5 de febrero de 2026,actualidad,2026-02-05T11:01:41-04:00,False,,/money-invest/republica-dominicana/resultados-de-la-loteria-hoy-jueves-5-de-febrero-de-2026/,5332
Jhojhanni Fiorini,Resultados de la lotería nacional del miércoles 25 de marzo de 2026,actualidad,2026-03-26T08:47:19-04:00,False,,/actualidad/resultados-de-la-loteria-nacional-del-miercoles-25-de-marzo-de-2026/,5320
Karime Rivas,Maternidad después de los 40: países con mayor índice de natalidad tardía,working mothers,2026-06-19T11:18:13-04:00,False,,/mercado-women/working-monthers/maternidad-despues-de-los-40/,5231
Jhojhanni Fiorini,"Las 10 mejores universidades de México en 2026, según el QS World University Rankings",money invest,2026-02-24T15:13:03-04:00,False,,/money-invest/las-10-mejores-universidades-de-mexico-en-2026-segun-el-qs-world-university-rankings/,5165
Jhojhanni Fiorini,Super Bowl 2026: a qué hora es el show de Bad Bunny y dónde verlo en República Dominicana,sport business,2026-02-06T13:05:57-04:00,False,,/empresas/sport-business/super-bowl-2026-a-que-hora-es-el-show-de-bad-bunny-y-donde-verlo-en-republica-dominicana/,5163
Andrea Mercedes,¿Quién ganará las elecciones en Perú? Lo que revelan las últimas encuestas del balotaje,daily news,2026-06-01T14:04:22-04:00,False,,/money-invest/daily-news/quien-ganara-las-elecciones-en-peru-lo-que-revelan-las-ultimas-encuestas-del-balotaje/,5136
Jhojhanni Fiorini,Resultados de la lotería nacional del martes 10 de marzo de 2026,actualidad,2026-03-11T10:10:42-04:00,False,,/actualidad/resultados-de-la-loteria-nacional-del-martes-10-de-marzo-de-2026/,5106
Jhojhanni Fiorini,Resultados de la lotería nacional del domingo 12 de abril de 2026,actualidad,2026-04-13T08:53:01-04:00,False,,/actualidad/resultados-de-la-loteria-nacional-del-domingo-12-de-abril-de-2026/,5060
Elba Reyes,Bono Madre 2026 en República Dominicana: requisitos y quiénes serán beneficiadas,daily news,2026-05-26T12:09:24-04:00,False,,/money-invest/daily-news/bono-madre-2026-en-republica-dominicana-requisitos-y-quienes-seran-beneficiadas/,5015
Jhojhanni Fiorini,Así fue la participación de RD y Latinoamérica en el UAE SWAT Challenge 2026,república dominicana,2026-02-11T15:02:52-04:00,False,,/money-invest/republica-dominicana/asi-fue-la-participacion-de-rd-y-latinoamerica-en-el-uae-swat-challenge-2026/,5006
Edwin Lozada,"Semana Santa 2026: 7 cosas que no deberías hacer en Viernes Santo, según la tradición",actualidad,2026-04-03T12:36:25-04:00,False,,/lifestyle/que-no-hacer-en-semana-santa/,4945
Jhojhanni Fiorini,Resultados de la lotería nacional del miércoles 18 de marzo de 2026,actualidad,2026-03-19T09:21:13-04:00,False,,/actualidad/resultados-de-la-loteria-nacional-del-miercoles-18-de-marzo-de-2026/,4883
Jhojhanni Fiorini,Resultados de la lotería nacional del jueves 19 de marzo de 2026,actualidad,2026-03-20T09:19:40-04:00,False,,/actualidad/resultados-de-la-loteria-nacional-del-jueves-19-de-marzo-de-2026/,4882
Jhojhanni Fiorini,Resultados de la lotería nacional del jueves 05 de marzo de 2026,actualidad,2026-03-06T08:51:06-04:00,False,,/actualidad/resultados-de-la-loteria-nacional-del-jueves-05-de-marzo-de-2026/,4863
Jhojhanni Fiorini,Resultados de loterías del lunes 9 de febrero de 2026,actualidad,2026-02-10T09:34:16-04:00,False,,/money-invest/republica-dominicana/resultados-de-loterias-del-lunes-9-de-febrero-de-2026/,4847
Darling Gil,El renacer del Day-Date 40,relojes,2026-04-01T11:38:25-04:00,True,,/lifestyle/el-renacer-del-day-date-40/,4845
Jhojhanni Fiorini,Resultados de loterías del 11 de febrero de 2026,actualidad,2026-02-12T09:10:29-04:00,False,,/money-invest/republica-dominicana/resultados-de-loterias-del-11-de-febrero-de-2026/,4844
Jhojhanni Fiorini,Resultados de la lotería nacional del viernes 10 de abril de 2026,actualidad,2026-04-11T09:34:08-04:00,False,,/actualidad/resultados-de-la-loteria-nacional-del-viernes-10-de-abril-de-2026-2/,4790
Jhojhanni Fiorini,Resultados de la lotería nacional del miércoles 04 de marzo de 2026,actualidad,2026-03-05T08:28:22-04:00,False,,/actualidad/resultados-de-la-loteria-del-miercoles-04-de-marzo-de-2026/,4776
Jhojhanni Fiorini,Resultados de la lotería nacional del lunes 9 de marzo de 2026,actualidad,2026-03-10T09:19:15-04:00,False,,/actualidad/resultados-de-la-loteria-nacional-del-lunes-9-de-marzo-de-2026/,4770
Andrea Mercedes,Resultados de Leidsa del miércoles 20 de mayo de 2026,actualidad,2026-05-21T08:30:05-04:00,False,,/actualidad/resultados-de-leidsa-del-miercoles-20-de-mayo-de-2026/,4730
Jhojhanni Fiorini,Resultados de la lotería nacional del jueves 12 de marzo de 2026,actualidad,2026-03-13T10:11:47-04:00,False,,/actualidad/resultados-de-la-loteria-nacional-del-jueves-12-de-marzo-de-2026/,4656
Jhojhanni Fiorini,Filtración: el iPhone 18 Pro no tendría el cambio que todos esperaban,technology,2026-03-19T15:10:56-04:00,False,,/technology/filtracion-el-iphone-18-pro-no-tendria-el-cambio-que-todos-esperaban/,4605
Jhojhanni Fiorini,Resultados de loterías del jueves 12 de febrero de 2026,actualidad,2026-02-13T08:36:00-04:00,False,,/money-invest/republica-dominicana/resultados-de-loterias-del-jueves-12-de-febrero-de-2026/,4472
Jhojhanni Fiorini,Resultados de la lotería nacional del martes 01 de marzo de 2026,actualidad,2026-03-04T07:59:15-04:00,False,,/actualidad/resultados-de-la-loteria-nacional-del-martes-01-de-marzo-de-2026/,4402
Jhojhanni Fiorini,Resultados de la lotería nacional del lunes 16 de marzo de 2026,actualidad,2026-03-17T08:58:16-04:00,False,,/actualidad/resultados-de-la-loteria-nacional-del-lunes-16-de-marzo-de-2026/,4389
Jhojhanni Fiorini,iPhone 18 Pro: filtración revela el cambio en pantalla que transformará la experiencia visual,technology,2026-03-30T14:57:50-04:00,False,,/technology/iphone-18-pro-filtracion-revela-el-cambio-en-pantalla-que-transformara-la-experiencia-visual/,4307
Elba Reyes,Precio del dólar hoy en República Dominicana este jueves 23 de abril del 2026,money invest,2026-04-23T08:10:25-04:00,False,,/money-invest/precio-del-dolar-hoy-en-republica-dominicana-este-jueves-23-de-abril-del-2026/,4291
Jhojhanni Fiorini,Resultados de la lotería nacional del viernes 17 de abril de 2026,actualidad,2026-04-18T09:46:21-04:00,False,,/actualidad/resultados-de-la-loteria-nacional-del-viernes-17-de-abril-de-2026/,4290
Jhojhanni Fiorini,Resultados de la lotería nacional del martes 24 de febrero de 2026,actualidad,2026-02-25T08:50:49-04:00,False,,/actualidad/resultados-de-la-loteria-nacional-del-martes-24-de-febrero-de-2026/,4256
Elba Reyes,"Los 10 Rolex más caros de todos los tiempos, según subastas (con precios)",relojes,2026-02-25T15:30:39-04:00,False,,/lifestyle/relojes/los-10-rolex-mas-caros-de-todos-los-tiempos-segun-subastas-con-precios/,4163
Jhojhanni Fiorini,"Partidos de hoy, sábado 23 de mayo del 2026: horarios y canales para ver fútbol en vivo",actualidad,2026-05-23T07:50:09-04:00,False,,/actualidad/partidos-de-hoy-sabado-23-de-mayo-del-2026-horarios-y-canales-para-ver-futbol-en-vivo/,4129
Elba Reyes,Spielberg arrasa en Netflix: su nueva miniserie supera 10 millones antes de estrenarse,technology,2026-03-02T18:00:18-04:00,False,,/technology/spielberg-arrasa-en-netflix-su-nueva-miniserie-supera-10-millones-antes-de-estrenarse/,4102
Andrea Mercedes,¿Quién ganó las elecciones en Perú? Resultado final podría tardar dos semanas,daily news,2026-06-10T18:02:07-04:00,False,,/money-invest/daily-news/quien-gano-las-elecciones-en-peru-resultado-final-podria-tardar-dos-semanas/,4004
Jhojhanni Fiorini,4 motivos para esperar al iPhone 18 Pro antes de comprar el iPhone 17 Pro,technology,2026-03-09T16:03:41-04:00,False,,/technology/4-motivos-para-esperar-al-iphone-18-pro-antes-de-comprar-el-iphone-17-pro/,3994
Jhojhanni Fiorini,Números ganadores de las loterías del 14 de marzo: revisa aquí si la suerte estuvo de tu lado,actualidad,2026-03-16T08:05:13-04:00,False,,/actualidad/numeros-ganadores-de-las-loterias-del-14-de-marzo-revisa-aqui-si-la-suerte-estuvo-de-tu-lado/,3989
Jhojhanni Fiorini,Resultados de la lotería nacional del lunes 23 de febrero de 2026,actualidad,2026-02-24T09:39:27-04:00,False,,/actualidad/resultados-de-la-loteria-nacional-del-lunes-23-de-febrero-de-2026/,3954
Jhojhanni Fiorini,"Las 10 mejores universidades de España en 2026, según el QS World University Rankings",money invest,2026-02-23T13:49:49-04:00,False,,/money-invest/las-10-mejores-universidades-de-espana-en-2026-segun-el-qs-world-university-rankings/,3917
Jhojhanni Fiorini,Resultados de la lotería nacional del martes 12 de mayo de 2026,actualidad,2026-05-13T09:03:49-04:00,False,,/actualidad/resultados-de-la-loteria-nacional-del-martes-12-de-mayo-de-2026/,3905
Elba Reyes,"Clásico Mundial de Béisbol 2026: cuándo, dónde verlo en RD y a qué hora juega República Dominicana vs Nicaragua",sport business,2026-03-04T10:52:05-04:00,False,,/empresas/sport-business/clasico-mundial-de-beisbol-2026-cuando-donde-verlo-en-rd-y-a-que-hora-juega-republica-dominicana-vs-nicaragua/,3897
Jhojhanni Fiorini,Resultados de la lotería nacional del miércoles 08 de abril de 2026,actualidad,2026-04-09T07:16:21-04:00,False,,/actualidad/resultados-de-la-loteria-nacional-del-miercoles-08-de-abril-de-2026/,3878
Elba Reyes,"Clásico Mundial de Béisbol 2026: juegos de hoy, resultados y posiciones",sport business,2026-03-06T14:15:35-04:00,False,,/empresas/sport-business/clasico-mundial-de-beisbol-2026-juegos-de-hoy-resultados-y-posiciones/,3864
Jhojhanni Fiorini,iPhone 18: ¿Por qué Apple retrasó el lanzamiento del nuevo modelo base?,devices,2026-05-07T16:55:41-04:00,False,,/technology/devices/iphone-18-por-que-apple-retraso-el-lanzamiento-del-nuevo-modelo-base/,3845
Jhojhanni Fiorini,Resultados de loterías del martes 10 de febrero de 2026,actualidad,2026-02-11T08:47:55-04:00,False,,/money-invest/republica-dominicana/resultados-de-loterias-del-martes-10-de-febrero-de-2026/,3824
Elba Reyes,Síntomas del colesterol alto según Mayo Clinic: la señal que muchos no notan,salud,2026-03-04T12:56:00-04:00,False,,/medihealth/salud/sintomas-del-colesterol-alto-segun-mayo-clinic-la-senal-que-muchos-no-notan/,3791
Elba Reyes,"iPhone 18 Pro tendrá un diseño radicalmente diferente al 17 Pro, según filtraciones",devices,2026-06-17T17:45:08-04:00,False,,/technology/devices/iphone-18-pro-tendra-un-diseno-radicalmente-diferente-al-17-pro-segun-filtraciones/,3749
Jhojhanni Fiorini,"Los 10 hoteles de lujo mejor valorados de República Dominicana, según Tripadvisor",lifestyle,2026-03-06T13:31:14-04:00,False,,/lifestyle/los-10-hoteles-de-lujo-mejor-valorados-de-republica-dominicana-segun-tripadvisor/,3747
Elba Reyes,Bono Madre 2026 en República Dominicana: requisitos y quiénes serán beneficiadas,daily news,2026-05-26T12:09:24-04:00,False,,/nacional/bono-madre-2026-en-republica-dominicana-requisitos-y-quienes-seran-beneficiadas/,3742
Jhojhanni Fiorini,Resultados de la lotería de este jueves 28 de mayo de 2026,actualidad,2026-05-29T09:09:04-04:00,False,,/actualidad/resultados-de-la-loteria-de-este-jueves-28-de-mayo-de-2026/,3735
Jhojhanni Fiorini,Resultados de la lotería nacional del lunes 02 de marzo de 2026,actualidad,2026-03-03T07:56:21-04:00,False,,/actualidad/resultados-de-la-loteria-nacional-del-lunes-02-de-marzo-de-2026/,3726
Darling Gil,Valerie Grullón lidera nueva etapa en CCD,sector call center,2026-05-12T17:44:40-04:00,False,,/empresas/brand-content/valerie-grullon-lidera-nueva-etapa-en-ccd/,3683
Jhojhanni Fiorini,iPhone 18: el modelo más barato no saldrá en 2026 y ya hay fecha,technology,2026-03-17T12:16:59-04:00,False,,/technology/iphone-18-el-modelo-mas-barato-no-saldra-en-2026-y-ya-hay-fecha/,3644
Andrea Mercedes,Teleférico de Santo Domingo Oeste 2026: ¿Cuándo estará lista la Línea 3?,daily news,2026-05-20T14:56:46-04:00,False,,/money-invest/daily-news/teleferico-de-santo-domingo-oeste-2026-cuando-estara-lista-la-linea-3/,3607
Jhojhanni Fiorini,Resultados de la lotería nacional de este jueves 14 de mayo de 2026,actualidad,2026-05-15T09:15:09-04:00,False,,/actualidad/resultados-de-la-loteria-nacional-de-este-jueves-14-de-mayo-de-2026/,3539
Jhojhanni Fiorini,Resultados de la lotería nacional del lunes 20 de abril de 2026,actualidad,2026-04-21T09:09:09-04:00,False,,/actualidad/resultados-de-la-loteria-nacional-del-lunes-20-de-abril-de-2026/,3505
Jhojhanni Fiorini,Resultados de la lotería nacional del martes 17 de marzo de 2026,actualidad,2026-03-18T08:59:20-04:00,False,,/actualidad/resultados-de-la-loteria-nacional-del-martes-17-de-marzo-de-2026/,3499
Jhojhanni Fiorini,Resultados de loterías del lunes 16 de febrero de 2026,actualidad,2026-02-17T08:40:24-04:00,False,,/money-invest/republica-dominicana/resultados-de-loterias-del-lunes-16-de-febrero-de-2026/,3450
Jhojhanni Fiorini,Resultados de la lotería nacional del martes 28 de abril de 2026,actualidad,2026-04-29T08:24:38-04:00,False,,/actualidad/resultados-de-la-loteria-nacional-del-martes-28-de-abril-de-2026/,3439
Jhojhanni Fiorini,Resultados de la lotería nacional del lunes 4 de mayo de 2026,actualidad,2026-05-05T08:56:44-04:00,False,,/actualidad/resultados-de-la-loteria-nacional-del-lunes-4-de-mayo-de-2026/,3394
Jhojhanni Fiorini,Resultados de la lotería de este miércoles 27 de mayo de 2026,actualidad,2026-05-28T09:41:43-04:00,False,,/actualidad/resultados-de-la-loteria-de-este-miercoles-27-de-mayo-de-2026/,3352
Jhojhanni Fiorini,Cuándo es Semana Santa 2026 en República Dominicana: fechas oficiales y guía completa,turismo,2026-02-12T16:00:59-04:00,False,,/turismo/cuando-es-semana-santa-2026-en-republica-dominicana-fechas-oficiales-y-guia-completa/,3348
Andrea Mercedes,¿Quién va ganando la presidencia de Colombia? El empate técnico que sacude al país sehun la súltimas encuestas en Mayo,daily news,2026-05-22T13:28:44-04:00,False,,/money-invest/daily-news/quien-va-ganando-la-presidencia-de-colombia-el-empate-tecnico-que-sacude-al-pais-sehun-la-sultimas-encuestas-en-mayo/,3339
Darling Gil,Conoce a los líderes que marcan la diferencia: 100 CEO más destacados de República Dominicana,ceo edition,2026-04-17T14:16:38-04:00,False,,/mercado/conoce-a-los-lideres-que-marcan-la-diferencia-100-ceo-mas-destacados-de-republica-dominicana/,3334
Andrea Mercedes,¿Quién ganará las elecciones en Colombia? Así van los candidatos este Mayo 2026,daily news,2026-05-21T14:01:29-04:00,False,,/money-invest/daily-news/quien-ganara-las-elecciones-en-colombia-asi-van-los-candidatos-este-mayo-2026/,3327
Jhojhanni Fiorini,Resultados de la lotería nacional del miércoles 14 de abril de 2026,actualidad,2026-04-16T08:31:29-04:00,False,,/actualidad/resultados-de-la-loteria-nacional-del-martes-14-de-abril-de-2026-2/,3257
Jhojhanni Fiorini,Resultados de la lotería nacional del martes 17 de febrero de 2026,actualidad,2026-02-18T08:59:13-04:00,False,,/money-invest/republica-dominicana/resultados-de-loterias-del-martes-17-de-febrero-de-2026-2/,3236
Andrea Mercedes,Elecciones en Perú: Keiko Fujimori consolida su liderazgo en la segunda vuelta,daily news,2026-06-15T11:22:07-04:00,False,,/money-invest/daily-news/elecciones-en-peru-keiko-fujimori-consolida-su-liderazgo-en-la-segunda-vuelta/,3229
Jhojhanni Fiorini,Resultados de la lotería nacional del 28 de febrero de 2026,actualidad,2026-03-02T08:17:40-04:00,False,,/actualidad/resultados-de-la-loteria-nacional-del-28-de-febrero-de-2026/,3217
Jhojhanni Fiorini,Resultados de la lotería nacional del jueves 16 de abril de 2026,actualidad,2026-04-17T08:41:05-04:00,False,,/actualidad/resultados-de-la-loteria-nacional-del-jueves-16-de-abril-de-2026/,3194
Jhojhanni Fiorini,¿Cuándo sale el iPhone 18 Pro? Todo lo que se sabe del lanzamiento de Apple en 2026,devices,2026-06-03T13:12:39-04:00,False,,/technology/devices/cuando-sale-el-iphone-18-pro-todo-lo-que-se-sabe-del-lanzamiento-de-apple-en-2026/,3191
Elba Reyes,Clásico Mundial de Béisbol 2026: República Dominicana vs. USA cuando juegan y donde verlo en RD,sport business,2026-03-14T10:28:28-04:00,False,,/empresas/sport-business/clasico-mundial-de-beisbol-2026-republica-dominicana-vs-usa-cuando-juegan-y-donde-verlo-en-rd/,3150
Elba Reyes,iPhone 18 Pro: Apple soluciona el defecto más polémico del 17 Pro,devices,2026-06-16T15:56:43-04:00,False,,/technology/devices/iphone-18-pro-apple-soluciona-el-defecto-mas-polemico-del-17-pro/,3097
Jhojhanni Fiorini,Resultados de la lotería nacional de este martes 19 de mayo de 2026,actualidad,2026-05-20T09:19:46-04:00,False,,/actualidad/resultados-de-la-loteria-nacional-de-este-martes-19-de-mayo-de-2026-2/,3077
Jhojhanni Fiorini,Resultados de la lotería del miércoles 25 de febrero de 2026,actualidad,2026-02-26T09:47:25-04:00,False,,/actualidad/resultados-de-la-loteria-del-miercoles-25-de-febrero-de-2026/,3047
Jhojhanni Fiorini,Qué viene para Venezuela tras la caída de Maduro,internacional,2026-01-03T11:20:31-04:00,False,,/money-invest/internacional-economia/que-viene-para-venezuela-tras-la-caida-de-maduro/,3046
Andrea Mercedes,Arranca la nueva cédula el 12 de abril: estos son los centros y horarios clave,daily news,2026-04-08T17:08:10-04:00,False,,/money-invest/daily-news/arranca-la-nueva-cedula-el-12-de-abril-estos-son-los-centros-y-horarios-clave/,3025
Elba Reyes,"Clásico Mundial de Béisbol 2026: calendario completo, dónde verlo en RD y todo lo que debes saber",sport business,2026-03-02T11:12:53-04:00,False,,/empresas/sport-business/clasico-mundial-de-beisbol-2026-calendario-completo-donde-verlo-en-rd-y-todo-lo-que-debes-saber/,2987
Elba Reyes,Precio del dólar hoy en la República Dominicana este lunes 27 de abril del 2026,money invest,2026-04-27T08:18:24-04:00,False,,/money-invest/precio-del-dolar-hoy-en-la-republica-dominicana-este-lunes-27-de-abril-del-2026/,2979
Jhojhanni Fiorini,Resultados de la lotería nacional del jueves 19 de febrero de 2026 ,actualidad,2026-02-20T08:47:32-04:00,False,,/money-invest/republica-dominicana/resultados-de-la-loteria-nacional-del-jueves-19-de-febrero-de-2026/,2957
Miguel Vega,República Dominicana el poder millonario en el Clásico Mundial de Béisbol,sport business,2026-03-11T10:56:51-04:00,False,,/empresas/sport-business/republica-dominicana-el-poder-millonario-en-el-clasico-mundial-de-beisbol/,2955
Elba Reyes,WhatsApp dejará de funcionar en estos celulares desde el 1 mayo de 2026,technology,2026-04-27T16:46:54-04:00,False,,/technology/whatsapp-dejara-de-funcionar-en-estos-celulares-desde-el-1-mayo-de-2026/,2950
Jhojhanni Fiorini,"Las 10 empresas más valiosas del mundo en 2026, según el ranking por capitalización",empresas,2026-02-23T11:31:28-04:00,False,,/empresas/las-10-empresas-mas-valiosas-del-mundo-en-2026-segun-el-ranking-por-capitalizacion/,2917
Darling Gil,Punta Cana entra en la era Nadal,vida en la cima,2026-05-15T10:08:07-04:00,True,,/vida-en-la-cima/punta-cana-entra-en-la-era-nadal/,2917
Elba Reyes,La gasolina sube tras la guerra en Irán y estos países son los más afectados,money invest,2026-03-24T12:24:54-04:00,False,,/money-invest/la-gasolina-sube-tras-la-guerra-en-iran-y-estos-paises-son-los-mas-afectados/,2897
Jhojhanni Fiorini,Resultados de la lotería nacional de este miércoles 13 de mayo de 2026,actualidad,2026-05-14T10:48:25-04:00,False,,/actualidad/resultados-de-la-loteria-nacional-de-este-miercoles-13-de-mayo-de-2026/,2794
Laura Peralta,Permisología bien gestionada para la inversión,country report,2026-01-19T21:35:44-04:00,False,,/country-report/permisologia-bien-gestionada-para-la-inversion/,2760
Jhojhanni Fiorini,Resultados de las loterías del jueves 4 de junio de 2026 en República Dominicana,actualidad,2026-06-05T07:10:54-04:00,False,,/actualidad/resultados-de-las-loterias-del-jueves-4-de-junio-de-2026-en-republica-dominicana/,2718
Jhojhanni Fiorini,Días feriados 2026 en República Dominicana: calendario completo,experiencias,2025-10-03T14:50:31-04:00,False,,/lifestyle/experiencias/feriados-2026-en-republica-dominicana/,2673
Elba Reyes,Empresas conocidas que se declararon en quiebra en 2025: los casos más impactantes,empresas,2026-01-21T14:53:08-04:00,False,,/empresas/empresas-conocidas-que-se-declararon-en-quiebra-en-2025-los-casos-mas-impactantes/,2669
Elba Reyes,Elly De La Cruz hace historia: primer dominicano con 10 jonrones en la temporada,actualidad,2026-05-04T13:00:46-04:00,False,,/actualidad/elly-de-la-cruz-hace-historia-primer-dominicano-con-10-jonrones-en-la-temporada/,2666
Jhojhanni Fiorini,iPhone 18 Pro: así funciona el cambio en cámara que Apple por fin implementa,technology,2026-04-20T12:18:12-04:00,False,,/technology/iphone-18-pro-asi-funciona-el-cambio-en-camara-que-apple-por-fin-implementa/,2665
Jhojhanni Fiorini,"Apple prepara un cambio clave en el iPhone 18, según nuevas filtraciones",technology,2026-04-03T09:30:35-04:00,False,,/technology/apple-prepara-un-cambio-clave-en-el-iphone-18-segun-nuevas-filtraciones/,2652
Elba Reyes,Eclipse solar 2026 hoy: a qué hora se verá y en qué países oscurecerá,actualidad,2026-04-30T14:32:02-04:00,False,,/actualidad/eclipse-solar-2026-hoy-a-que-hora-se-vera-y-en-que-paises-oscurecera/,2613
Edwin Lozada,"Terremotos de 7,2 y 7,5 sacuden Venezuela: suben a 164 los muertos y continúan los rescates",daily news,2026-06-24T18:53:44-04:00,False,,/money-invest/daily-news/fuerte-temblor-venezuela-caracas-hoy-24-de-junio/,2602
Elba Reyes,Las 10 mujeres más ricas del mundo al cierre de 2025,mercado women,2026-01-01T13:27:20-04:00,False,,/mercado-women/las-10-mujeres-mas-ricas-del-mundo-al-cierre-de-2025/,2546
Jhojhanni Fiorini,Resultados de la lotería nacional del miércoles 22 de abril de 2026,actualidad,2026-04-23T08:53:25-04:00,False,,/actualidad/resultados-de-la-loteria-nacional-del-miercoles-22-de-abril-de-2026/,2543
Andrea Mercedes,Puerto espacial de US$600 millones en RD entra en la estrategia de EE. UU. frente a China,daily news,2026-03-26T18:16:44-04:00,False,,/money-invest/daily-news/puerto-espacial-de-us600-millones-en-rd-entra-en-la-estrategia-de-ee-uu-frente-a-china/,2486
Elba Reyes,"Clásico Mundial de Béisbol 2026: así se jugarán los cuartos de final, ¿contra quién juega República Dominicana?",sport business,2026-03-12T11:48:56-04:00,False,,/empresas/sport-business/clasico-mundial-de-beisbol-2026-asi-se-jugaran-los-cuartos-de-final-contra-quien-juega-republica-dominicana/,2482
Jhojhanni Fiorini,Salario mínimo en Venezuela vs República Dominicana: cuánto gana hoy cada trabajador,daily news,2026-05-01T18:13:13-04:00,False,,/money-invest/internacional-economia/salario-minimo-en-venezuela-vs-republica-dominicana-cuanto-gana-hoy-cada-trabajador/,2471
Jhojhanni Fiorini,Precio de la gasolina en República Dominicana hoy,república dominicana,2026-03-25T10:57:49-04:00,False,,/money-invest/republica-dominicana/precio-de-la-gasolina-en-republica-dominicana-hoy/,2459
Elba Reyes,"MLB Opening Day 2026: cuándo empieza, a qué hora y dónde verlo en RD",sport business,2026-03-19T11:27:38-04:00,False,,/empresas/sport-business/mlb-opening-day-2026-cuando-empieza-a-que-hora-y-donde-verlo-en-rd/,2455
Elba Reyes,Precio del dólar hoy en la República Dominicana este martes 5 de mayo del 2026,money invest,2026-05-05T10:34:33-04:00,False,,/money-invest/precio-del-dolar-hoy-en-la-republica-dominicana-este-martes-5-de-mayo-del-2026/,2434
Jhojhanni Fiorini,Resultados de la lotería nacional del martes 21 de abril de 2026,actualidad,2026-04-22T08:51:20-04:00,False,,/actualidad/resultados-de-la-loteria-nacional-del-martes-21-de-abril-de-2026/,2390
Jhojhanni Fiorini,El nuevo iPhone 18 Pro cambiaría uno de sus rasgos más icónicos y no todos están de acuerdo,technology,2026-04-06T13:22:15-04:00,False,,/technology/el-nuevo-iphone-18-pro-cambiaria-uno-de-sus-rasgos-mas-iconicos-y-no-todos-estan-de-acuerdo/,2354
Jhojhanni Fiorini,Riesgo país en América Latina al cierre de febrero 2026: el ranking completo,money invest,2026-03-03T12:53:28-04:00,False,,/money-invest/riesgo-pais-en-america-latina-al-cierre-de-febrero-2026-el-ranking-completo/,2338
Elba Reyes,Calendario lunar 2026: los días que debes evitar para cortarte el cabello en abril de 2026,actualidad,2026-03-24T16:00:40-04:00,False,,/actualidad/calendario-lunar-2026-los-dias-que-debes-evitar-para-cortarte-el-cabello-en-abril-de-2026/,2315
Jhojhanni Fiorini,Resultados de la lotería de este martes 26 de mayo de 2026,actualidad,2026-05-27T09:12:16-04:00,False,,/actualidad/resultados-de-la-loteria-de-este-martes-26-de-mayo-de-2026/,2310
Elba Reyes,Marcas de relojes más caras del mundo 2026: el ranking del lujo extremo,relojes,2026-03-18T17:55:57-04:00,False,,/lifestyle/marcas-de-relojes-mas-caras-del-mundo-2026-el-ranking-del-lujo-extremo/,2298
Andrea Mercedes,Incendio en hotel Viva Dominicus Beach obliga a evacuar turistas en Bayahíbe,daily news,2026-06-19T17:01:49-04:00,False,,/money-invest/daily-news/incendio-en-hotel-viva-dominicus-beach-obliga-a-evacuar-turistas-en-bayahibe/,2296
Jhojhanni Fiorini,El iPhone 18 no llegaría en 2026: Filtran su nuevo diseño plegable y mejoras en hardware,technology,2026-05-10T18:56:16-04:00,False,,/technology/el-iphone-18-no-llegaria-en-2026-filtran-su-nuevo-diseno-plegable-y-mejoras-en-hardware/,2262
Jhojhanni Fiorini,Resultados de la lotería nacional del jueves 30 de abril de 2026,actualidad,2026-05-01T09:30:07-04:00,False,,/interview/resultados-de-la-loteria-nacional-del-jueves-30-de-abril-de-2026/,2243
Jhojhanni Fiorini,Los 4 países más seguros del mundo si estalla una Tercera Guerra Mundial,internacional,2026-03-04T15:30:52-04:00,False,,/money-invest/internacional-economia/los-4-paises-mas-seguros-del-mundo-si-estalla-una-tercera-guerra-mundial/,2232
Jhojhanni Fiorini,Resultados de la lotería nacional del jueves santo 02 de abril de 2026,actualidad,2026-04-03T10:14:17-04:00,False,,/actualidad/resultados-de-la-loteria-nacional-del-jueves-santo-02-de-abril-de-2026/,2221
Elba Reyes,De Cleopatra a Enriquillo: Kathleen Martínez encabeza histórica búsqueda en RD,mercado women,2026-02-19T16:46:43-04:00,False,,/mercado-women/de-cleopatra-a-enriquillo-kathleen-martinez-encabeza-historica-busqueda-en-rd/,2201
Jhojhanni Fiorini,Tiene empleo asegurado y pocos la estudian: la carrera con mayor salida laboral,empresas,2026-02-25T11:40:01-04:00,False,,/empresas/tiene-empleo-asegurado-y-pocos-la-estudian-la-carrera-con-mayor-salida-laboral/,2152
Andrea Mercedes,¿Quién va ganando en Colombia antes de la segunda vuelta del 21 de junio?,daily news,2026-06-17T15:51:40-04:00,False,,/money-invest/daily-news/quien-va-ganando-en-colombia-antes-de-la-segunda-vuelta-del-21-de-junio/,2127
Jhojhanni Fiorini,Los países de América Latina con el mayor PIB en 2024,money invest,2025-02-20T18:15:46-04:00,False,,/money-invest/los-paises-de-america-latina-con-el-mayor-pib-en-2024/,2111
Jhojhanni Fiorini,"Diez carreras que están perdiendo valor en el mercado laboral, según Harvard",empresas,2026-02-10T17:00:51-04:00,False,,/empresas/diez-carreras-que-estan-perdiendo-valor-en-el-mercado-laboral-segun-harvard/,2108
Edwin Lozada,🔴 EN VIVO; ¿Quién va ganando las elecciones en Colombia 2026?,daily news,2026-05-31T17:41:07-04:00,False,,/money-invest/daily-news/elecciones-quien-va-ganando-elecciones-colombia-2026-en-vivo/,2060
Elba Reyes,¿Quién ganará el Mundial 2026? El modelo matemático que acertó los últimos 3 campeones,actualidad,2026-05-18T15:30:55-04:00,False,,/actualidad/quien-ganara-el-mundial-2026-el-modelo-matematico-que-acerto-los-ultimos-3-campeones/,2060
Elba Reyes,WhatsApp dejará de funcionar en estos iPhone y Android desde el 1 de abril de 2026,technology,2026-03-24T17:25:48-04:00,False,,/technology/whatsapp-dejara-de-funcionar-en-estos-iphone-y-android-desde-el-1-de-abril-de-2026/,1991
Edwin Lozada,"🔴 Inauguración del Mundial 2026 EN VIVO: hora, canales y cómo verla desde República Dominicana",sport business,2026-06-10T17:39:38-04:00,False,,/empresas/sport-business/inauguracion-mundial-2026-en-vivo-hora-canales-republica-dominicana/,1976
Jhojhanni Fiorini,El iPhone 18 apunta a ser más caro y esta es la razón que preocupa a Apple,technology,2026-05-03T11:07:46-04:00,False,,/technology/el-iphone-18-apunta-a-ser-mas-caro-y-esta-es-la-razon-que-preocupa-a-apple/,1975
Jhojhanni Fiorini,¿Cuáles son los riesgos reales de usar uñas acrílicas? Lo que debes saber antes de ponértelas,medihealth,2026-02-15T09:46:37-04:00,False,,/medihealth/cuales-son-los-riesgos-reales-de-usar-unas-acrilicas-lo-que-debes-saber-antes-de-ponertelas/,1970
Rodrigo Muñoz,"Propiedades, jets y joyas: El imperio oculto de Nicolás Maduro",internacional,2025-08-14T16:24:41-04:00,False,,/money-invest/internacional-economia/propiedades-jets-y-joyas-el-imperio-oculto-de-nicolas-maduro/,1951
Elba Reyes,Precio del dólar hoy en República Dominicana este miércoles 1 de abril del 2026,money invest,2026-04-01T08:42:32-04:00,False,,/money-invest/precio-del-dolar-hoy-en-republica-dominicana-este-miercoles-1-de-abril-del-2026/,1943
Andrea Mercedes,¿Cuándo es la segunda vuelta presidencial en Colombia 2026?,daily news,2026-06-16T17:44:17-04:00,False,,/money-invest/daily-news/cuando-es-la-segunda-vuelta-presidencial-en-colombia-2026/,1934
Andrea Mercedes,¿Quién va ganando en Colombia? De la Espriella supera a Cepeda en las últimas encuestas,daily news,2026-06-15T14:55:53-04:00,False,,/money-invest/daily-news/quien-va-ganando-en-colombia-de-la-espriella-supera-a-cepeda-en-las-ultimas-encuestas/,1922
Jhojhanni Fiorini,Resultados de loterías del 8 de febrero hoy ,actualidad,2026-02-09T09:27:22-04:00,False,,/money-invest/republica-dominicana/resultados-de-loterias-del-8-de-febrero-hoy/,1921
Jhojhanni Fiorini,"Resultados Lotería Nacional del domingo 15 de febrero de 2026,  números ganadores",actualidad,2026-02-16T08:43:26-04:00,False,,/actualidad/resultados-loteria-nacional-15-febrero-2026-numeros-ganadores/,1921
Elba Reyes,¿Qué pasa si duermes con tu perro todos los días? Riesgos y beneficios según expertos,salud,2026-02-23T10:43:01-04:00,False,,/medihealth/salud/que-pasa-si-duermes-con-tu-perro-todos-los-dias-riesgos-y-beneficios-segun-expertos/,1919
Edwin Lozada,🔴 NASA en vivo: vea aquí el regreso de Artemis II a la Tierra hoy en RD,daily news,2026-04-10T19:18:22-04:00,False,,/money-invest/daily-news/nasa-en-vivo-artemis-ii-regreso-tierra-hoy-rd/,1917
Elba Reyes,Así está el dólar en RD este martes 27 de enero de 2026,money invest,2026-01-27T09:16:52-04:00,False,,/money-invest/asi-esta-el-dolar-en-rd-este-martes-27-de-enero-de-2026/,1898
Elba Reyes,República Dominicana lidera el ranking del Clásico Mundial por encima de Japón y Estados Unidos,sport business,2026-03-13T15:20:42-04:00,False,,/empresas/sport-business/republica-dominicana-lidera-el-ranking-del-clasico-mundial-por-encima-de-japon-y-estados-unidos/,1862
Edwin Lozada,Abelardo de la Espriella gana las elecciones presidenciales de Colombia 2026,daily news,2026-06-21T18:57:29-04:00,False,,/money-invest/daily-news/abelardo-de-la-espriella-gana-elecciones-colombia-2026/,1856
Elba Reyes,Estos son los celulares en los que WhatsApp dejará de funcionar en Enero de 2026,technology,2026-01-19T16:36:57-04:00,False,,/technology/estos-son-los-celulares-en-los-que-whatsapp-dejara-de-funcionar-en-enero-de-2026/,1824
Ana Sosa,EE. UU. devuelve US$166.000 millones en aranceles: el giro forzado que expone el costo real de la política comercial de Trump,money invest,2026-04-21T12:16:58-04:00,True,,/money-invest/ee-uu-devuelve-us166-000-millones-en-aranceles-el-giro-forzado-que-expone-el-costo-real-de-la-politica-comercial-de-trump/,1824
Jhojhanni Fiorini,Resultados de la lotería nacional del lunes santo 30 de marzo de 2026,actualidad,2026-03-31T08:24:37-04:00,False,,/actualidad/resultados-de-la-loteria-nacional-del-lunes-santo-30-de-marzo-de-2026/,1808
SIN_AUTOR,,,,False,,/event/meditalk-summit-santo-domingo-2026/,1795
Jhojhanni Fiorini,"El iPhone 18 Pro podría cambiar para siempre la cámara selfie, según filtraciones",technology,2026-03-04T16:00:11-04:00,False,,/technology/el-iphone-18-pro-podria-cambiar-para-siempre-la-camara-selfie-segun-filtraciones/,1788
Andrea Mercedes,Mundial 2026: las selecciones que no lograron clasificar y serán las grandes ausencias,sport business,2026-06-08T11:39:09-04:00,False,,/money-invest/daily-news/mundial-2026-las-selecciones-que-no-lograron-clasificar-y-seran-las-grandes-ausencias/,1779
Jhojhanni Fiorini,Inflación en República Dominicana cerró 2025 en 4.95 %,república dominicana,2026-01-09T09:47:32-04:00,False,,/money-invest/republica-dominicana/inflacion-en-republica-dominicana-cerro-2025-en-4-95/,1778
Jhojhanni Fiorini,Las 10 familias más ricas del mundo,empresas,2025-01-10T12:13:45-04:00,False,,/empresas/las-10-familias-mas-ricas-del-mundo/,1771
Elba Reyes,"Clásico Mundial de Béisbol 2026: República Dominicana vs. Israel, cuándo y dónde verlo",sport business,2026-03-09T09:58:50-04:00,False,,/empresas/sport-business/clasico-mundial-de-beisbol-2026-republica-dominicana-vs-israel-cuando-y-donde-verlo/,1770
Jhojhanni Fiorini,"Las 10 mejores universidades de Colombia en 2026, según el QS World University Rankings",money invest,2026-02-25T10:11:39-04:00,False,,/money-invest/las-10-mejores-universidades-de-colombia-en-2026-segun-el-qs-world-university-rankings/,1768
Jhojhanni Fiorini,Resultados de loterías del lunes 16 de febrero de 2026,actualidad,2026-02-17T08:40:24-04:00,False,,/money-invest/republica-dominicana/resultados-de-loterias-del-martes-17-de-febrero-de-2026/,1768
Andrea Mercedes,Terremoto en Venezuela: ¿hubo alerta de tsunami para República Dominicana y sigue vigente?,daily news,2026-06-25T13:35:15-04:00,False,,/money-invest/daily-news/terremoto-en-venezuela-hubo-alerta-de-tsunami-para-republica-dominicana-y-sigue-vigente/,1724
Rodrigo Muñoz,Ranking: Estos son los países con más reservas de oro en Latinoamérica,money invest,2025-05-14T11:08:09-04:00,False,,/money-invest/ranking-estos-son-los-paises-con-mas-reservas-de-oro-en-latinoamerica/,1720
Elba Reyes,Mucho más que playa: Los 8 rincones de República Dominicana que son tendencia en 2026,turismo,2026-05-27T16:52:33-04:00,False,,/turismo/mucho-mas-que-playa-los-8-rincones-de-republica-dominicana-que-son-tendencia-en-2026/,1710
Jhojhanni Fiorini,Apple lanzará un nuevo iPhone junto al iPhone 18: así será el nuevo modelo,technology,2026-04-09T12:22:53-04:00,False,,/technology/apple-lanzara-un-nuevo-iphone-junto-al-iphone-18-asi-sera-el-nuevo-modelo/,1708
Jhojhanni Fiorini,Las mejores universidades de Centroamérica en 2026: un país domina el ranking,money invest,2026-03-19T17:00:05-04:00,False,,/money-invest/las-mejores-universidades-de-centroamerica-en-2026-un-pais-domina-el-ranking/,1698
Elba Reyes,Calendario lunar abril 2026: los días que debes evitar para cortarte el cabello y depilarte,actualidad,2026-04-09T17:18:54-04:00,False,,/actualidad/calendario-lunar-abril-2026-los-dias-que-debes-evitar-para-cortarte-el-cabello-y-depilarte/,1672
Jhojhanni Fiorini,Los 10 mejores hospitales de Latinoamérica en 2025,medihealth,2025-12-25T11:30:00-04:00,False,,/medihealth/los-10-mejores-hospitales-de-latinoamerica-en-2025/,1636
Jhojhanni Fiorini,¿Subirá el precio del iPhone 18 Pro? Apple evalúa mantenerlo sin cambios,technology,2026-04-18T09:51:25-04:00,False,,/technology/subira-el-precio-del-iphone-18-pro-apple-evalua-mantenerlo-sin-cambios/,1629
Andrea Mercedes,Precios de combustibles hoy en RD: ajuste semanal incluye aumentos en gasolinas y gasoil,daily news,2026-05-06T11:12:48-04:00,False,,/money-invest/daily-news/precios-de-combustibles-hoy-en-rd-ajuste-semanal-incluye-aumentos-en-gasolinas-y-gasoil/,1627
Elba Reyes,Luna de las flores y luna azul en mayo 2026: fechas y cómo verlas en RD,actualidad,2026-05-01T11:34:55-04:00,False,,/actualidad/luna-de-las-flores-y-luna-azul-en-mayo-2026-fechas-y-como-verlas-en-rd/,1593
Andrea Mercedes,Elecciones Perú 2026: resultados y quiénes pasan a segunda vuelta hoy,daily news,2026-04-16T16:03:07-04:00,False,,/money-invest/daily-news/elecciones-peru-2026-resultados-y-quienes-pasan-a-segunda-vuelta-hoy/,1591
Rodrigo Muñoz,"Extraterrestres, política e IA: el renovado interés por Baba Vanga en 2026",actualidad,2026-02-23T18:01:22-04:00,False,,/actualidad/extraterrestres-politica-e-ia-el-renovado-interes-por-baba-vanga-en-2026/,1577
Edwin Lozada,Cierran tramo de la George Washington por el desfile militar del 27 de febrero y habilitan rutas alternas,nacional,2026-02-27T13:15:37-04:00,False,,/nacional/cierran-george-washington-desfile-militar-27-febrero-rutas-alternas/,1577
Jhojhanni Fiorini,"Las 10 mejores universidades de Estados Unidos en 2026, según el QS World University Rankings",money invest,2026-03-02T11:22:59-04:00,False,,/money-invest/las-10-mejores-universidades-de-estados-unidos-en-2026-segun-el-qs-world-university-rankings/,1570
Jhojhanni Fiorini,Giovanni Rainieri preside Inversora Playa Esmeralda en Miches,executive news,2026-03-03T11:33:56-04:00,False,,/empresas/executive-news/giovanni-rainieri-preside-inversora-playa-esmeralda-en-miches/,1567
Edwin Lozada,Ganadores del Oscar 2026: quién ganó Mejor Película y los premios clave,lifestyle,2026-03-15T23:01:38-04:00,False,,/lifestyle/ganadores-del-oscar-2026/,1557
Jhojhanni Fiorini,Historia de la bandera dominicana: un símbolo de orgullo nacional ,nacional,2024-09-05T15:06:33-04:00,False,,/nacional/historia-de-la-bandera-dominicana/,1553
Jhojhanni Fiorini,"Calendario completo del Mundial 2026: fechas, horarios y sedes de todos los partidos",actualidad,2026-06-08T12:43:40-04:00,False,,/actualidad/calendario-completo-del-mundial-2026-fechas-horarios-y-sedes-de-todos-los-partidos/,1547
Andrea Mercedes,"¿Quién va ganando las elecciones de Perú 2026? Keiko Fujimori mantiene una ventaja de casi 40,000 votos",daily news,2026-06-22T09:12:22-04:00,False,,/money-invest/daily-news/quien-va-ganando-las-elecciones-de-peru-2026-keiko-fujimori-mantiene-una-ventaja-de-casi-40000-votos/,1545
Jhojhanni Fiorini,"Partidos de hoy, sábado 16 de mayo del 2026: horarios, canales y dónde ver fútbol en vivo",actualidad,2026-05-16T07:55:42-04:00,False,,/actualidad/partidos-de-hoy-sabado-16-de-mayo-del-2026-horarios-canales-y-donde-ver-futbol-en-vivo/,1545
Elba Reyes,5 conflictos que marcarán 2026 y tensiones globales,internacional,2026-01-03T12:29:05-04:00,False,,/money-invest/internacional-economia/5-conflictos-que-marcaran-2026-y-tensiones-globales/,1535
Elba Reyes,Resultados de la Lotería Quiniela Real del miércoles 24 junio de 2026,actualidad,2026-06-25T09:08:17-04:00,False,,/actualidad/resultados-de-la-loteria-quiniela-real-del-miercoles-24-junio-de-2026/,1532
Andrea Mercedes,Gobierno de EE. UU. registra el dominio aliens.gov y genera expectativa por posible desclasificación,daily news,2026-03-19T17:26:26-04:00,False,,/money-invest/daily-news/gobierno-de-ee-uu-registra-el-dominio-aliens-gov-y-genera-expectativa-por-posible-desclasificacion/,1522
Elba Reyes,Resultados de la Lotería Quiniela Real del jueves 11 junio de 2026,actualidad,2026-06-12T09:17:32-04:00,False,,/actualidad/resultados-de-la-loteria-quiniela-real-del-jueves-11-junio-de-2026/,1520
Jhojhanni Fiorini,"Partidos de fútbol hoy, miércoles 4 de marzo de 2026. EN VIVO: horarios y canales para ver fútbol",actualidad,2026-03-04T08:25:27-04:00,False,,/actualidad/partidos-de-futbol-hoy-miercoles-4-de-marzo-de-2026-en-vivo-horarios-y-canales-para-ver-futbol/,1519
Elba Reyes,¿Quién ganará el Clásico Mundial de Béisbol 2026 según la inteligencia artificial y qué dice sobre RD?,sport business,2026-03-11T11:15:50-04:00,False,,/empresas/sport-business/quien-ganara-el-clasico-mundial-de-beisbol-2026-segun-la-inteligencia-artificial-y-que-dice-sobre-rd/,1514
Elba Reyes,Cuándo es Semana Santa 2026: fechas clave y días festivos,república dominicana,2026-03-23T12:22:25-04:00,False,,/money-invest/republica-dominicana/cuando-es-semana-santa-2026-fechas-clave-y-dias-festivos/,1503
Jhojhanni Fiorini,Los tres consejos de la madre de Bill Gates que marcaron su éxito,empresas,2026-03-10T17:18:39-04:00,False,,/empresas/los-tres-consejos-de-la-madre-de-bill-gates-que-marcaron-su-exito/,1501
Elba Reyes,Premios Soberano 2026: lista completa de ganadores por categoría,lifestyle,2026-03-19T14:23:55-04:00,False,,/lifestyle/premios-soberano-2026-lista-completa-de-ganadores-por-categoria/,1499
Karime Rivas,Cómo Dua Lipa transformó el “What Else?” de Nespresso en una declaración generacional,trends,2026-04-27T14:38:08-04:00,True,,/mercado-women/trends/dua-lipa-nespresso/,1461
Andrea Mercedes,Nueva regla Green Card 2026: Trump exige salir de EE.UU. para solicitar la residencia,daily news,2026-05-25T17:05:07-04:00,False,,/money-invest/daily-news/nueva-regla-green-card-2026-trump-exige-salir-de-ee-uu-para-solicitar-la-residencia/,1412
Elba Reyes,Ranking de camisetas del Mundial 2026: Descubre los uniformes más bonitos,actualidad,2026-06-03T17:27:02-04:00,False,,/actualidad/ranking-de-camisetas-del-mundial-2026-descubre-los-uniformes-mas-bonitos/,1400
Elba Reyes,RD presenta nuevo pasaporte electrónico con chip biométrico,república dominicana,2026-01-01T13:25:13-04:00,False,,/money-invest/republica-dominicana/rd-presenta-nuevo-pasaporte-electronico-con-chip-biometrico/,1391
Andrea Mercedes,Gobierno fija horario especial: sector público trabajará hasta el miércoles en Semana Santa 2026,daily news,2026-03-30T11:52:45-04:00,False,,/money-invest/daily-news/gobierno-fija-horario-especial-sector-publico-trabajara-hasta-el-miercoles-en-semana-santa-2026/,1390
Elba Reyes,¿Por qué se cambió el feriado del 1 de mayo al lunes 4 en República Dominicana?,actualidad,2026-04-22T11:29:31-04:00,False,,/actualidad/por-que-se-cambio-el-feriado-del-1-de-mayo-al-lunes-4-en-republica-dominicana/,1384
Elba Reyes,Calendario Lunar Junio 2026: Los días prohibidos y los mejores para cortarse el cabello,actualidad,2026-05-25T12:19:55-04:00,False,,/actualidad/calendario-lunar-junio-2026-los-dias-prohibidos-y-los-mejores-para-cortarse-el-cabello/,1384
Elba Reyes,Última hora: YouTube sufre una interrupción masiva a nivel mundial,daily news,2026-02-17T20:45:31-04:00,False,,/money-invest/happening-now/youtube-se-cae-a-nivel-mundial-falla-global-17-febrero-2026/,1384
Jhojhanni Fiorini,Precio de la gasolina en América Latina en marzo de 2026,money invest,2026-03-14T10:12:15-04:00,False,,/money-invest/precio-de-la-gasolina-en-america-latina-en-marzo-de-2026/,1381
Edwin Lozada,Elecciones Perú 2026: Keiko Fujimori lidera 50.3% con 91.9% escrutado en empate técnico,daily news,2026-06-07T23:04:10-04:00,False,,/money-invest/daily-news/keiko-fujimori-lidera-escrutinio-peru-2026/,1362
Jhojhanni Fiorini,Países más seguros de Latinoamérica para viajar según EE. UU.,actualidad,2025-08-20T14:29:10-04:00,False,,/actualidad/paises-mas-seguros-de-latinoamerica-para-viajar-segun-eeuu/,1348
Elba Reyes,Qué debes saber sobre el cambio de la cédula en República Dominicana,daily news,2026-01-30T14:22:02-04:00,False,,/money-invest/happening-now/que-debes-saber-sobre-el-cambio-de-la-cedula-en-republica-dominicana/,1346
Jhojhanni Fiorini,"Partidos de fútbol hoy, jueves 5 de marzo de 2026. EN VIVO: horarios y canales para ver fútbol",actualidad,2026-03-05T08:33:51-04:00,False,,/actualidad/partidos-de-futbol-hoy-jueves-5-de-marzo-de-2026-en-vivo-horarios-y-canales-para-ver-futbol/,1327
Rodrigo Muñoz,La caída y resurrección de LEGO: El imperio que se reconstruyó a sí mismo,brand business,2025-07-22T10:32:36-04:00,False,,/empresas/la-caida-y-resurreccion-de-lego-el-imperio-que-se-reconstruyo-a-si-mismo/,1327
Elba Reyes,Muere Anne Schedeen a los 77 años: ¿cuál fue la causa de su muerte?,actualidad,2026-06-15T14:19:09-04:00,False,,/actualidad/muere-anne-schedeen-a-los-77-anos-cual-fue-la-causa-de-su-muerte/,1286
Andrea Mercedes,Cédula en RD: cuándo necesitas cita obligatoria y cómo sacarla paso a paso,daily news,2026-04-14T14:34:29-04:00,False,,/money-invest/daily-news/cedula-en-rd-cuando-necesitas-cita-obligatoria-y-como-sacarla-paso-a-paso/,1284
Jhojhanni Fiorini,4 tierras raras claves halladas en República Dominicana ,energía y minas,2025-08-29T18:00:01-04:00,False,,/sostenibilidad/energia-y-minas/4-tierras-raras-claves-halladas-en-republica-dominicana/,1284
Jhojhanni Fiorini,Apple retrasaría el iPhone 18 base hasta 2027 y cambiaría su calendario de lanzamientos,technology,2026-03-10T12:53:18-04:00,False,,/technology/apple-retrasaria-el-iphone-18-base-hasta-2027-y-cambiaria-su-calendario-de-lanzamientos/,1277
Jhojhanni Fiorini,Resultados de la lotería nacional del miércoles 18 de febrero de 2026,actualidad,2026-02-19T09:06:51-04:00,False,,/actualidad/resultados-de-loterias-del-miercoles-18-de-febrero-de-2026/,1274
Laura Peralta,"Arte, diseño y tecnología detrás de cada proyecto",country report,2026-01-19T19:06:02-04:00,False,,/country-report/arte-diseno-y-tecnologia-detras-de-cada-proyecto/,1272
Jhojhanni Fiorini,"Resultados de las loterías que se jugaron ayer en RD: Loto Pool, Súper Kino y Quiniela Leidsa | viernes 6 de febrero",actualidad,2026-02-06T09:14:57-04:00,False,,/money-invest/republica-dominicana/resultados-de-las-loterias-que-se-jugaron-ayer-en-rd-loto-pool-super-kino-y-quiniela-leidsa-viernes-6-de-febrero/,1258
Jhojhanni Fiorini,Las 10 bolsas de valores más grandes del mundo,market brief,2025-07-24T17:01:20-04:00,False,,/market-brief/las-10-bolsas-de-valores-mas-grandes-del-mundo/,1257
Jhojhanni Fiorini,Fixture completo del Mundial 2026 con horarios para República Dominicana,actualidad,2026-06-09T13:46:35-04:00,False,,/actualidad/fixture-completo-del-mundial-2026-con-horarios-para-republica-dominicana/,1245
Jhojhanni Fiorini,Se filtran mejoras del iPhone 18 Pro y el iPhone Fold: esto cambiaría en 2026,technology,2026-04-13T11:20:32-04:00,False,,/technology/se-filtran-mejoras-del-iphone-18-pro-y-el-iphone-fold-esto-cambiaria-en-2026/,1241
Elba Reyes,¿Cómo bajar la factura de luz sin apagar el aire acondicionado este verano en RD?,actualidad,2026-06-21T11:00:37-04:00,False,,/actualidad/como-bajar-la-factura-de-luz-sin-apagar-el-aire-acondicionado-este-verano-en-rd/,1237
Andrea Mercedes,"Con el robo de 12 toneladas de chocolate, KitKat lanza rastreador para ubicar el lote",daily news,2026-04-01T17:28:12-04:00,False,,/money-invest/daily-news/con-el-robo-de-12-toneladas-de-chocolate-kitkat-lanza-rastreador-para-ubicar-el-lote/,1229
Elba Reyes,Adiós al diseño plano: la drástica razón por la que Apple agrandará la cámara trasera del iPhone 18 Pro,devices,2026-06-23T17:22:45-04:00,False,,/technology/devices/adios-al-diseno-plano-la-drastica-razon-por-la-que-apple-agrandara-la-camara-trasera-del-iphone-18-pro/,1220
Elba Reyes,Los 20 mejores anuncios de la Super Bowl 2026: las marcas que ganaron antes del partido,sport business,2026-02-09T12:06:22-04:00,False,,/empresas/sport-business/los-20-mejores-anuncios-de-la-super-bowl-2026-las-marcas-que-ganaron-antes-del-partido/,1217
Andrea Mercedes,Tasas de cambio en RD hoy 21 de abril: dólar en bancos y remesadoras,money invest,2026-04-21T09:38:01-04:00,False,,/money-invest/tasas-de-cambio-en-rd-hoy-21-de-abril-dolar-en-bancos-y-remesadoras/,1208
Jhojhanni Fiorini,Las 10 empresas más valiosas del mundo en 2025,empresas,2025-12-26T13:00:06-04:00,False,,/empresas/las-10-empresas-mas-valiosas-del-mundo-en-2025/,1206
Jhojhanni Fiorini,Google apuesta fuerte por RD: la inversión que puede cambiar el rumbo económico del país,república dominicana,2026-02-20T10:20:22-04:00,False,,/money-invest/republica-dominicana/google-impulsa-empleo-y-economia-digital-en-republica-dominicana/,1199
Jhojhanni Fiorini,Cómo invertir en criptomonedas en 2026,criptomonedas,2025-11-26T11:09:49-04:00,False,,/criptomonedas/como-invertir-en-criptomonedas-en-2026/,1198
Elba Reyes,Este es el cronograma oficial para la entrega de la nueva cédula en República Dominicana,república dominicana,2026-02-10T17:17:36-04:00,False,,/money-invest/republica-dominicana/este-es-el-cronograma-oficial-para-la-entrega-de-la-nueva-cedula-en-republica-dominicana/,1198
Jhojhanni Fiorini,Ranking de países de Latinoamérica con más IED,empresas,2025-07-20T09:05:03-04:00,False,,/empresas/ranking-de-paises-de-latinoamerica-con-mas-ied/,1187
Jhojhanni Fiorini,Eclipse solar total de 2026: cuándo ocurrirá y dónde se podrá ver,ciencia y espacio,2026-03-10T16:33:17-04:00,False,,/technology/ciencia-y-espacio/eclipse-solar-total-de-2026-cuando-ocurrira-y-donde-se-podra-ver/,1178
Jhojhanni Fiorini,Este misil nuclear israelí podría alcanzar República Dominicana: así es el Jericho III ,internacional,2026-03-02T14:43:13-04:00,False,,/money-invest/internacional-economia/este-misil-nuclear-israeli-podria-alcanzar-republica-dominicana-asi-es-el-jericho-iii/,1178
Jhojhanni Fiorini,Ranking: los países de América Latina y el Caribe donde los turistas gastan más,turismo,2026-02-01T09:02:56-04:00,False,,/turismo/ranking-los-paises-de-america-latina-y-el-caribe-donde-los-turistas-gastan-mas/,1174
Elba Reyes,Resultados MLB 2026: Juan Soto y Julio Rodríguez brillan en una jornada de jonrones,actualidad,2026-05-07T11:08:27-04:00,False,,/actualidad/resultados-mlb-2026-juan-soto-y-julio-rodriguez-brillan-en-una-jornada-de-jonrones/,1172
Elba Reyes,WhatsApp dejará de funcionar en estos celulares desde febrero de 2026,technology,2026-02-02T16:07:12-04:00,False,,/technology/whatsapp-dejara-de-funcionar-en-estos-celulares-desde-febrero-de-2026/,1167
Rodrigo Muñoz,Ranking: ¿Qué países latinoamericanos recaudan más impuestos?,money invest,2025-07-11T13:23:13-04:00,False,,/money-invest/ranking-que-paises-latinoamericanos-recaudan-mas-impuestos/,1166
Jhojhanni Fiorini,Netflix dejará de funcionar en estos televisores y celulares desde abril de 2026,technology,2026-03-25T12:59:13-04:00,False,,/technology/netflix-dejara-de-funcionar-en-estos-televisores-y-celulares-desde-abril-de-2026/,1159
Elba Reyes,"Mundial 2026: Shakira, J Balvin, Maná y todos los artistas confirmados para la ceremonia inaugural",sport business,2026-06-05T14:24:18-04:00,False,,/money-invest/daily-news/mundial-2026-shakira-j-balvin-mana-y-todos-los-artistas-confirmados-para-la-ceremonia-inaugural/,1143
Elba Reyes,Semana Santa 2026: RD prohíbe alcohol 24 horas y restringe fiestas en playas y ríos,daily news,2026-03-25T12:28:30-04:00,False,,/money-invest/daily-news/semana-santa-2026-rd-prohibe-alcohol-24-horas-y-restringe-fiestas-en-playas-y-rios/,1143
Karime Rivas,5 lecturas sugeridas por Warren Buffet y el secreto mejor guardado de su biblioteca,mercadoteca,2025-08-29T16:36:28-04:00,False,,/lifestyle/mercadoteca/lecturas-warren-buffet/,1134
Laura Peralta,Especialización técnica: un activo de la inversión,country report,2026-01-19T19:04:56-04:00,False,,/country-report/especializacion-tecnica-un-activo-de-la-inversion/,1131
Jhojhanni Fiorini,Año Nuevo lunar 2026: qué animal eres según tu fecha y qué cambios trae el Caballo de Fuego,actualidad,2026-02-18T15:00:14-04:00,False,,/actualidad/ano-nuevo-lunar-2026-que-animal-eres-segun-tu-fecha-y-que-cambios-trae-el-caballo-de-fuego/,1129
Elba Reyes,Las cuatro librerías más fascinantes del mundo que todo lector debe conocer,lifestyle,2026-01-12T13:15:57-04:00,False,,/lifestyle/las-cuatro-librerias-mas-fascinantes-del-mundo-que-todo-lector-debe-conocer/,1127
Jhojhanni Fiorini,Resultados de la lotería nacional del martes santo 01 de abril de 2026,actualidad,2026-04-01T08:31:17-04:00,False,,/actualidad/resultados-de-la-loteria-nacional-del-martes-santo-01-de-abril-de-2026/,1122
Elba Reyes,Los 8 mejores hoteles en Santiago de los Caballeros según Tripadvisor en 2026,lifestyle,2026-03-10T17:00:25-04:00,False,,/lifestyle/los-8-mejores-hoteles-en-santiago-de-los-caballeros-segun-tripadvisor-en-2026/,1120
Elba Reyes,La muerte de la Isla Dinámica: El iPhone 18 Pro esconderá el Face ID bajo la pantalla,devices,2026-05-13T16:24:20-04:00,False,,/technology/devices/la-muerte-de-la-isla-dinamica-el-iphone-18-pro-escondera-el-face-id-bajo-la-pantalla/,1115
Jhojhanni Fiorini,Resultados de la lotería nacional del martes 14 de abril de 2026,actualidad,2026-04-15T10:49:58-04:00,False,,/actualidad/resultados-de-la-loteria-nacional-del-martes-14-de-abril-de-2026/,1112
Andrea Mercedes,Elecciones Perú 2026: así queda la Cámara de Diputados según el conteo al 100% de la ONPE,daily news,2026-06-15T16:34:32-04:00,False,,/money-invest/daily-news/elecciones-peru-2026-asi-queda-la-camara-de-diputados-segun-el-conteo-al-100-de-la-onpe/,1110
Miguel Vega,Estas fueron las 10 navieras que dominaron el comercio mundial en 2025,e-commerce,2026-02-16T14:05:01-04:00,False,,/transporte-y-logistica/10-navieras-mas-grandes-del-mundo-2025/,1106
Jhojhanni Fiorini,Los países más pacíficos de América Latina en 2025 ,actualidad,2025-09-02T11:24:19-04:00,False,,/actualidad/los-paises-mas-pacificos-de-america-latina-en-2025/,1095
Andrea Mercedes,"Arranca la fase más exigente de la evaluación docente en RD: 78,460 maestros bajo revisión",daily news,2026-05-06T15:16:38-04:00,False,,/money-invest/daily-news/arranca-la-fase-mas-exigente-de-la-evaluacion-docente-en-rd-78460-maestros-bajo-revision/,1087
Jhojhanni Fiorini,¿Adiós al naranja? El iPhone 18 Pro estrenaría un color nunca antes visto en septiembre 2026,devices,2026-06-15T17:32:54-04:00,False,,/technology/devices/adios-al-naranja-el-iphone-18-pro-estrenaria-un-color-nunca-antes-visto-en-septiembre-2026/,1071
Rodrigo Muñoz,Índice Global de Innovación 2025: Ranking de los líderes mundiales y América Latina,ia + innovation,2025-09-22T14:57:05-04:00,False,,/technology/ia-innovation/indice-global-de-innovacion-2025-donde-se-ubican-los-lideres-mundiales-y-america-latina-en-el-ranking/,1067
Elba Reyes,Estas profesiones podrían desaparecer por la inteligencia artificial antes de 2030,empresas,2026-01-30T15:00:55-04:00,False,,/empresas/estas-profesiones-podrian-desaparecer-por-la-inteligencia-artificial-antes-de-2030/,1064
Jhojhanni Fiorini,"Partidos de fútbol hoy, martes 3 de marzo de 2026 EN VIVO: horarios y canales para ver fútbol",actualidad,2026-03-03T08:14:44-04:00,False,,/actualidad/partidos-de-futbol-hoy-martes-3-de-marzo-de-2026-en-vivo-horarios-y-canales-para-ver-futbol/,1063
Edwin Lozada,Clásico Mundial 2026: Estados Unidos elimina a República Dominicana en semifinales,sport business,2026-03-15T23:22:08-04:00,False,,/empresas/sport-business/republica-dominicana-vs-estados-unidos-clasico-mundial-2026/,1057
Elba Reyes,Precio del dólar en República Dominicana hoy: lunes 16 de febrero 2026,money invest,2026-02-16T08:58:57-04:00,False,,/money-invest/precio-del-dolar-en-republica-dominicana-hoy-lunes-16-de-febrero-2026/,1054
Jhojhanni Fiorini,Las mejores universidades del mundo en 2026 según el QS World University Rankings,money invest,2026-02-12T17:00:08-04:00,False,,/money-invest/las-mejores-universidades-del-mundo-en-2026-segun-el-qs-world-university-rankings/,1050
Elba Reyes,Países a los que puedes viajar sin visa desde República Dominicana en abril 2026,turismo,2026-04-10T12:30:30-04:00,False,,/lifestyle/paises-a-los-que-puedes-viajar-sin-visa-desde-republica-dominicana-en-abril-2026/,1048
Elba Reyes,Precio del dólar hoy en República Dominicana este martes 3 de marzo del 2026,money invest,2026-03-03T08:39:41-04:00,False,,/money-invest/precio-del-dolar-hoy-en-republica-dominicana-este-martes-3-de-marzo-del-2026/,1042
Jhojhanni Fiorini,La IA predice las 4 criptomonedas nuevas que podrían dispararse en 2026,criptomonedas,2025-11-21T09:07:49-04:00,False,,/criptomonedas/la-ia-predice-las-4-criptomonedas-nuevas-que-podrian-dispararse-en-2026/,1041
Jhojhanni Fiorini,Las mejores universidades de América Latina en el QS World University Rankings 2026,money invest,2026-02-13T12:00:54-04:00,False,,/money-invest/las-mejores-universidades-de-america-latina-en-el-qs-world-university-rankings-2026/,1040
Elba Reyes,Qué es Claude AI y por qué está ganando terreno frente a ChatGPT y Google,technology,2026-04-14T18:00:54-04:00,False,,/technology/que-es-claude-ai-y-por-que-esta-ganando-terreno-frente-a-chatgpt-y-google/,1040
Jhojhanni Fiorini,¿Por qué la Semana Santa cambia de fecha en 2026? El motivo que pocos conocen,turismo,2026-02-19T15:30:26-04:00,False,,/turismo/por-que-la-semana-santa-cambia-de-fecha-en-2026-el-motivo-que-pocos-conocen/,1038
Jhojhanni Fiorini,Ranking La Liste 2026: los 10 mejores restaurantes del mundo y dónde se encuentran,lifestyle,2026-02-26T13:24:44-04:00,False,,/lifestyle/ranking-la-liste-2026-los-10-mejores-restaurantes-del-mundo-y-donde-se-encuentran/,1033
Elba Reyes,Precio del dólar hoy en República Dominicana: Martes 17 de febrero de 2026,money invest,2026-02-17T08:38:38-04:00,False,,/money-invest/precio-del-dolar-hoy-en-republica-dominicana-martes-17-de-febrero-de-2026/,1024
Jhojhanni Fiorini,Ranking de las principales empresas de videojuegos en 2025,technology,2025-12-22T18:00:40-04:00,False,,/technology/ranking-de-las-principales-empresas-de-videojuegos-en-2025/,1022
Jhojhanni Fiorini,Las 10 mejores películas de Steven Spielberg que debes ver en 2026,lifestyle,2026-03-06T10:47:48-04:00,False,,/lifestyle/las-10-mejores-peliculas-de-steven-spielberg-que-debes-ver-en-2026/,1014
Elba Reyes,Precio del dólar hoy en República Dominicana este viernes 20 de febrero de 2026,money invest,2026-02-20T08:43:00-04:00,False,,/money-invest/precio-del-dolar-hoy-en-republica-dominicana-este-viernes-20-de-febrero-de-2026/,1014
Elba Reyes,Horóscopo chino mayo 2026: ¿Cuáles son los 3 signos que tendrán éxito este mes?,actualidad,2026-05-07T17:35:12-04:00,False,,/actualidad/horoscopo-chino-mayo-2026-cuales-son-los-3-signos-que-tendran-exito-este-mes/,1013
Andrea Mercedes,Elecciones Perú 2026: ¿cuántos votos le faltan a Fujimori para ser presidenta?,daily news,2026-06-12T15:16:35-04:00,False,,/money-invest/daily-news/elecciones-peru-2026-cuantos-votos-le-faltan-a-fujimori-para-ser-presidenta/,1012
Karime Rivas,80 millones por una prenda: cómo Kim Kardashian convirtió el archivo de Galliano en un activo financiero,trends,2026-03-31T16:16:37-04:00,False,,/mercado-women/trends/kim-kardashian-subasta-galliano/,992
Rodrigo Muñoz,"Las claves detrás del arresto de Melitón Cordero, el supervisor de la DEA en República Dominicana",empresas,2026-02-13T11:41:58-04:00,False,,/empresas/meliton-cordero-arresto-cierre-dea-republica-dominicana/,989
Elba Reyes,Qué es el Foro de Davos 2026 y por qué concentra a los líderes más influyentes del mundo,internacional,2026-01-19T14:40:42-04:00,False,,/money-invest/que-es-el-foro-de-davos-2026-y-por-que-concentra-a-los-lideres-mas-influyentes-del-mundo/,987
Elba Reyes,Resultados de la Lotería Quiniela Real del domingo 7 junio de 2026,actualidad,2026-06-08T08:55:19-04:00,False,,/actualidad/resultados-de-la-loteria-quiniela-real-del-domingo-7-junio-de-2026/,983
Elba Reyes,Los países más seguros del mundo en 2026: estos lideran el ranking global,lifestyle,2026-03-06T12:54:06-04:00,False,,/lifestyle/los-paises-mas-seguros-del-mundo-en-2026-estos-lideran-el-ranking-global/,981
SIN_AUTOR,,,,False,,/event/meditalk-summit-region-norte-2026/,979
Jhojhanni Fiorini,Filtración del iPhone 18 Pro: Así es la &#8216;supercámara&#8217; que obligó a Apple a agrandar sus fundas,devices,2026-06-01T08:37:15-04:00,False,,/technology/devices/filtracion-del-iphone-18-pro-asi-es-la-supercamara-que-obligo-a-apple-a-agrandar-sus-fundas/,977
Elba Reyes,Calendario lunar mayo 2026: qué días evitar para cortarse el cabello,actualidad,2026-05-02T09:00:35-04:00,False,,/actualidad/calendario-lunar-mayo-2026-que-dias-evitar-para-cortarse-el-cabello/,973
Elba Reyes,"Las curiosidades que nadie te cuenta de Artemis II: comida, baño y vida real en la misión",ciencia y espacio,2026-04-02T12:02:22-04:00,False,,/technology/ciencia-y-espacio/las-curiosidades-que-nadie-te-cuenta-de-artemis-ii-comida-bano-y-vida-real-en-la-mision/,968
Andrea Mercedes,Trump revela documentos sobre OVNIs y vida extraterrestre tras proceso de desclasificación,daily news,2026-04-21T11:07:54-04:00,False,,/money-invest/daily-news/trump-revela-documentos-sobre-ovnis-y-vida-extraterrestre-tras-proceso-de-desclasificacion/,967
Jhojhanni Fiorini,Riesgo país en América Latina enero 2026: qué países bajaron y quién sigue en zona crítica,money invest,2026-02-16T13:30:24-04:00,False,,/money-invest/riesgo-pais-en-america-latina-enero-2026-que-paises-bajaron-y-quien-sigue-en-zona-critica/,961
Jhojhanni Fiorini,Quiénes son los 10 más ricos de Latinoamérica en 2026 y de cuánto es su fortuna,empresas,2026-02-03T17:26:01-04:00,False,,/empresas/quienes-son-los-10-mas-ricos-de-latinoamerica-en-2026-y-de-cuanto-es-su-fortuna/,959
Jhojhanni Fiorini,Repechaje Mundial 2026: partidos clave y horarios,actualidad,2026-03-30T10:48:54-04:00,False,,/actualidad/repechaje-mundial-2026-partidos-clave-y-horarios/,956
Jhojhanni Fiorini,Resultados de la lotería hoy jueves 5 de febrero de 2026,actualidad,2026-02-05T11:01:41-04:00,False,,/actualidad/resultados-de-la-loteria-hoy-jueves-5-de-febrero-de-2026/,953
Jhojhanni Fiorini,Nuevo aumento de los combustibles en junio en República Dominicana,república dominicana,2026-06-01T11:32:41-04:00,False,,/money-invest/republica-dominicana/nuevo-aumento-de-los-combustibles-en-junio-en-republica-dominicana/,951
Andrea Mercedes,"Elecciones colombia 2026: Abelardo de la Espriella vs. Iván Cepeda, el duelo de extremos que definirá el rumbo del país",daily news,2026-05-29T17:05:49-04:00,False,,/money-invest/daily-news/elecciones-colombia-2026-abelardo-de-la-espriella-vs-ivan-cepeda-el-duelo-de-extremos-que-definira-el-rumbo-del-pais/,937
Andrea Mercedes,Top 20: estas son las mejores películas de Chuck Norris según IMDb,lifestyle,2026-03-20T16:45:57-04:00,False,,/lifestyle/top-20-estas-son-las-mejores-peliculas-de-chuck-norris-segun-imdb/,937
Andrea Mercedes,Nueva cédula en RD: quienes no estén en su mes deberán ir de madrugada,daily news,2026-03-17T16:45:49-04:00,False,,/money-invest/daily-news/nueva-cedula-en-rd-quienes-no-esten-en-su-mes-deberan-ir-de-madrugada/,932
Elba Reyes,Las 7 películas más esperadas del 2026,lifestyle,2026-01-07T10:25:41-04:00,False,,/lifestyle/las-7-peliculas-mas-esperadas-del-2026/,926
Elba Reyes,"Super Bowl LX fue el segundo más visto, según Nielsen, y Bad Bunny no superó el récord de Kendrick Lamar",daily news,2026-02-11T12:05:09-04:00,False,,/money-invest/happening-now/super-bowl-lx-fue-el-segundo-mas-visto-segun-nielsen-y-bad-bunny-no-supero-el-record-de-kendrick-lamar/,923
Jhojhanni Fiorini,El dólar cae a RD$ 59 en República Dominicana y marca su nivel más bajo en ocho meses,money invest,2026-03-09T15:47:35-04:00,False,,/money-invest/el-dolar-cae-a-rd-59-en-republica-dominicana-y-marca-su-nivel-mas-bajo-en-ocho-meses/,919
Andrea Mercedes,Cedulación en RD arranca en abril: esto debes hacer si naciste entre enero y marzo,daily news,2026-03-19T11:35:59-04:00,False,,/money-invest/daily-news/cedulacion-en-rd-arranca-en-abril-esto-debes-hacer-si-naciste-entre-enero-y-marzo/,919
Rodrigo Muñoz,"Países más ricos de Latinoamérica 2024, según su PIB per cápita",money invest,2024-10-01T09:52:38-04:00,False,,/money-invest/ranking-paises-mas-ricos-de-latam-2024/,918
Elba Reyes,Qué es el «Parche Debut» del Mundial 2026 y por qué Messi y Cristiano usan uno diferente,actualidad,2026-06-12T16:57:30-04:00,False,,/actualidad/que-es-el-parche-debut-del-mundial-2026-y-por-que-messi-y-cristiano-usan-uno-diferente/,917
Jhojhanni Fiorini,Google anuncia inversión histórica de US$ 500 millones en República Dominicana,empresas,2026-02-19T11:30:39-04:00,False,,/empresas/google-anuncia-inversion-historica-de-us-500-millones-en-republica-dominicana/,916
Jhojhanni Fiorini,Las profesiones mejor pagadas hacia 2026 y qué carreras conviene estudiar hoy,empresas,2026-01-28T17:00:07-04:00,False,,/empresas/las-profesiones-mejor-pagadas-hacia-2026-y-que-carreras-conviene-estudiar-hoy/,916
Elba Reyes,"Las 10 joyas más valiosas del mundo, desde US$23 millones hasta US$300 millones",lifestyle,2026-03-01T10:00:51-04:00,False,,/lifestyle/las-10-joyas-mas-valiosas-del-mundo-desde-us23-millones-hasta-us300-millones/,915
Rodrigo Muñoz,"Los 10 atletas mejor pagados de 2025: Fortunas, récords y negocios",sport business,2025-08-18T17:36:37-04:00,False,,/empresas/sport-business/los-10-atletas-mejor-pagados-de-2025-fortunas-records-y-negocios/,913
Jhojhanni Fiorini,Inflación del 600 % en Venezuela agrava la escasez de dólares y frena la recuperación,money invest,2026-03-16T11:25:10-04:00,False,,/money-invest/inflacion-del-600-en-venezuela-agrava-la-escasez-de-dolares-y-frena-la-recuperacion/,909
Jhojhanni Fiorini,Repechaje UEFA al Mundial 2026: calendario y clasificados,actualidad,2026-03-26T10:06:09-04:00,False,,/actualidad/repechaje-uefa-al-mundial-2026-calendario-y-clasificados/,906
Jhojhanni Fiorini,Precio gasolina RD: sube RD$ 5.00 y se amplían las alzas en combustibles,money invest,2026-03-17T11:27:06-04:00,False,,/money-invest/precio-gasolina-rd-sube-rd-5-00-y-se-amplian-las-alzas-en-combustibles/,902
Darling Gil,Dave &#038; Buster’s llega a República Dominicana con su primera sede en Santo Domingo,experiencias,2026-01-30T17:17:47-04:00,False,,/lifestyle/dave-busters-llega-a-republica-dominicana-con-su-primera-sede-en-santo-domingo/,902
Karime Rivas,20 alimentos que debes evitar si tienes hipertensión,medihealth,2024-10-07T18:59:30-04:00,False,,/medihealth/20-alimentos-que-debes-evitar-si-tienes-hipertension/,899
Andrea Mercedes,Elecciones en Perú 2026: ¿Quién ganará entre Keiko Fujimori y Roberto Sánchez?,daily news,2026-05-07T16:23:48-04:00,False,,/money-invest/daily-news/elecciones-en-peru-2026-quien-ganara-entre-keiko-fujimori-y-roberto-sanchez/,897
Elba Reyes,Zara rompe con su historia en España y toma una decisión sin precedentes,empresas,2026-01-16T13:11:14-04:00,False,,/empresas/zara-rompe-con-su-historia-en-espana-y-toma-una-decision-sin-precedentes/,891
Elba Reyes,Cédula dominicana en el exterior desde mayo: cómo sacar la cita,daily news,2026-04-24T16:52:02-04:00,False,,/money-invest/daily-news/cedula-dominicana-en-el-exterior-desde-mayo-como-sacar-la-cita/,890
Jhojhanni Fiorini,El pez diablo ya está en RD y preocupa por su impacto en ríos y pescadores,sostenibilidad,2026-04-07T16:17:05-04:00,False,,/sostenibilidad/el-pez-diablo-ya-esta-en-rd-y-preocupa-por-su-impacto-en-rios-y-pescadores/,886
Jhojhanni Fiorini,Estados Unidos elimina el pasaporte para ciertos viajeros en vuelos nacionales: quiénes pueden volar sin él,internacional,2026-03-10T15:31:19-04:00,False,,/money-invest/internacional-economia/estados-unidos-elimina-el-pasaporte-para-ciertos-viajeros-en-vuelos-nacionales-quienes-pueden-volar-sin-el/,882
Jhojhanni Fiorini,El inesperado impacto de quitar las amígdalas en la infancia ,medihealth,2024-12-30T12:03:30-04:00,False,,/medihealth/el-inesperado-impacto-de-quitar-las-amigdalas-en-la-infancia/,871
Elba Reyes,Vaguada mantiene aguaceros este miércoles 8 de abril y obliga a suspender la docencia en el Gran Santo Domingo y otras provincias,daily news,2026-04-08T09:06:07-04:00,False,,/money-invest/daily-news/vaguada-mantiene-aguaceros-este-miercoles-8-de-abril-y-obliga-a-suspender-la-docencia-en-el-gran-santo-domingo-y-otras-provincias/,871
Jhojhanni Fiorini,"Partidos de fútbol hoy, viernes 6 de marzo de 2026. EN VIVO: horarios y canales para ver fútbol",actualidad,2026-03-06T08:55:58-04:00,False,,/actualidad/partidos-de-futbol-hoy-viernes-6-de-marzo-de-2026-en-vivo-horarios-y-canales-para-ver-futbol/,871
Elba Reyes,Precio del dólar hoy en República Dominicana: este jueves 12 de febrero de 2026,money invest,2026-02-12T08:47:49-04:00,False,,/money-invest/precio-del-dolar-hoy-en-republica-dominicana-este-jueves-12-de-febrero-de-2026/,869
Elba Reyes,"Clima en RD viernes 10, sábado 11 y domingo 12 abril 2026: vaguada prefrontal trae lluvias este fin de semana local",actualidad,2026-04-10T09:52:47-04:00,False,,/actualidad/clima-en-rd-viernes-10-sabado-11-y-domingo-12-abril-2026-vaguada-prefrontal-trae-lluvias-este-fin-de-semana-local/,868
Elba Reyes,No compres el iPhone 17: este es el modelo que sí vale la pena antes del iPhone 18,technology,2026-03-24T18:00:31-04:00,False,,/technology/no-compres-el-iphone-17-este-es-el-modelo-que-si-vale-la-pena-antes-del-iphone-18/,859
Jhojhanni Fiorini,El nuevo color del iPhone 18 Pro se filtra y Android lo imita antes de su lanzamiento,technology,2026-04-14T17:40:30-04:00,False,,/technology/el-nuevo-color-del-iphone-18-pro-se-filtra-y-android-lo-imita-antes-de-su-lanzamiento/,854
Jhojhanni Fiorini,¿Cuánto costará el iPhone 18 Pro y Pro Max en República Dominicana? Esto se sabe,technology,2026-04-16T13:16:04-04:00,False,,/technology/cuanto-costara-el-iphone-18-pro-y-pro-max-en-republica-dominicana-esto-se-sabe/,849
Rodrigo Muñoz,McDonald’s vs Burger King: una batalla que transformó la industria de la comida rápida,brand business,2025-03-10T11:06:59-04:00,False,,/empresas/brand-business/mcdonalds-vs-burger-king-una-batalla-que-transformo-la-industria-de-la-comida-rapida/,849
Jhojhanni Fiorini,Gen Z reduce el consumo y desploma el valor del sector alcohol en Wall Street,money invest,2026-02-23T17:27:56-04:00,False,,/money-invest/gen-z-reduce-el-consumo-y-desploma-el-valor-del-sector-alcohol-en-wall-street/,848
SIN_AUTOR,,,,False,404 Client Error: Not Found for url: https://revistamercado.do/empresas/estas-son-las-tarjetas-de-credito-mas-exclusivas-del-mundo-en-2026-y-lo-que-exigen-para-obtenerlas/,/empresas/estas-son-las-tarjetas-de-credito-mas-exclusivas-del-mundo-en-2026-y-lo-que-exigen-para-obtenerlas/,844
Elba Reyes,"La lujosa vida de Jorge M. Pérez: patrimonio, arte y mansiones en Miami",lifestyle,2025-12-12T16:36:43-04:00,False,,/lifestyle/la-lujosa-vida-de-jorge-m-perez-patrimonio-arte-y-mansiones-en-miami/,840
Jhojhanni Fiorini,Los mejores pasaportes de Latinoamérica,turismo,2025-02-28T16:44:33-04:00,False,,/turismo/los-mejores-pasaportes-de-latinoamerica/,839
Elba Reyes,Cierran 267 playas y balnearios en RD por Semana Santa: revisa cuáles no podrás usar,daily news,2026-03-26T12:34:55-04:00,False,,/money-invest/daily-news/cierran-267-playas-y-balnearios-en-rd-por-semana-santa-revisa-cuales-no-podras-usar/,839
Elba Reyes,Soñar que estás embarazada sin estarlo: el significado que pocos conocen,medihealth,2026-02-16T10:16:32-04:00,False,,/medihealth/sonar-que-estas-embarazada-sin-estarlo-el-significado-que-pocos-conocen/,835
Jhojhanni Fiorini,El iPhone plegable de Apple no será como esperas: así se compara con el 18 Pro Max,technology,2026-04-22T11:19:44-04:00,False,,/technology/el-iphone-plegable-de-apple-no-sera-como-esperas-asi-se-compara-con-el-18-pro-max/,835
Andrea Mercedes,Elecciones Perú 2026:¿Qué pasará con el dólar en Perú si gana Roberto Sánchez el 7 de junio?,daily news,2026-06-02T12:05:41-04:00,False,,/money-invest/daily-news/elecciones-peru-2026que-pasara-con-el-dolar-en-peru-si-gana-roberto-sanchez-el-7-de-junio/,834
Elba Reyes,Precio del dólar hoy en República Dominicana este lunes 9 de marzo de 2026,money invest,2026-03-09T08:29:38-04:00,False,,/money-invest/precio-del-dolar-hoy-en-republica-dominicana-este-lunes-9-de-marzo-de-2026/,831
Rodrigo Muñoz,Las ciudades más ricas del mundo en 2025,lifestyle,2025-04-11T15:29:14-04:00,False,,/lifestyle/las-ciudades-mas-ricas-del-mundo-en-2025/,828
Jhojhanni Fiorini,Cómo la sostenibilidad redefine la competitividad dominicana,sostenibilidad,2026-01-12T15:58:34-04:00,False,,/sostenibilidad/como-la-sostenibilidad-redefine-la-competitividad-dominicana/,827
Elba Reyes,Resultados de la Lotería Quiniela Real del domingo 14 junio de 2026,actualidad,2026-06-15T09:08:38-04:00,False,,/actualidad/resultados-de-la-loteria-quiniela-real-del-domingo-14-junio-de-2026/,827
Elba Reyes,¿Cuándo le corresponde renovar la nueva cédula en RD según su mes de nacimiento?,daily news,2026-04-16T17:02:04-04:00,False,,/money-invest/daily-news/cuando-le-corresponde-renovar-la-nueva-cedula-en-rd-segun-su-mes-de-nacimiento/,820
Jhojhanni Fiorini,Mundial 2026: por qué República Dominicana está en la geopolítica del torneo aunque no esté en la cancha,república dominicana,2026-06-12T16:05:22-04:00,False,,/money-invest/republica-dominicana/mundial-2026-por-que-republica-dominicana-esta-en-la-geopolitica-del-torneo-aunque-no-este-en-la-cancha/,812
Jhojhanni Fiorini,Riesgo país en América Latina: quiénes caen y quiénes resisten,money invest,2025-12-18T16:05:21-04:00,False,,/money-invest/riesgo-pais-en-america-latina-quienes-caen-y-quienes-resisten/,807
revistamercado,"La ventaja competitiva de Coca-Cola, explicada por su CEO",empresas,2024-02-20T11:56:47-04:00,False,,/empresas/estrategia-coca-cola-ceo/,795
Rodrigo Muñoz,¿Cómo organizar y presentar la información de manera clara y coherente?,gestión,2024-09-04T11:35:18-04:00,False,,/empresas/gestion/como-organizar-y-presentar-la-informacion-de-manera-clara-y-coherente/,792
Jhojhanni Fiorini,Países latinoamericanos que más reciben venezolanos,internacional,2025-11-02T09:50:45-04:00,False,,/money-invest/internacional-economia/paises-latinoamericanos-que-mas-reciben-venezolanos/,792
Andrea Mercedes,Plan fiscal de RD se vota hoy en el Senado: lo que cambia para los dominicanos si se aprueba,daily news,2026-06-17T12:14:44-04:00,False,,/money-invest/daily-news/plan-fiscal-de-rd-se-vota-hoy-en-el-senado-lo-que-cambia-para-los-dominicanos-si-se-aprueba/,791
Rodrigo Muñoz,Starbucks: La caída y el renacimiento de un gigante del café,brand business,2025-07-28T15:59:40-04:00,False,,/empresas/brand-business/starbucks-la-caida-y-el-renacimiento-de-un-gigante-del-cafe/,790
SIN_AUTOR,,,,False,404 Client Error: Not Found for url: https://revistamercado.do/empresas/juan-carlos-escotet-el-venezolano-que-esta-entre-los-5-mas-ricos-en-espana/,/empresas/juan-carlos-escotet-el-venezolano-que-esta-entre-los-5-mas-ricos-en-espana/,790
Elba Reyes,Relojes de lujo 2026: Las 10 marcas que mejor mantienen su valor de reventa.,relojes,2026-05-29T15:27:12-04:00,False,,/lifestyle/relojes/relojes-de-lujo-2026-las-10-marcas-que-mejor-mantienen-su-valor-de-reventa/,786
Elba Reyes,Precio del dólar en República Dominicana hoy: viernes 13 de febrero 2026,money invest,2026-02-13T08:00:44-04:00,False,,/money-invest/precio-del-dolar-en-republica-dominicana-hoy-viernes-13-de-febrero-2026/,785
Elba Reyes,Ranking 2026: los 10 trabajos freelance que más dinero dejan por hora,empresas,2026-02-26T15:30:29-04:00,False,,/empresas/ranking-2026-los-10-trabajos-freelance-que-mas-dinero-dejan-por-hora/,784
Elba Reyes,Precio del dólar en República Dominicana hoy este lunes 16 de marzo de 2026,money invest,2026-03-16T08:37:43-04:00,False,,/money-invest/precio-del-dolar-en-republica-dominicana-hoy-este-lunes-16-de-marzo-de-2026/,778
Jhojhanni Fiorini,Los países de Latinoamérica con el mayor PIB per cápita en 2025,money invest,2025-03-14T14:59:14-04:00,False,,/money-invest/los-paises-de-latinoamerica-con-el-mayor-pib-per-capita/,768
Jhojhanni Fiorini,5 criptomonedas para invertir antes de final de año,criptomonedas,2025-11-12T09:13:37-04:00,False,,/criptomonedas/5-criptomonedas-para-invertir-antes-de-final-de-ano/,766
Jhojhanni Fiorini,Donde ver Atlético Madrid vs Arsenal hoy online EN VIVO,actualidad,2026-04-29T11:30:15-04:00,False,,/actualidad/donde-ver-atletico-madrid-vs-arsenal-hoy-online-en-vivo/,763
Elba Reyes,Netflix deja de funcionar en estos televisores desde el 1 de marzo de 2026,technology,2026-02-18T17:30:54-04:00,False,,/technology/netflix-deja-de-funcionar-en-estos-televisores-desde-el-1-de-marzo-de-2026/,756
Elba Reyes,Por qué Bad Bunny no mencionó a Belice en el cierre de su Halftime Show,daily news,2026-02-09T15:05:12-04:00,False,,/money-invest/daily-news/por-que-bad-bunny-no-menciono-a-belice-en-el-cierre-de-su-halftime-show/,754
SIN_AUTOR,,,,False,,/who-is-who/frank-elias-rainieri/,752
Andrea Mercedes,"Bono de RD$7,000: quiénes lo reciben y en qué provincias se entregará",daily news,2026-04-16T14:57:49-04:00,False,,/money-invest/daily-news/bono-de-rd7000-quienes-lo-reciben-y-en-que-provincias-se-entregara/,751
Agatha Thomas,Así fue FITUR 2026 para República Dominicana con el stand “Saborea el Paraíso”,empresas,2026-01-26T10:44:08-04:00,False,,/empresas/fitur-2026-para-republica-dominicana/,751
Elba Reyes,Resultados de la Lotería Quiniela Real del lunes 8  junio de 2026,actualidad,2026-06-09T09:20:58-04:00,False,,/actualidad/resultados-de-la-loteria-quiniela-real-del-lunes-8-junio-de-2026/,747
Darling Gil,Los 5 directores financieros mejor pagados del mundo en 2025,finanzas,2026-02-09T12:42:19-04:00,False,,/market-brief/los-5-directores-financieros-mejor-pagados-del-mundo-en-2025/,739
Jhojhanni Fiorini,"Las profesiones más demandadas para 2026 en América Latina, según informe",empresas,2026-02-07T09:22:15-04:00,False,,/empresas/las-profesiones-mas-demandadas-para-2026-en-america-latina-segun-informe/,739
Rodrigo Muñoz,Ranking: Los 10 Activos más poderosos del mundo en 2025,money invest,2025-07-23T16:24:06-04:00,False,,/money-invest/ranking-los-10-activos-mas-poderosos-del-mundo-en-2025/,739
Jhojhanni Fiorini,Las 10 películas más taquilleras de 2025,money invest,2026-01-07T11:29:09-04:00,False,,/money-invest/las-10-peliculas-mas-taquilleras-de-2025/,737
Andrea Mercedes,"Keiko Fujimori vuelve a liderar las elecciones en Perú, pero menos de 1,000 votos la separan de Sánchez",daily news,2026-06-11T11:01:53-04:00,False,,/money-invest/daily-news/keiko-fujimori-vuelve-a-liderar-las-elecciones-en-peru-pero-menos-de-1000-votos-la-separan-de-sanchez/,737
Elba Reyes,Resultados de la Lotería Quiniela Real del domingo 31 de mayo de 2026,actualidad,2026-06-01T09:30:35-04:00,False,,/actualidad/resultados-de-la-loteria-quiniela-real-del-domingo-31-de-mayo-de-2026/,733
Andrea Mercedes,Polémico strike deja fuera a República Dominicana del Clásico Mundial y provoca indignación,sport business,2026-03-16T12:13:23-04:00,False,,/empresas/sport-business/polemico-strike-deja-fuera-a-republica-dominicana-del-clasico-mundial-y-provoca-indignacion/,731
Jhojhanni Fiorini,Venezuela necesitaría 10 años para recuperar la mitad de su PIB,internacional,2026-01-13T16:48:06-04:00,False,,/money-invest/internacional-economia/venezuela-necesitaria-10-anos-para-recuperar-la-mitad-de-su-pib/,724
Jhojhanni Fiorini,Resultados de loterías del 11 de febrero de 2026,actualidad,2026-02-12T09:10:29-04:00,False,,/actualidad/resultados-de-loterias-del-11-de-febrero-de-2026/,723
Elba Reyes,Netflix dejará de funcionar en estos televisores en 2026: revisa si el tuyo está en la lista,technology,2026-04-29T11:18:17-04:00,False,,/technology/netflix-dejara-de-funcionar-en-estos-televisores-en-2026-revisa-si-el-tuyo-esta-en-la-lista/,721
Jhojhanni Fiorini,Resultados de la lotería nacional del jueves 19 de febrero de 2026 ,actualidad,2026-02-20T08:47:32-04:00,False,,/actualidad/resultados-de-la-loteria-nacional-del-jueves-19-de-febrero-de-2026/,721
Elba Reyes,Diez avances científicos que marcaron 2025,ciencia y espacio,2025-12-28T13:17:44-04:00,False,,/technology/ciencia-y-espacio/diez-avances-cientificos-que-marcaron-2025/,721
Elba Reyes,"Horóscopo chino 2026: quién gana, quién enfrenta retos y qué cambia en el Año del Caballo de Fuego",actualidad,2026-02-17T11:39:11-04:00,False,,/actualidad/horoscopo-chino-2026-quien-gana-quien-enfrenta-retos-y-que-cambia-en-el-ano-del-caballo-de-fuego/,721
Rodrigo Muñoz,Más allá de los &#8216;Likes&#8217;: La adicción a la validación online,technology,2024-10-17T11:26:06-04:00,False,,/technology/mas-alla-de-los-likes-la-adiccion-a-la-validacion-online/,719
Elba Reyes,Favoritos Mundial 2026: Las 6 selecciones que lideran las apuestas para ser campeón,actualidad,2026-05-15T16:34:15-04:00,False,,/actualidad/favoritos-mundial-2026-las-6-selecciones-que-lideran-las-apuestas-para-ser-campeon/,718
SIN_AUTOR,,,,False,404 Client Error: Not Found for url: https://revistamercado.do/lifestyle/cuales-son-las-mejores-ciudades-del-mundo-para-vivir-en-2026/,/lifestyle/cuales-son-las-mejores-ciudades-del-mundo-para-vivir-en-2026/,717
Elba Reyes,Precio del dólar hoy en República Dominicana este viernes 6 de marzo de 2026,money invest,2026-03-06T08:32:52-04:00,False,,/money-invest/precio-del-dolar-hoy-en-republica-dominicana-este-viernes-6-de-marzo-de-2026/,717
Andrea Mercedes,Luka Dončić sacude la NBA con una noche histórica con los Lakers,sport business,2026-03-13T13:56:58-04:00,False,,/empresas/sport-business/lakers-bulls-51-puntos-luka-doncic/,714
Karime Rivas,Así cambia tu cuerpo cuando dejas el azúcar: lo que nadie te cuenta fase por fase,wellbeing,2025-03-07T12:32:22-04:00,False,,/medihealth/wellbeing/dejar-el-azucar/,714
Jhojhanni Fiorini,Resultados de la lotería nacional del martes 17 de febrero de 2026,actualidad,2026-02-18T08:59:13-04:00,False,,/actualidad/resultados-de-loterias-del-martes-17-de-febrero-de-2026-2/,714
Elba Reyes,Resultados de la Lotería Quiniela Real del martes 5 de mayo de 2026,actualidad,2026-05-06T09:10:06-04:00,False,,/actualidad/resultados-de-la-loteria-quiniela-real-del-martes-5-de-mayo-de-2026/,713
Edwin Lozada,Por qué Irán es difícil de invadir y qué significaría una escalada terrestre para la región,internacional,2026-02-28T15:36:38-04:00,False,,/money-invest/internacional-economia/por-que-iran-es-dificil-de-invadir-impacto-economia-global-ormuz/,704
Jhojhanni Fiorini,"Andrés Cruz, nuevo jefe de la Policía Nacional",república dominicana,2026-02-18T15:15:29-04:00,False,,/money-invest/republica-dominicana/andres-cruz-nuevo-jefe-de-la-policia-nacional/,703
Jhojhanni Fiorini,El iPhone 18 Fold ya se deja ver: así sería el primer plegable de Apple,technology,2026-04-08T11:45:00-04:00,False,,/technology/el-iphone-18-fold-ya-se-deja-ver-asi-seria-el-primer-plegable-de-apple/,701
Gabriel Rico Albarrán,"Qué hay detrás de la compra de AES por US$33,400 millones y el papel de la gestora de activos BlackRock",empresas,2026-03-10T16:18:42-04:00,False,,/empresas/que-hay-detras-de-la-compra-de-aes-por-us33400-millones-y-el-papel-de-la-gestora-de-activos-blackrock/,701
Jhojhanni Fiorini,Por qué en este país un iPhone cuesta mucho menos que en Estados Unidos,technology,2026-01-16T15:36:19-04:00,False,,/technology/por-que-en-este-pais-un-iphone-cuesta-mucho-menos-que-en-estados-unidos/,699
Jhojhanni Fiorini,10 datos fascinantes sobre la Guardia Suiza Pontificia ,internacional,2025-04-23T15:57:31-04:00,False,,/internacional/10-datos-fascinantes-sobre-la-guardia-suiza-pontificia/,693
Jhojhanni Fiorini,"Partidos de fútbol hoy, lunes 23 de febrero de 2026 EN VIVO: horarios y canales para ver fútbol",actualidad,2026-02-23T08:43:48-04:00,False,,/actualidad/partidos-de-futbol-hoy-lunes-23-de-febrero-de-2026-en-vivo-horarios-y-canales-para-ver-futbol/,690
Jhojhanni Fiorini,"Las 10 características que debe tener un buen jefe, según estudios de Google",empresas,2026-02-23T17:53:47-04:00,False,,/empresas/las-10-caracteristicas-que-debe-tener-un-buen-jefe-segun-estudios-de-google/,686
Elba Reyes,Calendario lunar mayo 2026: los días que debes evitar para cortarte el cabello y depilarte,actualidad,2026-04-28T11:05:44-04:00,False,,/actualidad/calendario-lunar-mayo-2026-los-dias-que-debes-evitar-para-cortarte-el-cabello-y-depilarte/,686
Elba Reyes,Resultados de la Lotería Quiniela Real del domingo 17 de mayo de 2026,actualidad,2026-05-18T08:26:12-04:00,False,,/actualidad/resultados-de-la-loteria-quiniela-real-del-domingo-17-de-mayo-de-2026/,685
Jhojhanni Fiorini,Las profesiones que definirán el empleo en Latinoamérica en 2026 ,gestión,2026-01-02T11:19:35-04:00,False,,/empresas/gestion/las-profesiones-que-definiran-el-empleo-en-latinoamerica-en-2026/,684
Karime Rivas,"Quién es Katia Itzel García, la árbitra que FIFA eligió para 2026",executive profiles,2026-04-21T20:11:12-04:00,True,,/mercado-women/executive-profiles/katia-itzel-garcia-fifa/,683
Elba Reyes,Precio del dólar hoy en República Dominicana este miércoles 18 de febrero de 2026,money invest,2026-02-18T08:50:11-04:00,False,,/money-invest/precio-del-dolar-hoy-en-republica-dominicana-este-miercoles-18-de-febrero-de-2026/,682
Rodrigo Muñoz,Ranking: Índice de percepción de la corrupción en Latinoamérica 2025,daily news,2025-02-12T16:38:06-04:00,False,,/money-invest/happening-now/ranking-los-paises-de-latinoamerica-con-mayor-percepcion-de-corrupcion/,682
Andrea Mercedes,"Los tres planes de Estados Unidos para intervenir Cuba, según Díaz-Canel",daily news,2026-06-10T16:13:08-04:00,False,,/money-invest/daily-news/los-tres-planes-de-estados-unidos-para-intervenir-cuba-segun-diaz-canel/,681
Elba Reyes,"Los 10 carros más confiables y recomendables para 2026, según Consumer Reports",automóviles,2026-02-09T17:42:53-04:00,False,,/lifestyle/automoviles/los-10-carros-mas-confiables-y-recomendables-para-2026-segun-consumer-reports/,679
Jhojhanni Fiorini,Filtración del iPhone 18 Pro: Los 4 colores que llegarán en septiembre,devices,2026-06-02T18:59:36-04:00,False,,/technology/devices/filtracion-del-iphone-18-pro-los-4-colores-que-llegaran-en-septiembre/,675
Jhojhanni Fiorini,China compra más del 90% del petróleo que exporta Irán pese a las sanciones,daily news,2026-03-11T11:30:47-04:00,False,,/money-invest/daily-news/china-compra-mas-del-90-del-petroleo-que-exporta-iran-pese-a-las-sanciones/,675
Andrea Mercedes,¿Se acaba la guerra con Irán? Trump asegura que el final está cerca ,daily news,2026-04-15T16:58:37-04:00,False,,/money-invest/daily-news/se-acaba-la-guerra-con-iran-trump-asegura-que-el-final-esta-cerca/,675
maynebatista,¿Son las redes sociales la mejor influencia para nuestros niños y adolescentes?,medihealth,2024-02-16T15:51:10-04:00,False,,/medihealth/redes-sociales-en-adolescentes/,671
Jhojhanni Fiorini,Mundial 2026: así quedaron los grupos y estos son los cruces más duros,sport business,2026-04-01T15:51:49-04:00,False,,/empresas/sport-business/mundial-2026-asi-quedaron-los-grupos-y-estos-son-los-cruces-mas-duros/,671
Miguel Vega,Los titanes del mar. El poder de las 5 mayores navieras del mundo,empresas,2026-04-16T16:44:54-04:00,False,,/empresas/los-titanes-del-mar-el-poder-de-las-5-mayores-navieras-del-mundo/,668
Ashley Presinal,Derecho estratégico con mirada humana,brand content,2026-01-29T12:07:26-04:00,False,,/empresas/asesoria-juridica-estrategica-jdd-hiraldo-perez/,667
Elba Reyes,Las 6 construcciones más caras del mundo en 2026 y cuánto costó cada una,construcción,2026-01-16T16:08:48-04:00,False,,/construccion/las-6-construcciones-mas-caras-del-mundo-en-2026-y-cuanto-costo-cada-una/,667
Elba Reyes,Resultados de la Lotería Quiniela Real del jueves 14 de mayo de 2026,actualidad,2026-05-15T08:44:33-04:00,False,,/actualidad/resultados-de-la-loteria-quiniela-real-del-jueves-14-de-mayo-de-2026/,667
Jhojhanni Fiorini,"Qué es un Therian: significado, origen y por qué es tendencia en redes sociales",actualidad,2026-02-16T15:31:01-04:00,False,,/actualidad/que-es-un-therian-significado-origen-y-por-que-es-tendencia-en-redes-sociales/,666
Elba Reyes,Nueva cédula en RD en mayo: estos son los centros que sí exigen cita y como sacarla,daily news,2026-05-05T16:52:12-04:00,False,,/money-invest/daily-news/nueva-cedula-en-rd-en-mayo-estos-son-los-centros-que-si-exigen-cita-y-como-sacarla/,664
Elba Reyes,Estos son los fines de semana largos que aún quedan en RD en 2026 después de Semana Santa,turismo,2026-03-28T08:00:53-04:00,False,,/lifestyle/estos-son-los-fines-de-semana-largos-que-aun-quedan-en-rd-en-2026-despues-de-semana-santa/,663
Rodrigo Muñoz,La importancia de la diversidad cultural en un mundo interconectado,actualidad,2024-09-25T11:25:36-04:00,False,,/actualidad/la-diversidad-cultural-en-las-sociedades-globales/,663
Miguel Vega,"Don Héctor Rizek Llabaly, el patriarca del cacao dominicano",actualidad,2026-03-30T19:38:58-04:00,False,,/actualidad/hector-jose-rizek-llabaly-el-patriarca-del-cacao-dominicano/,662
Elba Reyes,WhatsApp Web cambia para siempre: ahora podrás personalizar cada chat,technology,2026-04-15T15:38:15-04:00,False,,/technology/whatsapp-web-cambia-para-siempre-ahora-podras-personalizar-cada-chat/,662
Edwin Lozada,Apagón en RD: esta fue la falla que derribó 65 % de la generación eléctrica,daily news,2026-02-23T13:20:40-04:00,False,,/money-invest/happening-now/apagon-rd-falla-derribo-65-por-ciento-generacion-electrica/,660
Elba Reyes,"Los 20 países más bellos del mundo para viajar, según Condé Nast Traveler",lifestyle,2026-02-05T15:13:24-04:00,False,,/lifestyle/los-20-paises-mas-bellos-del-mundo-para-viajar-segun-conde-nast-traveler/,658
SIN_AUTOR,,,,False,,/event/energy-summit-2026/,656
Elba Reyes,Karol G vuelve a República Dominicana: fecha confirmada y lo que se sabe sobre las boletas,daily news,2026-04-21T11:06:36-04:00,False,,/money-invest/daily-news/karol-g-vuelve-a-republica-dominicana-fecha-confirmada-y-lo-que-se-sabe-sobre-las-boletas/,655
Elba Reyes,Precio del dólar hoy en República Dominicana este miércoles 25 de febrero 2026,money invest,2026-02-25T08:54:26-04:00,False,,/money-invest/precio-del-dolar-hoy-en-republica-dominicana-este-miercoles-25-de-febrero-2026/,655
Elba Reyes,Precio del dólar hoy en República Dominicana este jueves 19 de marzo de 2026,money invest,2026-03-19T09:04:52-04:00,False,,/money-invest/precio-del-dolar-hoy-en-republica-dominicana-este-jueves-19-de-marzo-de-2026/,652
Jhojhanni Fiorini,"Cómo ganar la lotería, según el matemático Stefan Mandel que la ganó 14 veces",money invest,2026-02-13T10:55:02-04:00,False,,/money-invest/como-ganar-la-loteria-segun-el-matematico-stefan-mandel-que-la-gano-14-veces/,651
Elba Reyes,Luna llena rosa del 1 de abril en RD: a qué hora verla y cuándo alcanzará su punto máximo,actualidad,2026-04-01T13:29:17-04:00,False,,/actualidad/luna-llena-rosa-del-1-de-abril-en-rd-a-que-hora-verla-y-cuando-alcanzara-su-punto-maximo/,649
Elba Reyes,Precio del dólar hoy en la República Dominicana este viernes 8 de mayo del 2026,república dominicana,2026-05-08T08:04:25-04:00,False,,/money-invest/republica-dominicana/precio-del-dolar-hoy-en-la-republica-dominicana-este-viernes-8-de-mayo-del-2026/,649
Rodrigo Muñoz,Ranking: Países con mayor gasto militar en 2025,internacional,2025-07-03T10:21:13-04:00,False,,/money-invest/internacional-economia/ranking-paises-con-mayor-gasto-militar-en-2025/,649
Elba Reyes,Mujeres poderosas de la Latinoamérica : estas son las mujeres mas ricas en febrero de 2026,mercado women,2026-02-13T16:36:53-04:00,False,,/mercado-women/mujeres-poderosas-de-la-latinoamerica-estas-son-las-mujeres-mas-ricas-en-febrero-de-2026/,647
Andrea Mercedes,Elecciones Perú 2026:  Actas pendientes pueden definir si Sánchez sostiene ventaja o Fujimori remonta,daily news,2026-06-10T12:31:53-04:00,False,,/money-invest/daily-news/elecciones-peru-2026-actas-pendientes-pueden-definir-si-sanchez-sostiene-ventaja-o-fujimori-remonta/,642
Elba Reyes,Favoritos al título del Mundial 2026 según apuestas e inteligencia artificial,sport business,2026-06-09T15:18:05-04:00,False,,/empresas/sport-business/favoritos-al-titulo-del-mundial-2026-segun-apuestas-e-inteligencia-artificial/,642
Jhojhanni Fiorini,Ranking: las 50 empresas que crecerán este año y por qué están en la mira del mercado,empresas,2026-02-02T14:12:58-04:00,False,,/empresas/ranking-las-50-empresas-que-creceran-este-ano-y-por-que-estan-en-la-mira-del-mercado/,641
Andrea Mercedes,¿Puede el escrutinio cambiar el resultado de las elecciones en Colombia?,daily news,2026-06-22T17:35:49-04:00,False,,/money-invest/daily-news/escrutinio-elecciones-colombia-2026/,639
Jhojhanni Fiorini,Resultados de loterías del lunes 9 de febrero de 2026,actualidad,2026-02-10T09:34:16-04:00,False,,/actualidad/resultados-de-loterias-del-lunes-9-de-febrero-de-2026/,638
Jhojhanni Fiorini,Ranking actualizado: los negocios con mayor margen de beneficio en 2026,empresas,2026-02-25T08:33:10-04:00,False,,/empresas/ranking-actualizado-los-negocios-con-mayor-margen-de-beneficio-en-2026/,636
Jhojhanni Fiorini,Las 3 ciudades de Estados Unidos que figuran entre las más peligrosas del mundo en 2025,internacional,2026-02-18T16:40:12-04:00,False,,/money-invest/internacional-economia/las-3-ciudades-de-estados-unidos-que-figuran-entre-las-mas-peligrosas-del-mundo-en-2025/,631
Gabriel Rico Albarrán,Así se hará el aumento al salario mínimo en el sector privado no sectorizado,actualidad,2023-03-09T17:29:39-04:00,False,,/actualidad/aumento-salario-minimo-rd-sector-privado-no-sectorizado/,629
Elba Reyes,"Dólar hoy en RD: así cotiza este 22 de enero de 2026, según el Banco Central",money invest,2026-01-22T08:53:18-04:00,False,,/money-invest/dolar-hoy-en-rd-asi-cotiza-este-22-de-enero-de-2026-segun-el-banco-central/,627
Karime Rivas,Lisa Brennan-Jobs: La mujer que transformó la herencia de Steve Jobs en palabras poderosas,influencers,2024-09-10T14:54:15-04:00,False,,/influencers2/lisa-brennan-jobs-transformo-la-herencia-de-steve-jobs/,626
SIN_AUTOR,,,,False,404 Client Error: Not Found for url: https://revistamercado.do/lifestyle/automoviles/las-10-marcas-de-carros-mas-prestigiosas-de-2024/,/lifestyle/automoviles/las-10-marcas-de-carros-mas-prestigiosas-de-2024/,625
Elba Reyes,"7 alimentos que ayudan a prevenir el Alzheimer, según estudios científicos",salud,2026-02-18T11:30:35-04:00,False,,/medihealth/salud/7-alimentos-que-ayudan-a-prevenir-el-alzheimer-segun-estudios-cientificos/,623
Jhojhanni Fiorini,"Las 10 mejores universidades de Brasil en 2026, según el QS World University Rankings",money invest,2026-03-05T16:20:48-04:00,False,,/money-invest/las-10-mejores-universidades-de-brasil-en-2026-segun-el-qs-world-university-rankings/,621
Elba Reyes,"Precio de los combustibles hoy: gasolina, diésel y GLP en República Dominicana",money invest,2026-01-21T16:35:01-04:00,False,,/money-invest/precio-de-los-combustibles-hoy-gasolina-diesel-y-glp-en-republica-dominicana/,619
Elba Reyes,"Este grupo sanguíneo podría envejecer más lento que los demás, según estudios científicos",salud,2026-02-03T14:44:04-04:00,False,,/medihealth/salud/este-grupo-sanguineo-podria-envejecer-mas-lento-que-los-demas-segun-estudios-cientificos/,618
Elba Reyes,Estos celulares se quedarán sin WhatsApp desde el 1 de marzo de 2026,technology,2026-02-24T15:03:27-04:00,False,,/technology/estos-celulares-se-quedaran-sin-whatsapp-desde-el-1-de-marzo-de-2026/,615
Elba Reyes,"Nuevo pasaporte RD 2026 incluirá seguro de US$ 9,000 para dominicanos en el exterior",república dominicana,2026-02-16T12:57:10-04:00,False,,/money-invest/republica-dominicana/nuevo-pasaporte-rd-2026-incluira-seguro-de-us9000-para-dominicanos-en-el-exterior/,615
SIN_AUTOR,,,,False,,/event/el-transporte-logistica-y-zonas-francas-summit/,614
Gabriel Rico Albarrán,"José Antonio ‘Tony’ Caro Ginebra, el continuador de un gran legado en la arquitectura contemporánea",actualidad,2026-05-18T07:06:31-04:00,False,,/actualidad/jose-antonio-tony-caro-ginebra-el-continuador-de-un-gran-legado-en-la-arquitectura-contemporanea/,613
Elba Reyes,"Dónde se concentran más personas millonarias en el mundo y qué país lidera, según UBS",lifestyle,2026-01-27T14:27:18-04:00,False,,/lifestyle/donde-se-concentran-mas-personas-millonarias-en-el-mundo-y-que-pais-lidera-segun-ubs/,612
Elba Reyes,Los libros que recomiendan los CEO de Latinoamérica para 2026,mercadoteca,2026-01-02T17:00:06-04:00,False,,/lifestyle/mercadoteca/los-libros-que-recomiendan-los-ceo-de-latinoamerica-para-2026/,610
Andrea Mercedes,Reforma de seguridad social en RD: qué propone Abinader y por qué está retrasada,daily news,2026-04-17T14:35:56-04:00,False,,/money-invest/daily-news/reforma-de-seguridad-social-en-rd-que-propone-abinader-y-por-que-esta-retrasada/,608
Jhojhanni Fiorini,¿Puede Haití ganarle a Escocia en el Mundial 2026? Lo que dicen las probabilidades,actualidad,2026-06-12T16:01:44-04:00,False,,/actualidad/puede-haiti-ganarle-a-escocia-en-el-mundial-2026-lo-que-dicen-las-probabilidades/,608
Andrea Mercedes,"¿Cuándo inicia el Mundial 2026 y cuándo termina? Fechas, sedes y el nuevo formato de 48 equipos",actualidad,2026-05-12T17:30:40-04:00,False,,/actualidad/cuando-inicia-el-mundial-2026-y-cuando-termina-fechas-sedes-y-el-nuevo-formato-de-48-equipos/,607
Andrea Mercedes,Elecciones en Perú: quién lidera las encuestas antes del domingo 12 de abril,daily news,2026-04-10T15:41:49-04:00,False,,/money-invest/daily-news/elecciones-en-peru-quien-lidera-las-encuestas-antes-del-domingo-12-de-abril/,606
Jhojhanni Fiorini,El iPhone 18 deja dudas: Apple cambiaría algo clave por primera vez,technology,2026-04-23T15:44:28-04:00,False,,/technology/el-iphone-18-deja-dudas-apple-cambiaria-algo-clave-por-primera-vez/,603
SIN_AUTOR,,,,False,404 Client Error: Not Found for url: https://revistamercado.do/shopping/guia-de-dubai-chocolate-en-republica-dominicana-donde-encontrar-este-postre-viral/,/shopping/guia-de-dubai-chocolate-en-republica-dominicana-donde-encontrar-este-postre-viral/,599
Jhojhanni Fiorini,"Nuevo Kindle Scribe: más ligero, grande y ahora a color",devices,2025-10-02T17:43:38-04:00,False,,/technology/devices/nuevo-kindle-scribe-mas-ligero-grande-y-ahora-a-color/,599
Jhojhanni Fiorini,República Dominicana rompe récord turístico en 2025,turismo,2025-12-31T10:48:38-04:00,False,,/turismo/republica-dominicana-rompe-record-turistico-en-2025/,598
Jhojhanni Fiorini,El iPhone 18 Pro podría llegar sin su principal novedad de diseño tras una nueva filtración,technology,2026-03-11T14:04:14-04:00,False,,/technology/el-iphone-18-pro-podria-llegar-sin-su-principal-novedad-de-diseno-tras-una-nueva-filtracion/,598
Jhojhanni Fiorini,Resultados de loterías del jueves 12 de febrero de 2026,actualidad,2026-02-13T08:36:00-04:00,False,,/actualidad/resultados-de-loterias-del-jueves-12-de-febrero-de-2026/,595
revistamercado,Las 80 Mejores Empresas para Trabajar en República Dominicana 2019,de la revista,2019-12-23T17:13:05-04:00,False,,/empresas/mept/las-mejores-empresas-para-trabajar-en-rd/,593
Elba Reyes,Clima en República Dominicana: vaguada provocará fuertes aguaceros este lunes 6 y martes 7 de abril de 2026,república dominicana,2026-04-06T10:42:18-04:00,False,,/money-invest/republica-dominicana/clima-en-republica-dominicana-vaguada-provocara-fuertes-aguaceros-este-lunes-6-y-martes-7-de-abril-de-2026/,591
Jhojhanni Fiorini,Las ciudades más caras de Latinoamérica en 2025,money invest,2025-10-07T17:57:38-04:00,False,,/money-invest/las-ciudades-mas-caras-de-latinoamerica-en-2025/,590
Edwin Lozada,Donald Trump es evacuado tras tiroteo en cena de corresponsales en Washington,daily news,2026-04-25T21:50:49-04:00,False,,/money-invest/daily-news/trump-evacuado-tiroteo-cena-corresponsales-washington/,590
Jhojhanni Fiorini,Resultados de loterías del lunes 16 de febrero de 2026,actualidad,2026-02-17T08:40:24-04:00,False,,/actualidad/resultados-de-loterias-del-lunes-16-de-febrero-de-2026/,587
Elba Reyes,Mescyt abre convocatoria para Becas Nacionales 2026: fechas y requisitos,daily news,2026-02-24T11:14:55-04:00,False,,/money-invest/daily-news/mescyt-abre-convocatoria-para-becas-nacionales-2026-fechas-y-requisitos/,587
Elba Reyes,"Precio del dólar hoy en República Dominicana: lunes 2 de febrero de 2026, según el Banco Central",money invest,2026-02-02T09:41:38-04:00,False,,/money-invest/precio-del-dolar-hoy-en-republica-dominicana-lunes-2-de-febrero-de-2026-segun-el-banco-central/,587
Jhojhanni Fiorini,Apple lanza el MacBook Neo por US$ 599: cuándo llegará a República Dominicana ,technology,2026-03-05T15:18:27-04:00,False,,/technology/apple-lanza-el-macbook-neo-por-us-599-cuando-llegara-a-republica-dominicana/,585
Rodrigo Muñoz,República Dominicana en el epicentro de la ciberseguridad regional,technology,2025-09-16T12:44:46-04:00,False,,/technology/republica-dominicana-en-el-epicentro-de-la-ciberseguridad-regional/,585
Elba Reyes,Precio del dólar hoy en República Dominicana este miércoles 4 de marzo del 2026,money invest,2026-03-04T08:36:20-04:00,False,,/money-invest/precio-del-dolar-hoy-en-republica-dominicana-este-miercoles-4-de-marzo-del-2026/,584
Jhojhanni Fiorini,Las marcas país más valiosas de Latinoamérica en 2025,money invest,2025-03-06T16:45:50-04:00,False,,/money-invest/las-marcas-pais-mas-valiosas-de-latinoamerica-en-2025/,584
Jhojhanni Fiorini,Top 10 países que más café beben por persona: Europa domina el listado,money invest,2026-02-16T10:34:24-04:00,False,,/money-invest/top-10-paises-que-mas-cafe-beben-por-persona-europa-domina-el-listado/,583
Jhojhanni Fiorini,¿De dónde vienen más turistas a República Dominicana? ,turismo,2025-08-29T14:40:23-04:00,False,,/turismo/de-donde-vienen-mas-turistas-a-republica-dominicana/,583
Elba Reyes,Las ciudades más frías del mundo: dónde están y qué temperaturas registran,lifestyle,2026-02-11T15:59:44-04:00,False,,/lifestyle/las-ciudades-mas-frias-del-mundo-donde-estan-y-que-temperaturas-registran/,582
Andrea Mercedes,Maduro comparece hoy en Nueva York e intenta anular el juicio por narcoterrorismo,daily news,2026-03-26T11:23:52-04:00,False,,/money-invest/daily-news/maduro-comparece-hoy-en-nueva-york-e-intenta-anular-el-juicio-por-narcoterrorismo/,581
Elba Reyes,Virus Andes: ¿Cómo se contagia la única cepa de hantavirus que pasa de persona a persona?,salud,2026-05-07T16:50:05-04:00,False,,/medihealth/salud/virus-andes-como-se-contagia-la-unica-cepa-de-hantavirus-que-pasa-de-persona-a-persona/,579
SIN_AUTOR,,,,False,404 Client Error: Not Found for url: https://revistamercado.do/dining-out/new-in-santo-domingo-5-nuevos-restaurantes-que-marcaron-el-2025/,/dining-out/new-in-santo-domingo-5-nuevos-restaurantes-que-marcaron-el-2025/,578
Jhojhanni Fiorini,El precio del café se desploma y borra dos años de subidas,market brief,2026-01-13T15:21:34-04:00,False,,/market-brief/el-precio-del-cafe-se-desploma-y-borra-dos-anos-de-subidas/,571
SIN_AUTOR,,,,False,,/event/business-forum-usa/,571
Jhojhanni Fiorini,"Partidos de fútbol hoy, lunes 2 de marzo de 2026 EN VIVO: horarios y canales para ver fútbol",actualidad,2026-03-02T08:24:21-04:00,False,,/actualidad/partidos-de-futbol-hoy-lunes-2-de-marzo-de-2026-en-vivo-horarios-y-canales-para-ver-futbol/,569
Elba Reyes,Los 5 trenes más lujosos del mundo para viajar con estilo,lifestyle,2026-01-06T15:08:38-04:00,False,,/lifestyle/los-5-trenes-mas-lujosos-del-mundo-para-viajar-con-estilo/,568
Gabriel Rico Albarrán,Qué es el Estado de la Unión y qué podemos esperar del mensaje de Donald Trump,actualidad,2026-02-24T14:57:49-04:00,False,,/actualidad/que-es-el-estado-de-la-union-y-que-podemos-esperar-del-mensaje-de-donald-trump/,568
Andrea Mercedes,Elecciones Perú 2026: ¿Cuándo es la segunda vuelta presidencial y quien va ganando?,daily news,2026-06-03T15:47:16-04:00,False,,/money-invest/daily-news/elecciones-peru-2026-cuando-es-la-segunda-vuelta-presidencial-y-quien-va-ganando/,567
SIN_AUTOR,,,,False,404 Client Error: Not Found for url: https://revistamercado.do/dining-out/brunch-sleep-repeat-top-picks-de-brunch-en-rd/,/dining-out/brunch-sleep-repeat-top-picks-de-brunch-en-rd/,566
Andrea Mercedes,La frontera se tensa: Abinader ordena refuerzo ante crisis en Haití ,daily news,2026-04-06T11:49:08-04:00,False,,/money-invest/daily-news/la-frontera-se-tensa-abinader-ordena-refuerzo-ante-crisis-en-haiti/,565
SIN_AUTOR,,,,False,404 Client Error: Not Found for url: https://revistamercado.do/services/pilates-en-rd-el-workout-del-momento/,/services/pilates-en-rd-el-workout-del-momento/,565
Jhojhanni Fiorini,¿Por qué hay hormigas en tu cocina aunque esté limpia? Este es el motivo real,salud,2026-02-18T17:00:49-04:00,False,,/medihealth/salud/por-que-hay-hormigas-en-tu-cocina-aunque-este-limpia-este-es-el-motivo-real/,564
Elba Reyes,Precio del dólar hoy en República Dominicana este jueves 19 de febrero de 2026,money invest,2026-02-19T08:35:01-04:00,False,,/money-invest/precio-del-dolar-hoy-en-republica-dominicana-este-jueves-19-de-febrero-de-2026/,561
Jhojhanni Fiorini,Las 10 acciones favoritas de Warren Buffett y cuánto pesan en su portafolio,market brief,2026-02-24T11:02:39-04:00,False,,/market-brief/las-10-acciones-favoritas-de-warren-buffett-y-cuanto-pesan-en-su-portafolio/,560
SIN_AUTOR,,,,False,404 Client Error: Not Found for url: https://revistamercado.do/money-invest/ranking-los-mas-ricos-de-cada-continente-y-el-tamano-de-sus-fortunas/,/money-invest/ranking-los-mas-ricos-de-cada-continente-y-el-tamano-de-sus-fortunas/,560
SIN_AUTOR,,,,False,,/event/power-women-summit-2025/,558
Elba Reyes,"Quién es Ana Corina Sosa, la figura que impactó en la entrega del Nobel",mercado women,2026-01-02T11:25:46-04:00,False,,/mercado-women/quien-es-ana-corina-sosa-la-figura-que-impacto-en-la-entrega-del-nobel/,558
Andrea Mercedes,"Elecciones Colombia 2026: récord histórico, pero 4 de cada 10 colombianos no fueron a votar",daily news,2026-06-05T15:28:43-04:00,False,,/money-invest/daily-news/elecciones-colombia-2026-record-historico-pero-4-de-cada-10-colombianos-no-fueron-a-votar/,557
Elba Reyes,Precio del dólar hoy en República Dominicana este viernes 20 de marzo 2026,money invest,2026-03-20T08:43:11-04:00,False,,/money-invest/precio-del-dolar-hoy-en-republica-dominicana-este-viernes-20-de-marzo-2026/,556
Andrea Mercedes,"¿Quién es Abelardo de la Espriella, el millonario pro-Trump que ganó la presidencia de Colombia?",daily news,2026-06-22T11:47:11-04:00,False,,/money-invest/daily-news/quien-es-abelardo-de-la-espriella-el-millonario-pro-trump-que-gano-la-presidencia-de-colombia/,556
Rodrigo Muñoz,Agrotech: Ranking mundial de países más productores de aguacate,money invest,2025-08-26T11:19:21-04:00,False,,/money-invest/agrotech-ranking-mundial-de-paises-mas-productores-de-aguacate/,556
Rodrigo Muñoz,"David Ortiz establece un nuevo estándar con el lanzamiento de Ozama, su ron dominicano",sport business,2025-05-28T10:44:37-04:00,False,,/empresas/sport-business/david-ortiz-establece-un-nuevo-estandar-con-el-lanzamiento-de-ozama-su-ron-oominicano/,555
Karime Rivas,Leer para sanar: 7 libros que pueden mejorar tu salud,wellbeing,2025-07-05T16:51:53-04:00,False,,/medihealth/wellbeing/leer-para-sanar/,554
Jhojhanni Fiorini,Calendario lunar 2026: Qué días depilarte según la luna para que el vello no crezca tan rápido,actualidad,2026-03-19T13:23:51-04:00,False,,/actualidad/calendario-lunar-2026-que-dias-depilarte-segun-la-luna-para-que-el-vello-no-crezca-tan-rapido/,553
Elba Reyes,Precio del dólar hoy en República Dominicana este martes 24 de febrero 2026,money invest,2026-02-24T09:39:42-04:00,False,,/money-invest/precio-del-dolar-hoy-en-republica-dominicana-este-martes-24-de-febrero-2026/,553
Rodrigo Muñoz,Ranking: Los 10 aeropuertos más transitados del mundo,viajes,2025-04-15T10:00:29-04:00,False,,/lifestyle/viajes/ranking-los-10-aeropuertos-mas-transitados-del-mundo/,552
Kenny Cayetano,Larimar City: la smart city que reinventa la vida y la inversión en Punta Cana ,caudal de desarrollo,2026-03-06T12:28:40-04:00,False,,/empresas/larimar-city-la-smart-city-que-reinventa-la-vida-y-la-inversion-en-punta-cana/,552
Andrea Mercedes,Nueva cédula en RD: así puedes indicar si eres donante de órganos ,daily news,2026-04-22T15:30:29-04:00,False,,/money-invest/daily-news/nueva-cedula-en-rd-asi-puedes-indicar-si-eres-donante-de-organos/,550
Jhojhanni Fiorini,"Partidos de hoy, viernes 8 de mayo del 2026: hora y canales para ver fútbol en vivo",actualidad,2026-05-08T10:15:21-04:00,False,,/actualidad/partidos-de-hoy-viernes-8-de-mayo-del-2026-hora-y-canales-para-ver-futbol-en-vivo/,550
SIN_AUTOR,,,,False,404 Client Error: Not Found for url: https://revistamercado.do/empresas/los-sugar-kings-y-su-legado-empresarial/,/empresas/los-sugar-kings-y-su-legado-empresarial/,550
Elba Reyes,Precio del dólar hoy en la República Dominicana este martes 26 de mayo del 2026,república dominicana,2026-05-26T08:46:04-04:00,False,,/money-invest/republica-dominicana/precio-del-dolar-hoy-en-la-republica-dominicana-este-martes-26-de-mayo-del-2026/,549
Rodrigo Muñoz,Ranking: Riesgo País en Latinoamérica 2025,money invest,2025-01-24T14:01:34-04:00,False,,/money-invest/ranking-riesgo-pais-en-latinoamerica-2025/,549
Elba Reyes,¿Cuándo son los dieciseisavos de final del Mundial 2026 y quiénes juegan?,sport business,2026-06-19T16:11:32-04:00,False,,/empresas/sport-business/cuando-son-los-dieciseisavos-de-final-del-mundial-2026-y-quienes-juegan/,548
Elba Reyes,La lesión de Juan Soto enciende las alarmas en los Mets: qué implica para la temporada,sport business,2026-04-07T11:53:15-04:00,False,,/empresas/sport-business/la-lesion-de-juan-soto-enciende-las-alarmas-en-los-mets-que-implica-para-la-temporada/,548
Elba Reyes,Precio del dólar hoy en República Dominicana este viernes 13 de marzo 2026,empresas,2026-03-13T09:37:01-04:00,False,,/empresas/precio-del-dolar-hoy-en-republica-dominicana-este-viernes-13-de-marzo-2026/,545
Elba Reyes,Murió Carlos Batista Matos: quién fue y por qué marcó la televisión dominicana,daily news,2026-04-14T11:56:40-04:00,False,,/money-invest/daily-news/murio-carlos-batista-matos-quien-fue-y-por-que-marco-la-television-dominicana/,541
Elba Reyes,"Pérdida de memoria: cuándo consultar al médico y qué síntomas deben alertar, según Mayo Clinic",salud,2026-03-07T09:00:18-04:00,False,,/medihealth/salud/perdida-de-memoria-cuando-consultar-al-medico-y-que-sintomas-deben-alertar-segun-mayo-clinic/,539
Andrea Mercedes,¿Qué pasa en Bolivia hoy? Las claves de los bloqueos y la crisis económica de 2026,daily news,2026-05-18T17:32:51-04:00,False,,/money-invest/daily-news/que-pasa-en-bolivia-hoy-las-claves-de-los-bloqueos-y-la-crisis-economica-de-2026/,539
revistamercado,¿Conoces la joroba de Dowager y su relación con la mala postura?,medihealth,2022-02-22T14:45:22-04:00,False,,/medihealth/joroba-de-dowager-causas/,539
Jhojhanni Fiorini,Los países más democráticos de Latinoamérica en 2025,money invest,2025-03-17T17:22:44-04:00,False,,/money-invest/los-paises-mas-democraticos-de-latinoamerica-en-2025/,539
Elba Reyes,Las zonas donde se concentran las construcciones de mayor valor en República Dominicana,construcción,2026-01-23T16:36:36-04:00,False,,/construccion/las-zonas-donde-se-concentran-las-construcciones-de-mayor-valor-en-republica-dominicana/,538
SIN_AUTOR,,,,False,404 Client Error: Not Found for url: https://revistamercado.do/arts-entertainment/campamentos-de-verano-en-republica-dominicana-2025/,/arts-entertainment/campamentos-de-verano-en-republica-dominicana-2025/,535
Jhojhanni Fiorini,Harvard advierte que el uso intensivo de inteligencia artificial provoca fatiga mental en el trabajo,artificial intelligence,2026-03-16T08:11:09-04:00,False,,/technology/artificial-intelligence/harvard-advierte-que-el-uso-intensivo-de-inteligencia-artificial-provoca-fatiga-mental-en-el-trabajo/,535
Elba Reyes,La reacción de María Corina Machado tras la captura de Maduro en Venezuela,internacional,2026-01-03T14:30:21-04:00,False,,/money-invest/internacional-economia/la-reaccion-de-maria-corina-machado-tras-la-captura-de-nicolas-maduro/,534
Darling Gil,Mercado Media Network presenta la tercera edición del RD Country Report 2025-2026 en FITUR 2026,country report,2026-01-22T13:29:15-04:00,False,,/actualidad/mercado-media-network-presenta-la-tercera-edicion-del-rd-country-report-2025-2026-en-fitur-2026/,534
Jhojhanni Fiorini,"Partidos de fútbol hoy, viernes 13 de marzo de 2026. EN VIVO: horarios y canales para ver fútbol",actualidad,2026-03-13T10:19:01-04:00,False,,/actualidad/partidos-de-futbol-hoy-viernes-13-de-marzo-de-2026-en-vivo-horarios-y-canales-para-ver-futbol/,532
Andrea Mercedes,Prohíben camiones en RD por Semana Santa 2026: fechas y multas,daily news,2026-03-25T17:10:10-04:00,False,,/money-invest/daily-news/prohiben-camiones-en-rd-por-semana-santa-2026-fechas-y-multas/,531
Jhojhanni Fiorini,"Estas profesiones tienen peor futuro en el mercado laboral en 2026, según la IA",artificial intelligence,2026-02-09T17:25:06-04:00,False,,/technology/artificial-intelligence/estas-profesiones-tienen-peor-futuro-en-el-mercado-laboral-en-2026-segun-la-ia/,531
Jhojhanni Fiorini,Las acciones que despiertan interés tras lo sucedido en Venezuela,market brief,2026-01-09T14:55:14-04:00,False,,/market-brief/las-acciones-que-despiertan-interes-tras-lo-sucedido-en-venezuela/,530
Rodrigo Muñoz,Los 10 destinos más visitados del mundo en 2025,viajes,2025-09-05T10:37:01-04:00,False,,/lifestyle/viajes/los-10-destinos-mas-visitados-del-mundo-en-2025/,530
Jhojhanni Fiorini,Cómo elegir el mejor smartphone en 2026 ,technology,2025-12-22T16:00:33-04:00,False,,/technology/como-elegir-el-mejor-smartphone-en-2026/,530
Jhojhanni Fiorini,Bad Bunny en el Super Bowl 2026: vea aquí la repetición del Halftime Show de anoche,daily news,2026-02-09T11:32:07-04:00,False,,/money-invest/happening-now/bad-bunny-en-el-super-bowl-2026-vea-aqui-la-repeticion-del-halftime-show-de-anoche/,530
Jhojhanni Fiorini,"Partidos de fútbol hoy, sábado 7 de marzo de 2026. EN VIVO: horarios y canales para ver fútbol",actualidad,2026-03-07T14:30:05-04:00,False,,/actualidad/partidos-de-futbol-hoy-sabado-7-de-marzo-de-2026-en-vivo-horarios-y-canales-para-ver-futbol/,529
Jhojhanni Fiorini,"RD será una de las 20 economías con mayor crecimiento per cápita, según Harvard",república dominicana,2026-02-11T13:01:28-04:00,False,,/money-invest/republica-dominicana/harvard-proyecta-fuerte-crecimiento-para-rd-hasta-2034/,529
Andrea Mercedes,Lluvias en RD hoy 13 de abril: elevan a alerta roja el Gran Santo Domingo ,daily news,2026-04-13T17:24:34-04:00,False,,/money-invest/daily-news/lluvias-en-rd-hoy-13-de-abril-elevan-a-alerta-roja-el-gran-santo-domingo/,528
Gabriel Rico Albarrán,El fin de la encuesta Gallup: por qué deja de medir la aprobación presidencial en Estados Unidos,actualidad,2026-02-16T10:23:08-04:00,False,,/actualidad/fin-de-la-encuesta-gallup-por-que-deja-de-medir-la-aprobacion-presidencial-en-estados-unidos/,528
pferreras,Descubre la alimentación ideal según tu tipo de sangre,medihealth,2021-05-27T08:07:18-04:00,False,,/medihealth/descubre-la-alimentacion-ideal-segun-tu-tipo-de-sangre/,527
Elba Reyes,Las mejores ciudades del mundo en 2026: qué ciudades de América Latina entraron en el ranking,lifestyle,2026-03-13T14:05:58-04:00,False,,/lifestyle/las-mejores-ciudades-del-mundo-en-2026-que-ciudades-de-america-latina-entraron-en-el-ranking/,527
Elba Reyes,Las cinco ciudades más caras de América Latina para comprar un apartamento,money invest,2026-01-27T15:06:54-04:00,False,,/money-invest/las-cinco-ciudades-mas-caras-de-america-latina-para-comprar-un-apartamento/,525
Jhojhanni Fiorini,El iPhone 18 podría llegar con menos de lo esperado para no subir su precio,technology,2026-04-27T12:49:38-04:00,False,,/technology/el-iphone-18-podria-llegar-con-menos-de-lo-esperado-para-no-subir-su-precio/,525
Jhojhanni Fiorini,Resultados de loterías del martes 10 de febrero de 2026,actualidad,2026-02-11T08:47:55-04:00,False,,/actualidad/resultados-de-loterias-del-martes-10-de-febrero-de-2026/,524
Jhojhanni Fiorini,Latinoamérica concentra 4 de los países más peligrosos del mundo,internacional,2025-12-19T11:54:41-04:00,False,,/money-invest/internacional-economia/latinoamerica-concentra-4-de-los-paises-mas-peligrosos-del-mundo/,524
Jhojhanni Fiorini,Traventto: Nuevo proyecto residencial en Santo Domingo ,construcción,2025-05-27T10:59:46-04:00,False,,/construccion/traventto-nuevo-proyecto-residencial-en-santo-domingo/,524
Miguel Vega,Ranking de los 10 países que más invierten en República Dominicana,república dominicana,2026-02-13T14:31:05-04:00,False,,/money-invest/ranking-de-los-10-paises-que-mas-invierten-en-republica-dominicana/,523
Andrea Mercedes,¿Qué pasará en Colombia si Petro no reconoce los resultados de la segunda vuelta el 21 de junio?,daily news,2026-06-19T17:01:26-04:00,False,,/money-invest/daily-news/que-pasara-en-colombia-si-petro-no-reconoce-los-resultados-de-la-segunda-vuelta-el-21-de-junio/,522
Elba Reyes,Vaguada activa sobre República Dominicana: lluvias desde temprano marcan la jornada de este martes 7 de marzo 2026,actualidad,2026-04-07T10:13:33-04:00,False,,/actualidad/vaguada-activa-sobre-republica-dominicana-lluvias-desde-temprano-marcan-la-jornada-de-este-martes/,521
Miguel Vega,"Economía dominicana inicia 2026 con crecimiento de 3.5 % en enero, el más alto en diez meses",finanzas,2026-03-03T10:25:35-04:00,False,,/money-invest/economia-dominicana-inicia-2026-con-crecimiento-de-3-5-en-enero-el-mas-alto-en-diez-meses/,520
Elba Reyes,WhatsApp se reinventa: lo que debes saber sobre el diseño “Liquid Glass” y cómo obtenerlo,technology,2026-04-23T14:36:00-04:00,False,,/technology/whatsapp-se-reinventa-lo-que-debes-saber-sobre-el-diseno-liquid-glass-y-como-obtenerlo/,519
Jhojhanni Fiorini,Banco Mundial prevé crecimiento de 4.5 % para RD en 2026,república dominicana,2026-01-14T15:19:20-04:00,False,,/money-invest/republica-dominicana/banco-mundial-preve-crecimiento-de-4-5-para-rd-en-2026/,518
Gabriel Rico Albarrán,Clinofilia: el trastorno detrás del no querer levantarse de la cama,medihealth,2023-04-27T17:22:59-04:00,False,,/medihealth/clinofilia-el-trastorno-detras-del-no-querer-levantarse-de-la-cama/,518
Elba Reyes,Precio del dólar hoy en República Dominicana este lunes 8 de junio de 2026,república dominicana,2026-06-08T08:47:10-04:00,False,,/money-invest/republica-dominicana/precio-del-dolar-hoy-en-republica-dominicana-este-lunes-8-de-junio-de-2026/,517
Jhojhanni Fiorini,"Partidos de fútbol hoy, jueves 19 de febrero de 2026 EN VIVO: horarios y canales para ver fútbol",actualidad,2026-02-19T10:29:23-04:00,False,,/actualidad/partidos-de-hoy-jueves-19-de-febrero-de-2026-en-vivo-horarios-y-canales-para-ver-futbol/,517
Edwin Lozada,"Elecciones Perú 2026| Roberto Sánchez toma ventaja, va ganando por décimas frente a Keiko Fujimori",internacional,2026-06-08T20:09:03-04:00,False,,/money-invest/daily-news/peru-2026-roberto-sanchez-ventaja-peru-2026-keiko-fujimori/,516
Elba Reyes,Resultados de la Lotería Quiniela Real del miércoles 13 de mayo de 2026,actualidad,2026-05-14T08:36:01-04:00,False,,/actualidad/resultados-de-la-loteria-quiniela-real-del-miercoles-13-de-mayo-de-2026/,514
Jhojhanni Fiorini,Aumentan los combustibles en República Dominicana: gasolina premium supera los RD$ 341 por galón,república dominicana,2026-06-15T16:16:01-04:00,False,,/money-invest/daily-news/aumentan-los-combustibles-en-republica-dominicana-gasolina-premium-supera-los-rd-341-por-galon/,514
Elba Reyes,Las últimas imágenes de Eric Dane en silla de ruedas antes de morir por ELA,daily news,2026-02-20T12:31:21-04:00,False,,/money-invest/happening-now/las-ultimas-imagenes-de-eric-dane-en-silla-de-ruedas-antes-de-morir-por-ela/,513
Rodrigo Muñoz,Ranking: Las ciudades más exclusivas del mundo en 2025,lifestyle,2025-05-21T14:55:33-04:00,False,,/lifestyle/ranking-las-ciudades-mas-exclusivas-del-mundo-en-2025/,513
Darling Gil,In memoriam | Héctor Rizek Llabaly,república dominicana,2026-03-28T15:56:03-04:00,False,,/money-invest/republica-dominicana/in-memoriam-hector-rizek-llabaly/,512
Gabriel Rico Albarrán,"Lunar Embassy, el negocio que vende parcelas en la Luna",de la revista,2023-03-21T17:11:28-04:00,False,,/mercado/lunar-embassy-negocio-luna/,512
Elba Reyes,"Estados Unidos puede negarte la entrada si tienes este contenido en tu celular, aunque tengas visa",internacional,2026-02-03T11:05:32-04:00,False,,/internacional/estados-unidos-puede-negarte-la-entrada-si-tienes-este-contenido-en-tu-celular-aunque-tengas-visa/,511
Karime Rivas,El algoritmo ama a Shakira: por qué “Dai Dai” explotó mucho más allá del fútbol,trends,2026-05-28T13:02:19-04:00,False,,/mercado-women/trends/shakira-exito-dai-dai/,508
Gabriel Rico Albarrán,Frank Rainieri: CEAPI es una oportunidad para integrar al sector privado latinoamericano,mercado interview,2022-06-02T09:47:33-04:00,False,,/mercado-interview/frank-rainieri-sector-privado-latinoamericano-ceapi/,507
Jhojhanni Fiorini,"Estados Unidos queda fuera del podio: los países más ricos en 2026, según el FMI",money invest,2026-02-20T13:21:11-04:00,False,,/money-invest/estados-unidos-no-es-el-primero-estos-son-los-paises-mas-ricos-en-2026/,506
Karime Rivas,"Lina Botero Zea, la dama heredera del arte contemporáneo",influencers,2021-05-18T19:46:28-04:00,False,,/mercado-women/lina-botero-zea-la-dama-heredera-del-arte-contemporaneo/,506
Jhojhanni Fiorini,Los países que lideran la revolución de la IA en Latinoamérica,artificial intelligence,2025-11-13T11:15:21-04:00,False,,/technology/artificial-intelligence/los-paises-que-lideran-la-revolucion-de-la-ia-en-latinoamerica/,502
Andrea Mercedes,"Colombia 2026: La elección presidencial más importante de América Latina, según Americas Quarterly",daily news,2026-05-29T15:06:24-04:00,False,,/money-invest/daily-news/colombia-2026-la-eleccion-presidencial-mas-importante-de-america-latina-segun-americas-quarterly/,502
Andrea Mercedes,"Subsidio a combustibles subió casi un 1,000%; hoy habría más alzas",daily news,2026-03-20T16:15:12-04:00,False,,/money-invest/daily-news/subsidio-a-combustibles-subio-casi-un-1000-hoy-habria-mas-alzas/,502
Jhojhanni Fiorini,Ranking presidencial: Milei primero y Maduro último,internacional,2025-12-26T16:23:54-04:00,False,,/money-invest/internacional-economia/ranking-presidencial-milei-primero-y-maduro-ultimo/,502
Andrea Mercedes,¿Por qué EE. UU. bloquea el dinero de Maduro para pagar a sus abogados?,daily news,2026-03-27T15:19:08-04:00,False,,/money-invest/daily-news/por-que-ee-uu-bloquea-el-dinero-de-maduro-para-pagar-a-sus-abogados/,501
Andrea Mercedes,Elecciones Perú 2026: ¿Por qué Roberto Sánchez pide anular los votos del extranjero en las elecciones de Perú?,daily news,2026-06-23T09:13:09-04:00,False,,/money-invest/daily-news/elecciones-peru-2026-por-que-roberto-sanchez-pide-anular-los-votos-del-extranjero-en-las-elecciones-de-peru/,501
Andrea Mercedes,"Elecciones Colombia 2026: ¿Quién es Iván Cepeda, el hombre que podría suceder a Gustavo Petro en Colombia?",daily news,2026-05-28T11:34:19-04:00,False,,/money-invest/daily-news/elecciones-colombia-2026-quien-es-ivan-cepeda-el-hombre-que-podria-suceder-a-gustavo-petro-en-colombia/,500
Rodrigo Muñoz,"E-Commerce en República Dominicana: Cifras, tendencias y futuro",e-commerce,2025-07-21T16:43:29-04:00,False,,/technology/e-commerce-technology/e-commerce-en-republica-dominicana-cifras-tendencias-y-futuro/,498
Jhojhanni Fiorini,¿Cuándo se puede preordenar GTA VI y cuánto costará? Todo lo que reveló Rockstar Games,empresas,2026-06-23T11:50:42-04:00,False,,/empresas/cuando-se-puede-preordenar-gta-vi-y-cuanto-costara-todo-lo-que-revelo-rockstar-games/,498
Andrea Mercedes,Gobierno RD presenta paquete de medidas económicas este jueves ante incertidumbre global,daily news,2026-06-11T15:58:01-04:00,False,,/money-invest/daily-news/gobierno-rd-presenta-paquete-de-medidas-economicas-este-jueves-ante-incertidumbre-global/,498
Karime Rivas,"Ana Lucía Pineda, la empresaria que llegará a la Casa de Nariño con una agenda propia",leadership,2026-06-22T20:10:01-04:00,False,,/mercado-women/leadership/ana-lucia-pineda-primera-dama-colombia/,496
Jhojhanni Fiorini,Claves del Foro Económico Internacional ALC 2026 CAF,money invest,2026-01-13T14:32:43-04:00,False,,/money-invest/claves-del-foro-economico-internacional-alc-2026-caf/,495
Jhojhanni Fiorini,Oro y plata se hunden tras récords históricos y agravan pérdidas,market brief,2026-02-02T17:28:20-04:00,False,,/market-brief/oro-y-plata-se-hunden-tras-records-historicos-y-agravan-perdidas/,493
Jhojhanni Fiorini,"Estas son las 10 marcas más valiosas de América Latina, según Wall Street",empresas,2026-02-24T16:58:30-04:00,False,,/empresas/estas-son-las-10-marcas-mas-valiosas-de-america-latina-segun-wall-street/,492
Elba Reyes,Clima hoy y mañana en República Dominicana: lluvias y alertas este viernes 27 y sábado 28 de marzo de 2026,daily news,2026-03-27T08:20:52-04:00,False,,/money-invest/daily-news/clima-hoy-y-manana-en-republica-dominicana-lluvias-y-alertas-este-viernes-27-y-sabado-28-de-marzo-de-2026/,491
Jhojhanni Fiorini,Los 10 idiomas mas importantes para hacer negocios en el mundo en 2026,money invest,2026-03-02T17:13:34-04:00,False,,/money-invest/los-10-idiomas-mas-importantes-para-hacer-negocios-en-el-mundo-en-2026/,490
Andrea Mercedes,Combustibles subirán hasta RD$6 y RD$3 este viernes en República Dominicana,daily news,2026-06-12T13:31:06-04:00,False,,/money-invest/daily-news/combustibles-subiran-hasta-rd6-y-rd3-este-viernes-en-republica-dominicana/,490
Jhojhanni Fiorini,Los 10 mejores hospitales del mundo en 2025,medihealth,2025-12-24T17:31:35-04:00,False,,/medihealth/los-10-mejores-hospitales-del-mundo-en-2025/,490
Elba Reyes,Resultados de la Lotería Quiniela Real del domingo 10 de mayo de 2026,actualidad,2026-05-11T08:34:25-04:00,False,,/actualidad/resultados-de-la-loteria-quiniela-real-del-domingo-10-de-mayo-de-2026/,489
Jhojhanni Fiorini,"Partidos de la UEFA Europa League hoy, jueves 12 de marzo de 2026. EN VIVO: horarios y canales para ver fútbol",actualidad,2026-03-12T09:58:07-04:00,False,,/actualidad/partidos-de-la-uefa-europa-league-hoy-jueves-12-de-marzo-de-2026-en-vivo-horarios-y-canales-para-ver-futbol/,489
Jhojhanni Fiorini,Apple prepara la revolución total: Así es el iPhone 19 Pro que celebrará 20 años de historia,devices,2026-05-26T15:56:53-04:00,False,,/technology/devices/apple-prepara-la-revolucion-total-asi-es-el-iphone-19-pro-que-celebrara-20-anos-de-historia/,487
SIN_AUTOR,,,,False,404 Client Error: Not Found for url: https://revistamercado.do/empresas/asi-quedo-el-ranking-de-los-mas-ricos-del-mundo-en-marzo-2026/,/empresas/asi-quedo-el-ranking-de-los-mas-ricos-del-mundo-en-marzo-2026/,487
Jhojhanni Fiorini,"Estas son las 4 preguntas que no debes hacerle a ChatGPT, según expertos en ciberseguridad",artificial intelligence,2026-01-16T12:01:17-04:00,False,,/technology/artificial-intelligence/estas-son-las-4-preguntas-que-no-debes-hacerle-a-chatgpt-segun-expertos-en-ciberseguridad/,487
Jhojhanni Fiorini,La familia Luksic entre las mayores fortunas del mundo,empresas,2025-12-30T14:21:20-04:00,False,,/empresas/la-familia-luksic-entre-las-mayores-fortunas-del-mundo/,485
Stacy Frias,El impacto de una mujer que lidera desde valores,mujeres de poder &amp; éxito,2026-02-18T11:14:16-04:00,False,,/empresas/liderazgo-femenino-valores-que-transforman-empresas/,485
Andrea Mercedes,¿Qué pasó en el incendio del hotel Viva Dominicus Beach en Bayahíbe?,daily news,2026-06-22T14:08:43-04:00,False,,/money-invest/daily-news/que-paso-en-el-incendio-del-hotel-viva-dominicus-beach-en-bayahibe/,484
Gabriel Rico Albarrán,Qué sectores económicos aportan más al PIB de República Dominicana,money invest,2023-06-28T09:05:37-04:00,False,,/money-invest/sectores-economicos-que-aportan-mas-al-pib-de-republica-dominicana/,484
Jhojhanni Fiorini,El iPhone 18 Pro redefine su pantalla: filtraciones revelan cambios clave en la Dynamic Island,technology,2026-05-05T13:59:43-04:00,False,,/technology/el-iphone-18-pro-redefine-su-pantalla-filtraciones-revelan-cambios-clave-en-la-dynamic-island/,484
Elba Reyes,Resultados de la Lotería Quiniela Real del jueves 18 junio de 2026,actualidad,2026-06-19T08:57:04-04:00,False,,/actualidad/resultados-de-la-loteria-quiniela-real-del-jueves-18-junio-de-2026/,484
Elba Reyes,Precio del dólar hoy en República Dominicana este lunes 6 de abril 2026,money invest,2026-04-06T09:47:32-04:00,False,,/money-invest/precio-del-dolar-hoy-en-republica-dominicana-este-lunes-6-de-abril-2026/,483
Rodrigo Muñoz,Línea de tiempo del iPhone: De la revolución de 2007 al nuevo iPhone 17,devices,2025-09-10T12:32:04-04:00,False,,/technology/devices/la-evolucion-del-iphone-de-la-revolucion-de-2007-al-iphone-17/,483
Elba Reyes,¿Cómo hace Google para que tu teléfono Android avise de un terremoto antes de sentirlo?,devices,2026-06-26T16:03:30-04:00,False,,/technology/devices/como-hace-google-para-que-tu-telefono-android-avise-de-un-terremoto-antes-de-sentirlo/,482
Jhojhanni Fiorini,"Nuevo billete de RD$ 1,000 en República Dominicana: qué cambia y desde cuándo circula ",república dominicana,2026-02-16T14:58:57-04:00,False,,/money-invest/republica-dominicana/nuevo-billete-de-rd-1000-en-republica-dominicana-que-cambia-y-desde-cuando-circula/,480
Andrea Mercedes,Tasas de cambio en RD hoy 30 de abril de 2026: dólar en bancos y remesedoras,money invest,2026-04-30T08:38:58-04:00,False,,/money-invest/tasas-de-cambio-en-rd-hoy-30-de-abril-de-2026-dolar-en-bancos-y-remesedoras/,479
Elba Reyes,Precio del dólar hoy en la República Dominicana este lunes 11 de mayo del 2026,república dominicana,2026-05-11T08:31:10-04:00,False,,/money-invest/republica-dominicana/precio-del-dolar-hoy-en-la-republica-dominicana-este-lunes-11-de-mayo-del-2026/,479
Gabriel Rico Albarrán,Empresas Más Admiradas Región Norte: claves para el crecimiento y el liderazgo empresarial,mercado events,2026-02-25T12:54:10-04:00,False,,/mercado-exchange/empresas-mas-admiradas-region-norte-claves-para-el-crecimiento-y-el-liderazgo-empresarial/,478
Andrea Mercedes,"El monorriel de SD pierde frente al metro, pero gana en costo: esta fue la decisión",daily news,2026-03-30T17:10:28-04:00,False,,/money-invest/daily-news/el-monorriel-de-sd-pierde-frente-al-metro-pero-gana-en-costo-esta-fue-la-decision/,478
Jhojhanni Fiorini,iPhone 17 vs iPhone 18: Apple prepara cambios clave y no todos importan,technology,2026-03-31T18:09:37-04:00,False,,/technology/iphone-17-vs-iphone-18-apple-prepara-cambios-clave-y-no-todos-importan/,477
Elba Reyes,10 jóvenes emprendedores exitosos que crearon empresas antes de los 21,empresas,2026-03-09T14:50:02-04:00,False,,/empresas/10-jovenes-emprendedores-exitosos-que-crearon-empresas-antes-de-los-21/,477
Jhojhanni Fiorini,Exjefe de seguridad en IA de Anthropic renuncia y advierte: “El mundo está en peligro”: los riesgos que señaló,artificial intelligence,2026-02-13T06:00:58-04:00,False,,/technology/artificial-intelligence/renuncia-exjefe-seguridad-ia-anthropic-mundo-en-peligro/,476
Elba Reyes,Mundial 2026: resultados del repechaje y nuevas selecciones clasificadas,actualidad,2026-04-01T11:31:47-04:00,False,,/actualidad/mundial-2026-resultados-del-repechaje-y-nuevas-selecciones-clasificadas/,476
Rodrigo Muñoz,Ranking: Los principales socios comerciales de China en Latinoamerica,money invest,2025-07-01T11:52:40-04:00,False,,/money-invest/ranking-los-principales-socios-comerciales-de-china-en-latinoamerica/,476
SIN_AUTOR,,,,False,,/who-is-who/fernando-hazoury/,475
Gabriel Rico Albarrán,Estos son los servicios que ofrece Banreservas en su oficina de Madrid,empresas,2023-01-23T10:51:46-04:00,False,,/empresas/servicios-banreservas-oficina-madrid-espana/,475
Juan Botero,"La IA transforma las empresas dominicanas: casos, estrategias y visión nacional",empresas,2025-07-29T15:46:46-04:00,False,,/empresas/la-ia-transforma-las-empresas-dominicanas-casos-estrategias-y-vision-nacional/,474
Rodrigo Muñoz,La diáspora dominicana en cifras: ¿Qué países acogen a más dominicanos?,internacional,2025-02-20T10:23:47-04:00,False,,/internacional/la-diaspora-dominicana-en-cifras-que-paises-acogen-a-mas-dominicanos/,473
Elba Reyes,Precio del dólar hoy en República Dominicana este lunes 23 de febrero 2026,money invest,2026-02-23T08:41:57-04:00,False,,/money-invest/precio-del-dolar-hoy-en-republica-dominicana-este-lunes-23-de-febrero-2026/,470
Jhojhanni Fiorini,Cómo Apple cambió el mundo: la historia detrás del ícono ,empresas,2024-11-19T10:50:23-04:00,False,,/empresas/como-apple-cambio-el-mundo-la-historia-detras-del-icono/,468
Jhojhanni Fiorini,Países de Latinoamérica intervenidos por Estados Unidos,internacional,2026-01-05T13:23:04-04:00,False,,/money-invest/internacional-economia/paises-de-latinoamerica-intervenidos-por-estados-unidos/,468
SIN_AUTOR,,,,False,404 Client Error: Not Found for url: https://revistamercado.do/dining-out/los-mejores-restaurantes-de-las-terrenas-new-years-favorites/,/dining-out/los-mejores-restaurantes-de-las-terrenas-new-years-favorites/,468
Elba Reyes,10 destinos baratos para vacacionar en 2026 que valen la pena,lifestyle,2026-01-21T14:01:36-04:00,False,,/lifestyle/10-destinos-baratos-para-vacacionar-en-2026-que-valen-la-pena/,468
Rodrigo Muñoz,10 Estrategias para mejorar la comunicación jefe-empleado,gestión,2024-05-09T11:56:31-04:00,False,,/empresas/gestion/10-estrategias-para-mejorar-la-comunicacion-jefe-empleado/,467
Gabriel Rico Albarrán,Cumbre del G7 en Evian: Ginebra se blinda ante las protestas a las puertas del foro,política,2026-06-08T11:18:13-04:00,False,,/politica/cumbre-del-g7-en-evian-ginebra-se-blinda-ante-las-protestas-a-las-puertas-del-foro/,467
SIN_AUTOR,,,,False,,/who-is-who/jose-luis-ochoa/,466
Elba Reyes,"Amazon Prime Day 2026: cuándo es, qué ofertas trae y cómo comprar desde República Dominicana",actualidad,2026-06-15T11:50:21-04:00,False,,/actualidad/amazon-prime-day-2026-cuando-es-que-ofertas-trae-y-como-comprar-desde-republica-dominicana/,465
Andrea Mercedes,"Abinader anuncia subsidios y advierte alzas en luz, transporte y alimentos",daily news,2026-03-26T17:47:04-04:00,False,,/money-invest/daily-news/abinader-anuncia-subsidios-y-advierte-alzas-en-luz-transporte-y-alimentos/,464
Elba Reyes,Ranking mundial de felicidad 2026: estos son los países más felices del mundo,lifestyle,2026-03-21T08:00:14-04:00,False,,/lifestyle/ranking-mundial-de-felicidad-2026-estos-son-los-paises-mas-felices-del-mundo/,463
Karime Rivas,Lugares turísticos de República Dominicana para visitar este año,turismo,2022-04-14T11:50:47-04:00,False,,/turismo/lugares-turisticos-de-republica-dominicana-para-visitar-este-ano/,463
Jhojhanni Fiorini,"Qué empresarios están detrás del Escogido, campeón de la LIDOM tras la Serie Final 2025‑26",sport business,2026-01-28T16:12:49-04:00,False,,/empresas/sport-business/que-empresarios-estan-detras-del-escogido-campeon-de-la-lidom-tras-la-serie-final-2025‑26/,462
Jhojhanni Fiorini,iOS 27 prepara uno de los cambios más visibles en el sistema del iPhone,technology,2026-03-16T16:22:13-04:00,False,,/technology/ios-27-prepara-uno-de-los-cambios-mas-visibles-en-el-sistema-del-iphone/,462
Jhojhanni Fiorini,"Terapia Cognitivo Conductual: métodos, técnicas y resultados ",medihealth,2024-09-16T17:06:45-04:00,False,,/medihealth/terapia-cognitivo-conductual-metodos-tecnicas-y-resultados/,462
Karime Rivas,¿Autismo sin saberlo? Las señales que pasaste por alto toda tu vida,salud,2025-02-05T14:58:03-04:00,False,,/medihealth/salud/autismo-invisible-las-senales/,462
Elba Reyes,"Estos son los 9 países con peor calidad de agua potable, según datos internacionales",salud,2026-02-25T16:17:41-04:00,False,,/medihealth/salud/estos-son-los-9-paises-con-peor-calidad-de-agua-potable-segun-datos-internacionales/,461
Andrea Mercedes,El ranking de las economías que más crecieron en Latinoamérica y hay sorpresas,internacional,2026-03-25T13:00:29-04:00,False,,/money-invest/internacional-economia/el-ranking-de-las-economias-que-mas-crecieron-en-latinoamerica-y-hay-sorpresas/,459
SIN_AUTOR,,,,False,404 Client Error: Not Found for url: https://revistamercado.do/empresas/sport-business/esto-es-una-prueba-nelson-cruz-revela-que-hubo-muchas-lagrimas-en-el-camerino/,/empresas/sport-business/esto-es-una-prueba-nelson-cruz-revela-que-hubo-muchas-lagrimas-en-el-camerino/,459
Elba Reyes,FITUR 2026 en Madrid. Así se desarrolla la feria internacional de turismo,fitur,2026-01-23T10:46:23-04:00,False,,/turismo/fitur/🔴-fitur-2026-en-vivo-minuto-a-minuto-con-revista-mercado/,459
Elba Reyes,TOP 14 de ideas de negocio rentables que ya triunfan a nivel global,empresas,2026-01-23T15:34:37-04:00,False,,/empresas/top-14-ideas-de-negocio-rentables-que-ya-triunfan-a-nivel-global/,458
Rodrigo Muñoz,Ranking: : El top 10 de accionistas con mayor participación en Meta,brand business,2025-05-19T14:20:45-04:00,False,,/empresas/brand-business/ranking-el-top-10-de-accionistas-con-mayor-participacion-en-meta/,458
Karime Rivas,¿Te duele la cabeza después de toser? Esto podría ser serio,salud,2025-08-26T18:43:24-04:00,False,,/medihealth/salud/duele-la-cabeza-al-toser/,457
Elba Reyes,"Las playas mejor valoradas de República Dominicana en 2026, según Tripadvisor",turismo,2026-02-04T15:50:01-04:00,False,,/turismo/las-playas-mejor-valoradas-de-republica-dominicana-en-2026-segun-tripadvisor/,457
Jhojhanni Fiorini,Cómo la neurociencia puede mejorar tu rendimiento mental ,salud,2025-05-09T11:31:32-04:00,False,,/medihealth/salud/como-la-neurociencia-puede-mejorar-tu-rendimiento-mental/,457
Andrea Mercedes,Revelan los nombres de los huracanes de 2026 y el inminente riesgo para República Dominicana ,daily news,2026-04-20T14:39:58-04:00,False,,/money-invest/daily-news/revelan-los-nombres-de-los-huracanes-de-2026-y-el-inminente-riesgo-para-republica-dominicana/,456
SIN_AUTOR,,,,False,404 Client Error: Not Found for url: https://revistamercado.do/travel/guia-a-playa-fronton-where-adventure-meets-paradise/,/travel/guia-a-playa-fronton-where-adventure-meets-paradise/,453
revistamercado,"Qué es el RNC, cómo se consulta y cómo se obtiene",money invest,2024-01-01T12:30:12-04:00,False,,/money-invest/que-es-el-rnc-como-lo-obtengo-2/,452
Jhojhanni Fiorini,Cómo IKEA convirtió la historia viral de Punch en una estrategia de branding efectiva,empresas,2026-02-20T16:11:09-04:00,False,,/empresas/como-ikea-convirtio-la-historia-viral-de-punch-en-una-estrategia-de-branding-efectiva/,452
Elba Reyes,"Ver The Boys gratis puede salir caro: los riesgos de Magis TV, Xuper TV y Cuevana",technology,2026-04-09T13:26:41-04:00,False,,/technology/ver-the-boys-gratis-puede-salir-caro-los-riesgos-de-magis-tv-xuper-tv-y-cuevana/,451
Jhojhanni Fiorini,Trump declara emergencia por petróleo venezolano en EEUU,internacional,2026-01-10T16:11:16-04:00,False,,/money-invest/internacional-economia/trump-declara-emergencia-por-petroleo-venezolano-en-eeuu/,450
Andrea Mercedes,Artemis II: quiénes son las mujeres que están detrás de la misión lunar ,mercado women,2026-04-06T17:54:01-04:00,False,,/mercado-women/artemis-ii-quienes-son-las-mujeres-que-estan-detras-de-la-mision-lunar/,449
SIN_AUTOR,,,,False,,/event/energy-summit-2025/,449
Edwin Lozada,"Meta RD 2036, tecnología y empleo: el plan económico que Abinader puso en el centro de su rendición de cuentas 2026",nacional,2026-02-27T13:51:04-04:00,False,,/nacional/meta-rd-2036-anuncios-tecnologia-empleo-inversion-rendicion-cuentas-abinader-2026/,448
Andrea Mercedes,Gasolina supera los RD$300 por primera vez tras alza de RD$10,daily news,2026-03-24T11:18:07-04:00,False,,/money-invest/daily-news/gasolina-supera-los-rd300-por-primera-vez-tras-alza-de-rd10/,447
Elba Reyes,Guía de consulta: Cómo saber si calificas para el Bono Madre 2026 en RD,actualidad,2026-05-27T16:11:26-04:00,False,,/actualidad/guia-de-consulta-como-saber-si-calificas-para-el-bono-madre-2026-en-rd/,447
Elba Reyes,"¿De qué murió Chuck Norris, actor de acción y estrella de Hollywood a los 86 años?",daily news,2026-03-20T12:03:12-04:00,False,,/money-invest/daily-news/de-que-murio-chuck-norris-actor-de-accion-y-estrella-de-hollywood-a-los-86-anos/,446
Miguel Vega,Colas de madrugada en Tokio y el mundo por el reloj Royal Pop,collection estilos de vida,2026-05-15T15:32:04-04:00,False,,/ediciones-especiales/collection-estilos-de-vida/swatch-audemars-piguet-royal-pop-colas-reventa-tokio-2026/,445
Andrea Mercedes,Nueva cédula en RD: dónde sacar cita y horarios desde el 12 de abril,daily news,2026-04-10T16:30:21-04:00,False,,/money-invest/daily-news/elecciones-en-peru-quien-lidera-las-encuestas-antes-del-domingo-12-de-abril-2/,444
Elba Reyes,Las mejores playas del mundo en 2026: el top 17 incluye una en República Dominicana,lifestyle,2026-01-23T13:13:30-04:00,False,,/lifestyle/las-mejores-playas-del-mundo-en-2026-el-top-17-incluye-una-en-republica-dominicana/,444
Jhojhanni Fiorini,Los 10 mayores exportadores de carne vacuna en 2025,money invest,2025-08-28T16:18:25-04:00,False,,/money-invest/los-10-mayores-exportadores-de-carne-vacuna-en-2025/,444
Andrea Mercedes,Elecciones Colombia 2026 | De la Espriella vs. Cepeda: qué cambió en el país desde la primera vuelta hasta hoy,daily news,2026-06-16T15:02:58-04:00,False,,/money-invest/daily-news/elecciones-colombia-2026-de-la-espriella-vs-cepeda-que-cambio-en-el-pais-desde-la-primera-vuelta-hasta-hoy/,444
Elba Reyes,Lo que nadie te está diciendo sobre viajar en 2026: 7 tendencias clave,lifestyle,2026-01-15T14:12:39-04:00,False,,/lifestyle/lo-que-nadie-te-esta-diciendo-sobre-viajar-en-2026-7-tendencias-clave/,441
Elba Reyes,¿Qué país sufrirá más la crisis energética global? Este ranking lo revela,money invest,2026-03-23T17:00:12-04:00,False,,/money-invest/que-pais-sufrira-mas-la-crisis-energetica-global-este-ranking-lo-revela/,440
Jhojhanni Fiorini,Los 10 países con más aeropuertos del mundo: EE. UU. lidera el ranking,viajes,2026-02-02T13:06:11-04:00,False,,/lifestyle/viajes/los-10-paises-con-mas-aeropuertos-del-mundo-ee-uu-lidera-el-ranking/,440
Elba Reyes,Clásico Mundial de Béisbol 2026: las 10 estrellas que marcarán el torneo,sport business,2026-03-04T17:30:20-04:00,False,,/empresas/sport-business/clasico-mundial-de-beisbol-2026-las-10-estrellas-que-marcaran-el-torneo/,439
Elba Reyes,¿Su próximo gran empleado? Google lanza el asistente que trabaja solo mientras usted descansa,artificial intelligence,2026-05-20T16:20:04-04:00,False,,/technology/artificial-intelligence/su-proximo-gran-empleado-google-lanza-el-asistente-que-trabaja-solo-mientras-usted-descansa/,438
Jhojhanni Fiorini,"Partidos del Mundial 2026 hoy, miércoles 17 de junio: programación TV, horarios en República Dominicana y dónde ver fútbol en vivo",actualidad,2026-06-17T09:07:26-04:00,False,,/actualidad/partidos-del-mundial-2026-hoy-miercoles-17-de-junio-programacion-tv-horarios-en-republica-dominicana-y-donde-ver-futbol-en-vivo/,437
Rodrigo Muñoz,Ranking: Marcas de fast food más valiosas del mundo en 2025,brand business,2025-03-27T13:56:11-04:00,False,,/empresas/brand-business/ranking-marcas-de-fast-food-mas-valiosas-del-mundo-en-2025/,437
Andrea Mercedes,"Quién es Noelia Castillo, la joven que accedió a la eutanasia tras una batalla judicial en España",daily news,2026-03-26T14:48:57-04:00,False,,/money-invest/daily-news/quien-es-noelia-castillo-la-joven-que-accedio-a-la-eutanasia-tras-una-batalla-judicial-en-espana/,437
Karime Rivas,"Reescribiendo la edad: NAD+ y péptidos, la próxima era del antienvejecimiento",salud,2025-09-24T14:27:03-04:00,False,,/medihealth/salud/nad-y-peptidos-antienvejecimiento/,436
Jhojhanni Fiorini,"Partidos de fútbol hoy, sábado 14 de marzo de 2026. EN VIVO: horarios y canales para ver fútbol",actualidad,2026-03-14T09:28:20-04:00,False,,/actualidad/partidos-de-futbol-hoy-sabado-14-de-marzo-de-2026-en-vivo-horarios-y-canales-para-ver-futbol/,436
Karime Rivas,Top 10 marcas de belleza más rentables lanzadas por celebridades,trends,2025-01-21T14:22:42-04:00,False,,/mercado-women/trends/top-10-marcas-de-belleza-mas-rentables/,435
Karime Rivas,"El diablo viste a la moda, un grito de poder camuflado de alta costura",trends,2025-08-06T16:48:27-04:00,False,,/mercado-women/trends/el-diablo-viste-a-la-moda-su-mensaje/,435
Karime Rivas,"La desconocida vida de María del Pino Calvo-Sotelo, la multimillonaria invisible",leadership,2024-06-13T21:27:43-04:00,False,,/mercado-women/leadership/la-desconocida-vida-de-maria-del-pino-calvo-sotelo/,434
Jhojhanni Fiorini,"Resultados de las loterías que se jugaron ayer en RD: Loto Pool, Súper Kino y Quiniela Leidsa | viernes 6 de febrero",actualidad,2026-02-06T09:14:57-04:00,False,,/actualidad/resultados-de-las-loterias-que-se-jugaron-ayer-en-rd-loto-pool-super-kino-y-quiniela-leidsa-viernes-6-de-febrero/,433
Miguel Vega,Rusia ataca con misiles balísticos infraestructura industrial del centro de Ucrania,daily news,2026-06-26T17:53:26-04:00,False,,/money-invest/daily-news/rusia-ataca-con-misiles-balisticos-infraestructura-industrial-del-centro-de-ucrania/,433
pferreras,"La historia de Amazon, una compañía multimillonaria que inició en un garaje",empresas,2021-09-10T02:42:27-04:00,False,,/empresas/la-historia-de-amazon-una-compania-multimillonaria-que-inicio-en-un-garaje/,433
Elba Reyes,Virus de transmisión sexual ya supera al tabaco como causa de cáncer de garganta,salud,2026-03-19T16:30:20-04:00,False,,/medihealth/salud/virus-de-transmision-sexual-ya-supera-al-tabaco-como-causa-de-cancer-de-garganta/,432
Rodrigo Muñoz,Ranking: Top 10 cripto-millonarios que dominan el dinero digital,criptomonedas,2025-07-18T10:28:59-04:00,False,,/criptomonedas/ranking-top-10-cripto-millonarios-que-dominan-el-dinero-digital/,432
Elba Reyes,Así será la espectacular triple inauguración del Mundial 2026 con Shakira y Katy Perry,sport business,2026-06-11T12:07:32-04:00,False,,/money-invest/daily-news/asi-sera-la-espectacular-triple-inauguracion-del-mundial-2026-con-shakira-y-katy-perry/,430
SIN_AUTOR,,,,False,404 Client Error: Not Found for url: https://revistamercado.do/services/a-dress-for-less-como-alquilar-vestidos-en-santo-domingo/,/services/a-dress-for-less-como-alquilar-vestidos-en-santo-domingo/,430
SIN_AUTOR,,,,False,404 Client Error: Not Found for url: https://revistamercado.do/entertainment/las-5-novelas-dominicanas-que-todos-deben-leer/,/entertainment/las-5-novelas-dominicanas-que-todos-deben-leer/,429
Karime Rivas,Detrás del tic hay un niño: Lo que el sistema escolar no ve del síndrome de Tourette,salud,2025-07-07T21:30:31-04:00,False,,/medihealth/salud/sindrome-de-tourette-en-ninos/,428
Jhojhanni Fiorini,Mercados suben tras la intervención de EE.UU. en Venezuela,market brief,2026-01-05T11:03:45-04:00,False,,/market-brief/mercados-suben-tras-la-intervencion-de-ee-uu-en-venezuela/,428
Andrea Mercedes,Elecciones del Real Madrid 2026: cuándo son y cómo funciona el proceso para elegir presidente,sport business,2026-06-05T14:19:21-04:00,False,,/money-invest/daily-news/elecciones-del-real-madrid-2026-cuando-son-y-como-funciona-el-proceso-para-elegir-presidente/,427
Elba Reyes,Precio del dólar en República Dominicana hoy este miércoles 11 de marzo de 2026,money invest,2026-03-11T08:50:27-04:00,False,,/money-invest/precio-del-dolar-en-republica-dominicana-hoy-este-miercoles-11-de-marzo-de-2026/,426
Elba Reyes,"Los 15 destinos más peligrosos para turistas, según ministerios de exteriores",turismo,2026-02-26T16:00:32-04:00,False,,/turismo/los-15-destinos-mas-peligrosos-para-turistas-segun-ministerios-de-exteriores/,425
Rodrigo Muñoz,Los libros más vendidos en español: clásicos inmortales que conquistaron el mundo,mercadoteca,2025-09-11T11:58:58-04:00,False,,/lifestyle/mercadoteca/los-libros-mas-vendidos-en-espanol-clasicos-inmortales-que-conquistaron-el-mundo/,425
Jhojhanni Fiorini,¿La inteligencia artificial quita trabajos? Un informe desmonta el temor ,artificial intelligence,2026-01-07T14:21:09-04:00,False,,/technology/artificial-intelligence/la-inteligencia-artificial-quita-trabajos-un-informe-desmonta-el-temor/,425
Jhojhanni Fiorini,"Partidos de hoy, jueves 16 de abril del 2026: horarios y canales TV para ver fútbol en vivo ",actualidad,2026-04-16T08:44:08-04:00,False,,/actualidad/partidos-de-hoy-jueves-16-de-abril-del-2026-horarios-y-canales-tv-para-ver-futbol-en-vivo/,424
Elba Reyes,Estrenos de cine junio 2026: Las películas más esperadas del verano en RD,actualidad,2026-06-04T10:00:55-04:00,False,,/actualidad/estrenos-de-cine-junio-2026-las-peliculas-mas-esperadas-del-verano-en-rd/,423
Elba Reyes,Shebara: el nuevo símbolo del lujo futurista en Arabia Saudí,lifestyle,2025-12-31T09:45:58-04:00,False,,/lifestyle/shebara-el-nuevo-simbolo-del-lujo-futurista-en-arabia-saudi/,422
Jhojhanni Fiorini,Las inteligencias artificiales más utilizadas en 2025: según el ranking global,artificial intelligence,2026-02-11T16:00:13-04:00,False,,/technology/artificial-intelligence/las-inteligencias-artificiales-mas-utilizadas-en-2025-segun-el-ranking-global/,422
Jhojhanni Fiorini,República Dominicana acelera en comercio electrónico,money invest,2025-07-10T17:53:41-04:00,False,,/money-invest/republica-dominicana-acelera-en-comercio-electronico/,421
Miguel Vega,Sectores estrella para emprender en RD,emprender,2026-03-02T14:13:19-04:00,False,,/vision-emprendedora/sectores-estrella-para-emprender-en-rd/,420
Elba Reyes,Ranking Global del ecommerce: las apps con más usuarios a nivel mundial y las preferidas en República Dominicana,technology,2026-02-03T11:46:15-04:00,False,,/technology/ranking-global-del-ecommerce-las-apps-con-mas-usuarios-a-nivel-mundial-y-las-preferidas-en-republica-dominicana/,419
SIN_AUTOR,,,,False,,/who-is-who/christian-farach/,416
Elba Reyes,Precio del dólar en República Dominicana este martes 10 de marzo de 2026,money invest,2026-03-10T08:21:06-04:00,False,,/money-invest/precio-del-dolar-en-republica-dominicana-este-martes-10-de-marzo-de-2026/,416
Elba Reyes,BANFONDESA hace historia con el primer bono de sostenibilidad dominicano listado en Europa,empresas,2026-01-21T15:43:44-04:00,False,,/empresas/banfondesa-hace-historia-con-el-primer-bono-de-sostenibilidad-dominicano-listado-en-europa/,416
Elba Reyes,Precio del dólar hoy en República Dominicana este martes 31 de marzo de 2026,money invest,2026-03-31T09:54:21-04:00,False,,/money-invest/precio-del-dolar-hoy-en-republica-dominicana-este-martes-31-de-marzo-de-2026/,415
Elba Reyes,Precio del dólar hoy en RD: jueves 5 de febrero 2026,money invest,2026-02-05T08:00:33-04:00,False,,/money-invest/precio-del-dolar-hoy-en-rd-jueves-5-de-febrero-2026/,414
Karime Rivas,Ser pragmática: La habilidad que necesitas para triunfar hoy,coaching,2024-06-13T21:02:48-04:00,False,,/coaching/ser-pragmatica-la-habilidad-que-necesitas-para-triunfar-hoy/,414
Elba Reyes,Precio del dólar hoy en República Dominicana este miércoles 17 de junio de 2026,república dominicana,2026-06-17T09:03:41-04:00,False,,/money-invest/republica-dominicana/precio-del-dolar-hoy-en-republica-dominicana-este-miercoles-17-de-junio-de-2026/,413
Jhojhanni Fiorini,¿Por qué McDonald&#8217;s es el rey de la comida rápida? ,empresas,2024-11-20T12:00:11-04:00,False,,/empresas/por-que-mcdonalds-es-el-rey-de-la-comida-rapida/,413
Jhojhanni Fiorini,Quién ganó la batalla del mejor smartphone de 2025,technology,2025-12-24T10:28:17-04:00,False,,/technology/quien-gano-la-batalla-del-mejor-smartphone-de-2025/,413
Gabriel Rico Albarrán,"El legado de un grande: Víctor Méndez Capellán, fundador del Grupo Vimenca",actualidad,2023-02-14T11:58:43-04:00,False,,/actualidad/victor-mendez-capellan-grupo-vimenca/,411
Elba Reyes,"Clásico Mundial de Béisbol 2026: USA vs. Venezuela, cuándo y dónde ver la gran final en RD",sport business,2026-03-17T10:36:50-04:00,False,,/empresas/sport-business/clasico-mundial-de-beisbol-2026-usa-vs-venezuela-cuando-y-donde-ver-la-gran-final-en-rd/,409
Andrea Mercedes,Misión Artemis II: Cómo ver el mayor archivo visual de la Luna en 50 años,daily news,2026-05-08T16:53:36-04:00,False,,/money-invest/daily-news/mision-artemis-ii-como-ver-el-mayor-archivo-visual-de-la-luna-en-50-anos/,409
Jhojhanni Fiorini,"Partidos del Mundial 2026 hoy, martes 16 de junio: horarios en República Dominicana, canales TV y dónde ver EN VIVO",actualidad,2026-06-16T08:20:31-04:00,False,,/actualidad/partidos-del-mundial-2026-hoy-martes-16-de-junio-horarios-en-republica-dominicana-canales-tv-y-donde-ver-en-vivo/,407
Jhojhanni Fiorini,República Dominicana lanzará satélites desde 2028: así será su puerto espacial,ciencia y espacio,2026-03-02T15:29:53-04:00,False,,/technology/ciencia-y-espacio/republica-dominicana-lanzara-satelites-desde-2028-asi-sera-su-puerto-espacial/,406
Jhojhanni Fiorini,"Partidos de hoy, martes 31 de marzo: repechaje y Bolivia vs Irak: horarios y dónde ver fútbol en vivo",actualidad,2026-03-31T08:35:25-04:00,False,,/actualidad/partidos-de-hoy-31-marzo-repechaje-bolivia-vs-irak-en-vivo/,405
Elba Reyes,Eclipse del 12 de agosto de 2026: ¿la Tierra quedará a oscuras?,actualidad,2026-04-09T17:14:05-04:00,False,,/actualidad/eclipse-del-12-de-agosto-de-2026-la-tierra-quedara-a-oscuras/,405
Jhojhanni Fiorini,"Fallece Ramón Alburquerque, figura clave de la política dominicana",república dominicana,2026-01-30T14:01:11-04:00,False,,/money-invest/republica-dominicana/fallece-ramon-alburquerque-figura-clave-de-la-politica-dominicana/,404
Elba Reyes,Precio del dólar en República Dominicana hoy 25 de marzo de 2026: estabilidad con ligera presión al alza,money invest,2026-03-25T08:42:27-04:00,False,,/money-invest/precio-del-dolar-en-republica-dominicana-hoy-25-de-marzo-de-2026-estabilidad-con-ligera-presion-al-alza/,404
Jhojhanni Fiorini,¿Quiénes lideran el ranking de innovación en Latinoamérica? ,money invest,2025-06-11T13:20:30-04:00,False,,/money-invest/quienes-lideran-el-ranking-de-innovacion-en-latinoamerica/,404
Elba Reyes,"Premios Oscar 2026: fecha, hora y dónde ver la gala en Republica Dominicana",lifestyle,2026-03-13T11:01:08-04:00,False,,/lifestyle/premios-oscar-2026-fecha-hora-y-donde-ver-la-gala-en-republica-dominicana/,404
Elba Reyes,Precio del dólar hoy en la República Dominicana este viernes 15 de mayo del 2026,república dominicana,2026-05-15T08:35:35-04:00,False,,/money-invest/republica-dominicana/precio-del-dolar-hoy-en-la-republica-dominicana-este-viernes-15-de-mayo-del-2026/,402
Jhojhanni Fiorini,Nueva inmunoterapia promete ampliar la lucha contra el cáncer,salud,2026-01-09T18:41:11-04:00,False,,/medihealth/salud/nueva-inmunoterapia-promete-ampliar-la-lucha-contra-el-cancer/,401
Jhojhanni Fiorini,Resultados de loterías del 8 de febrero hoy ,actualidad,2026-02-09T09:27:22-04:00,False,,/actualidad/resultados-de-loterias-del-8-de-febrero-hoy/,401
Jhojhanni Fiorini,¿Cuántos récords tiene Messi en los Mundiales? Los 7 hitos históricos que logró en 2026,sport business,2026-06-18T13:36:43-04:00,False,,/empresas/sport-business/cuantos-records-tiene-messi-en-los-mundiales-los-7-hitos-historicos-que-logro-en-2026/,400
Rodrigo Muñoz,Abinader y Trump firman «Escudo de las Américas» contra el crimen y sella pacto con Washington,actualidad,2026-03-07T14:34:17-04:00,False,,/actualidad/abinader-firma-coalicion-militar-en-la-cumbre-escudo-de-las-americas-y-consolida-al-pais-como-socio-estrategico-de-washington/,399
Elba Reyes,"Estas son las funciones por las que Meta empezará a cobrar en Instagram, Facebook y WhatsApp",technology,2026-01-28T14:51:58-04:00,False,,/technology/estas-son-las-funciones-por-las-que-meta-empezara-a-cobrar-en-instagram-facebook-y-whatsapp/,399
Andrea Mercedes,"OMS alerta por riesgo nuclear si escala conflicto entre EE. UU., Israel e Irán",daily news,2026-03-19T13:20:58-04:00,False,,/money-invest/daily-news/oms-alerta-por-riesgo-nuclear-si-escala-conflicto-entre-ee-uu-israel-e-iran/,398
Jhojhanni Fiorini,Estas son las 10 marcas de carros más lujosas del mundo en 2026,automóviles,2026-03-20T16:54:49-04:00,False,,/lifestyle/automoviles/estas-son-las-10-marcas-de-carros-mas-lujosas-del-mundo-en-2026/,397
SIN_AUTOR,,,,False,,/event/construction-real-estate-summit-region-este/,397
Jhojhanni Fiorini,Precio del dólar hoy en RD: 6 de febrero de 2026,money invest,2026-02-06T08:41:07-04:00,False,,/money-invest/precio-del-dolar-hoy-en-rd-6-de-febrero-de-2026/,397
Kenny Cayetano,Lia Castillo de Rault: liderazgo estratégico y poder blando al servicio de la diplomacia dominicana,executive news,2025-11-24T16:41:28-04:00,False,,/empresas/lia-castillo-de-rault-liderazgo-estrategico-y-poder-blando-al-servicio-de-la-diplomacia-dominicana/,395
Jhojhanni Fiorini,Latinoamérica crecerá 2.3 % en 2026 pese a riesgos globales,money invest,2026-01-08T17:18:17-04:00,False,,/money-invest/latinoamerica-crecera-2-3-en-2026-pese-a-riesgos-globales/,395
Jhojhanni Fiorini,Viernes 13: por qué se considera un día de mala suerte y qué no debes hacer,lifestyle,2026-02-13T13:43:35-04:00,False,,/lifestyle/viernes-13-por-que-se-considera-un-dia-de-mala-suerte-y-que-no-debes-hacer/,394
Elba Reyes,Murió Daveigh Chase a los 35 años: ¿de qué murió la actriz de ‘The Ring’ y ‘Lilo &#038; Stitch’?,actualidad,2026-06-17T16:35:41-04:00,False,,/actualidad/murio-daveigh-chase-a-los-35-anos-de-que-murio-la-actriz-de-the-ring-y-lilo-stitch/,393
Elba Reyes,La fecha exacta del regreso de Juan Soto que ilusiona a unos Mets en crisis total,actualidad,2026-04-20T12:30:35-04:00,False,,/empresas/sport-business/la-fecha-exacta-del-regreso-de-juan-soto-que-ilusiona-a-unos-mets-en-crisis-total/,393
Andrea Mercedes,Veto en el Mundial 2026: Trump prohíbe que la selección de Irán se hospede en territorio de EE. UU.,sport business,2026-05-26T16:38:07-04:00,False,,/money-invest/daily-news/veto-en-el-mundial-2026-trump-prohibe-que-la-seleccion-de-iran-se-hospede-en-territorio-de-ee-uu/,393
SIN_AUTOR,,,,False,404 Client Error: Not Found for url: https://revistamercado.do/mercado-women/trends/caso-fenty-negocio/,/mercado-women/trends/caso-fenty-negocio/,392
Jhojhanni Fiorini,Infraestructura logística y competitividad global: la apuesta estratégica de República Dominicana,empresas,2026-03-12T17:50:05-04:00,False,,/empresas/infraestructura-logistica-y-competitividad-global-la-apuesta-estrategica-de-republica-dominicana/,390
SIN_AUTOR,,,,False,404 Client Error: Not Found for url: https://revistamercado.do/empresas/la-fortuna-de-elon-musk-se-dispara-y-supera-por-amplio-margen-a-los-fundadores-de-google/,/empresas/la-fortuna-de-elon-musk-se-dispara-y-supera-por-amplio-margen-a-los-fundadores-de-google/,390
Andrea Mercedes,Monorriel de Santo Domingo: El «megaproyecto» que acapara el 60% de la inversión pública en 2026,daily news,2026-05-13T11:59:09-04:00,False,,/money-invest/daily-news/monorriel-de-santo-domingo-el-megaproyecto-que-acapara-el-60-de-la-inversion-publica-en-2026/,389
Jhojhanni Fiorini,"Partidos de fútbol hoy, lunes 9 de marzo de 2026. EN VIVO: horarios y canales para ver fútbol",actualidad,2026-03-09T10:12:18-04:00,False,,/actualidad/partidos-de-futbol-hoy-lunes-9-de-marzo-de-2026-en-vivo-horarios-y-canales-para-ver-futbol/,389
Jhojhanni Fiorini,Inversiones 2026: metales preciosos como refugio clave,market brief,2026-01-02T14:02:29-04:00,False,,/market-brief/inversiones-2026-metales-preciosos-como-refugio-clave/,388
Elba Reyes,Precio del dólar hoy en República Dominicana este lunes 30 de marzo 2026,money invest,2026-03-30T08:25:58-04:00,False,,/money-invest/precio-del-dolar-hoy-en-republica-dominicana-este-lunes-30-de-marzo-2026/,388
Gabriel Rico Albarrán,Estas son las 10 empresas reconocidas por su Inversión Extranjera Directa en RD,empresas,2022-09-13T19:55:55-04:00,False,,/empresas/estas-son-las-10-empresas-reconocidas-por-su-inversion-extranjera-directa-en-rd/,388
Jhojhanni Fiorini,"Partidos de hoy, viernes 17 de abril de 2026: horarios y dónde ver fútbol en vivo",actualidad,2026-04-17T08:57:16-04:00,False,,/actualidad/partidos-de-hoy-viernes-17-de-abril-de-2026-horarios-y-donde-ver-futbol-en-vivo/,387
Elba Reyes,Estas son las 10 ciudades con menos estrés para vivir en el mundo,lifestyle,2026-03-16T16:53:58-04:00,False,,/lifestyle/estas-son-las-10-ciudades-con-menos-estres-para-vivir-en-el-mundo/,387
Elba Reyes,10 lujos absurdamente caros que solo compran los multimillonarios,lifestyle,2026-02-27T14:00:33-04:00,False,,/lifestyle/10-lujos-absurdamente-caros-que-solo-compran-los-multimillonarios/,387
Elba Reyes,El país de Latinoamérica que no celebra la Semana Santa desde 1919,turismo,2026-03-26T17:43:25-04:00,False,,/lifestyle/el-pais-de-latinoamerica-que-no-celebra-la-semana-santa-desde-1919/,387
Elba Reyes,"RD como hub logístico de América Latina, según especialista",república dominicana,2025-12-28T13:12:54-04:00,False,,/money-invest/republica-dominicana/rd-como-hub-logistico-de-america-latina-segun-especialista/,387
Jhojhanni Fiorini,Wendy’s anuncia cierre masivo de tiendas: más de 300 locales dejarán de operar,empresas,2026-04-07T13:26:44-04:00,False,,/empresas/wendys-anuncia-cierre-masivo-de-tiendas-mas-de-300-locales-dejaran-de-operar/,386
Miguel Vega,"Juan Carlos Escotet, liderazgo con visión global",empresas,2026-03-20T17:16:22-04:00,False,,/empresas/juan-carlos-escotet-liderazgo-con-vision-global/,385
SIN_AUTOR,,,,False,404 Client Error: Not Found for url: https://revistamercado.do/dining-out/santo-domingo-al-forno-5-restaurantes-de-pizza-que-debes-conocer/,/dining-out/santo-domingo-al-forno-5-restaurantes-de-pizza-que-debes-conocer/,384
Rodrigo Muñoz,Desintoxicación Digital: Países que prohiben el uso del celular en las escuelas,devices,2025-01-14T12:20:42-04:00,False,,/technology/desintoxicacion-digital-paises-que-prohiben-el-uso-del-celular-en-las-escuelas/,383
Edwin Lozada,Portugal vs. República Democrática del Congo: a qué hora juega Cristiano Ronaldo en República Dominicana y dónde verlo,actualidad,2026-06-16T20:30:03-04:00,False,,/actualidad/portugal-rd-congo-hora-republica-dominicana-donde-ver-mundial-2026/,382
Elba Reyes,Clima hoy en Santo Domingo este martes 14 de abril del 2026,actualidad,2026-04-14T08:35:14-04:00,False,,/actualidad/clima-hoy-en-santo-domingo-este-martes-14-de-abril-del-2026/,382
revistamercado,"Los 6 estilos de liderazgo empresarial, según Daniel Goleman",gestión,2023-12-10T08:52:52-04:00,False,,/empresas/gestion/6-tipos-de-liderazgo/,381
Edwin Lozada,"Muere Willie Colón, ícono de la salsa  a los 75 años",daily news,2026-02-21T13:32:14-04:00,False,,/money-invest/happening-now/muere-willie-colon-icono-de-la-salsa-a-los-75-anos/,381
Miguel Vega,Inversión minera en RD financia la exploración aurífera,energía y minas,2026-03-05T10:56:09-04:00,False,,/sostenibilidad/energia-y-minas/inversion-minera-en-rd-financia-la-exploracion-aurifera/,380
Edwin Lozada,Elecciones Perú 2026: Keiko Fujimori lidera 50.3% con 91.9% escrutado en empate técnico,daily news,2026-06-07T23:04:10-04:00,False,,/money-invest/daily-news/roberto-sanchez-ventaja-peru-2026-keiko-fujimori/,380
Elba Reyes,"Los mejores pasaportes del mundo en 2026, según Henley y Partners",turismo,2026-01-13T16:24:15-04:00,False,,/turismo/los-mejores-pasaportes-del-mundo-en-2026-segun-henley-y-partners/,379
Gabriel Rico Albarrán,Mercado Media Network presenta el libro Best Lawyers Dominican Republic,mercado events,2023-06-27T21:30:51-04:00,False,,/mercado-exchange/mercado-media-network-presenta-el-libro-best-lawyers-dominican-republic/,378
Karime Rivas,Un día de las madres con glam-humor: Carolina Herrera y el homenaje de su hija,leadership,2024-05-22T20:45:52-04:00,False,,/mercado-women/leadership/un-dia-de-las-madres-con-glam-humor-carolina-herrera-y-el-homenaje-de-su-hija/,377
Elba Reyes,Más allá de Emily in Paris: conoce a la Lily Collins detrás del personaje,trends,2025-12-18T16:49:23-04:00,False,,/mercado-women/mas-alla-de-emily-in-paris-conoce-a-la-lily-collins-detras-del-personaje/,377
Elba Reyes,Las mejores vitaminas para cuidar la vista según la Mayo Clinic: qué comer a diario,wellbeing,2026-06-19T15:00:01-04:00,False,,/medihealth/wellbeing/las-mejores-vitaminas-para-cuidar-la-vista-segun-la-mayo-clinic-que-comer-a-diario/,375
Rodrigo Muñoz,"Ciberseguridad en RD: Estrategia 2030, cifras y acciones clave para blindar el entorno digital",technology,2025-09-22T11:23:35-04:00,False,,/technology/ciberseguridad-en-rd-estrategia-2030-cifras-y-acciones-clave-para-blindar-el-entorno-digital/,375
Jhojhanni Fiorini,¿En qué invierte Donald Trump? Las acciones tecnológicas y de defensa que compró este año,internacional,2026-05-19T13:33:33-04:00,False,,/money-invest/internacional-economia/en-que-invierte-donald-trump-las-acciones-tecnologicas-y-de-defensa-que-compro-este-ano/,375
Rodrigo Muñoz,"RD consume cinco barriles de petróleo per cápita, ¿de dónde proviene?",money invest,2021-10-12T11:10:11-04:00,False,,/money-invest/rd-consume-cinco-barriles-de-petroleo-per-capita-de-donde-proviene/,374
Rodrigo Muñoz,Organización Mundial del Comercio: Su papel internacional,entidades,2024-09-26T12:51:25-04:00,False,,/entidades/organizacion-mundial-del-comercio-su-papel-en-el-comercio-internacional/,373
Karime Rivas,Las 5 claves de Raquel Peña para entender el auge del emprendimiento femenino en RD,leadership,2026-05-01T20:21:52-04:00,False,,/mercado-women/leadership/raquel-pena-emprendimiento-femenino/,373
Rodrigo Muñoz,AFP en República Dominicana: ¿Cómo funcionan y qué hacen con tu dinero?,finanzas,2019-12-15T17:11:24-04:00,False,,/market-brief/finanzas/que-son-las-afp-y-que-hacen-con-mi-dinero-mientras-me-retiro/,373
Jhojhanni Fiorini,UE y Mercosur crearán la zona de libre comercio más grande del mundo,money invest,2026-01-09T15:23:28-04:00,False,,/money-invest/ue-y-mercosur-crearan-la-zona-de-libre-comercio-mas-grande-del-mundo/,372
Elba Reyes,Precio del dólar hoy en República Dominicana este viernes 5 de junio de 2026,república dominicana,2026-06-05T10:38:59-04:00,False,,/money-invest/republica-dominicana/precio-del-dolar-hoy-en-republica-dominicana-este-viernes-5-de-junio-de-2026/,372
Rodrigo Muñoz,El impacto económico del ecosistema móvil en Latinoamérica,devices,2025-03-06T11:49:03-04:00,False,,/technology/devices/el-impacto-economico-del-ecosistema-movil-en-latinoamerica/,371
Jhojhanni Fiorini,Los países latinoamericanos más endeudados con el FMI en 2025,money invest,2025-11-05T16:42:04-04:00,False,,/money-invest/los-paises-latinoamericanos-mas-endeudados-con-el-fmi-en-2025/,371
Elba Reyes,Precio del dólar hoy en República Dominicana este martes 24 de marzo de 2026,money invest,2026-03-24T08:42:17-04:00,False,,/money-invest/precio-del-dolar-hoy-en-republica-dominicana-este-martes-24-de-marzo-de-2026/,370
Jhojhanni Fiorini,Filtración masiva expone 48 millones de contraseñas de Gmail: cómo saber si estás afectado,technology,2026-02-02T15:13:25-04:00,False,,/technology/filtracion-masiva-expone-48-millones-de-contrasenas-de-gmail-como-saber-si-estas-afectado/,369
Elba Reyes,Netflix: de los DVDs por correo al gigante global del streaming,empresas,2026-03-04T14:57:39-04:00,False,,/empresas/netflix-de-los-dvds-por-correo-al-gigante-global-del-streaming/,369
Andrea Mercedes,Caída de seguidores en Instagram: la purga de cuentas que impacta a usuarios,daily news,2026-05-06T17:11:28-04:00,False,,/money-invest/daily-news/caida-de-seguidores-en-instagram-la-purga-de-cuentas-que-impacta-a-usuarios/,369
SIN_AUTOR,,,,False,,/who-is-who/filippo-chiaramida/,368
Jhojhanni Fiorini,¿Cuánto alcohol consumen los dominicanos?,money invest,2024-11-15T09:51:47-04:00,False,,/money-invest/cuanto-alcohol-consumen-los-dominicanos/,368
Elba Reyes,Precio del dólar hoy en la República Dominicana este jueves 14 de mayo del 2026,república dominicana,2026-05-14T08:32:20-04:00,False,,/money-invest/republica-dominicana/precio-del-dolar-hoy-en-la-republica-dominicana-este-jueves-14-de-mayo-del-2026/,368
Andrea Mercedes,Los bancos más rentables del mundo y cuánto ganan al año,money invest,2026-03-16T17:36:08-04:00,False,,/money-invest/los-bancos-mas-rentables-del-mundo-y-cuanto-ganan-al-ano/,367
Jhojhanni Fiorini,Lamborghini llega a RD con su primer showroom oficial,empresas,2026-03-19T16:06:43-04:00,False,,/empresas/lamborghini-llega-a-rd-con-su-primer-showroom-oficial/,367
Rodrigo Muñoz,BlackRock: El gigante invisible que controla más riqueza que 191 países juntos,market brief,2025-08-11T20:17:26-04:00,False,,/market-brief/blackrock-el-gigante-invisible-que-controla-mas-riqueza-que-191-paises-juntos/,365
Elba Reyes,Resultados de la Lotería Quiniela Real del domingo 14 junio de 2026,actualidad,2026-06-15T09:08:38-04:00,False,,/actualidad/resultados-de-la-loteria-quiniela-real-del-lunes-15-junio-de-2026/,364
Elba Reyes,Precio del dólar hoy en República Dominicana este viernes 26 de junio de 2026,república dominicana,2026-06-26T08:48:59-04:00,False,,/money-invest/republica-dominicana/precio-del-dolar-hoy-en-republica-dominicana-este-viernes-26-de-junio-de-2026/,363
Elba Reyes,Los mejores restaurantes en Santo Domingo en mayo de 2026 según TripAdvisor,experiencias,2026-05-07T16:58:09-04:00,False,,/lifestyle/experiencias/los-mejores-restaurantes-en-santo-domingo-en-mayo-de-2026-segun-tripadvisor/,363
Laura Peralta,Santiago Business City: Epicentro de inversión,country report,2026-01-19T19:07:52-04:00,False,,/country-report/santiago-business-city-epicentro-de-inversion/,363
Rodrigo Muñoz,10 ideas de negocios desde casa para mujeres emprendedoras,visión emprendedora,2024-04-25T18:00:52-04:00,False,,/vision-emprendedora/10-ideas-de-negocios-desde-casa-para-mujeres-emprendedoras/,363
Andrea Mercedes,Rusia lanza advertencia nuclear y pone a Finlandia y Suecia en la mira,daily news,2026-04-22T14:22:27-04:00,False,,/money-invest/daily-news/rusia-lanza-advertencia-nuclear-y-pone-a-finlandia-y-suecia-en-la-mira/,363
Rodrigo Muñoz,Ranking: Las 10 marcas de semiconductores más valiosas del mundo,devices,2025-05-28T10:13:50-04:00,False,,/technology/devices/ranking-las-10-marcas-de-semiconductores-mas-valiosas-del-mundo/,362
SIN_AUTOR,,,,False,,/who-is-who/arq-byron-alfonso-rodriguez/,361
Jhojhanni Fiorini,Dónde invertir en América Latina en 2026,money invest,2026-01-07T09:31:56-04:00,False,,/money-invest/donde-invertir-en-america-latina-en-2026/,361
Jhojhanni Fiorini,"Partidos de hoy, viernes 5 de junio del 2026: horarios, canales TV y dónde ver fútbol en vivo",actualidad,2026-06-05T09:04:38-04:00,False,,/actualidad/partidos-de-hoy-viernes-5-de-junio-del-2026-horarios-canales-tv-y-donde-ver-futbol-en-vivo/,361
Jhojhanni Fiorini,Gloria Reyes asume Ministerio de la Mujer en nuevo ajuste de Abinader ,mercado women,2026-01-06T15:43:04-04:00,False,,/mercado-women/gloria-reyes-asume-ministerio-de-la-mujer-en-nuevo-ajuste-de-abinader/,360
SIN_AUTOR,,,,False,404 Client Error: Not Found for url: https://revistamercado.do/store/the-irish-pub/,/store/the-irish-pub/,360
Gabriel Rico Albarrán,Los poderosos CEOs de la India que dirigen grandes compañías,empresas,2022-11-03T11:31:31-04:00,False,,/empresas/los-poderosos-ceos-de-la-india-que-dirigen-grandes-companias/,359
Rodrigo Muñoz,Las cinco multinacionales que dominan las marcas más famosas del mundo,empresas,2026-02-18T15:39:32-04:00,False,,/empresas/las-cinco-multinacionales-que-dominan-las-marcas-mas-famosas-del-mundo/,359
Elba Reyes,Precio del dólar hoy en República Dominicana este lunes 20 de abril del 2026,money invest,2026-04-20T08:55:58-04:00,False,,/money-invest/precio-del-dolar-hoy-en-republica-dominicana-este-lunes-20-de-abril-del-2026/,359
Jhojhanni Fiorini,¿Quién será el próximo? Trump amenaza a tres países de Latam,internacional,2026-01-06T15:36:11-04:00,False,,/money-invest/internacional-economia/quien-sera-el-proximo-trump-amenaza-a-tres-paises-de-latam/,359
Jhojhanni Fiorini,El cine pierde espectadores a un ritmo preocupante,internacional,2025-12-22T14:00:13-04:00,False,,/money-invest/internacional-economia/el-cine-pierde-espectadores-a-un-ritmo-preocupante/,358
Elba Reyes,Resultados de la Lotería Quiniela Real del jueves 22 de mayo de 2026,actualidad,2026-05-22T08:53:08-04:00,False,,/actualidad/resultados-de-la-loteria-quiniela-real-del-jueves-22-de-mayo-de-2026/,358
Jhojhanni Fiorini,"Partidos del Mundial 2026 hoy, lunes 15 de junio: horarios en República Dominicana y dónde ver EN VIVO ",actualidad,2026-06-15T09:26:21-04:00,False,,/actualidad/partidos-del-mundial-2026-hoy-lunes-15-de-junio-horarios-en-republica-dominicana-y-donde-ver-en-vivo/,356
revistamercado,"Christopher Brosse, el ecoinfluencer que no cree en la basura",money invest,2022-12-04T06:15:02-04:00,False,,/money-invest/christopher-brosse-ecoinfluencer/,356
Rodrigo Muñoz,Trump y el ultimátum a Irán: 48 horas para abrir el estrecho de Ormuz o enfrentar las consecuencias,actualidad,2026-04-05T10:45:11-04:00,False,,/actualidad/trump-y-el-ultimatum-a-iran-48-horas-para-abrir-el-estrecho-de-ormuz-o-enfrentar-las-consecuencias/,356
Gabriel Rico Albarrán,Las cuatro etapas de la lógica y la razón en el desarrollo de los niños,medihealth,2022-04-14T09:15:59-04:00,False,,/medihealth/etapas-logica-y-razon-ninos/,355
Jhojhanni Fiorini,¿Cuántos goles tiene Messi en Mundiales tras su triplete ante Argelia en 2026?,sport business,2026-06-17T12:22:45-04:00,False,,/empresas/sport-business/cuantos-goles-tiene-messi-en-mundiales-tras-su-triplete-ante-argelia-en-2026/,355
Jhojhanni Fiorini,La dura advertencia de Bill Gates: «La mayoría de las empresas de IA fracasarán»,empresas,2026-05-10T18:38:41-04:00,False,,/empresas/la-dura-advertencia-de-bill-gates-la-mayoria-de-las-empresas-de-ia-fracasaran/,355
Elba Reyes,Precio del dólar hoy en República Dominicana este viernes 12 de junio de 2026,república dominicana,2026-06-12T09:10:34-04:00,False,,/money-invest/republica-dominicana/precio-del-dolar-hoy-en-republica-dominicana-este-viernes-12-de-junio-de-2026/,355
Jhojhanni Fiorini,El presidente electo de Colombia cobra hasta US$3M por caso: el imperio empresarial de De la Espriella,internacional,2026-06-23T13:15:04-04:00,False,,/empresas/el-presidente-electo-de-colombia-cobra-hasta-us3m-por-caso-el-imperio-empresarial-de-de-la-espriella/,355
Rodrigo Muñoz,"Patricia De Moya, Presidenta Mercado Media Network y Editora en Jefe",ejecutivos,2022-05-31T12:22:44-04:00,False,,/ejecutivos/patricia-de-moya/,354
Miguel Vega,El comprometido liderazgo financiero que se impone en Banco Caribe,cfo edition,2026-04-01T16:14:14-04:00,False,,/cfo-edition/el-comprometido-liderazgo-financiero-que-se-impone-en-banco-caribe/,354
Andrea Mercedes,Irán promete venganza tras ataque de Israel mientras Trump anticipa el fin de la guerra,daily news,2026-03-18T17:25:48-04:00,False,,/money-invest/daily-news/iran-promete-venganza-tras-ataque-de-israel-mientras-trump-anticipa-el-fin-de-la-guerra/,353
Elba Reyes,Dónde ver el especial de Hannah Montana por sus 20 años y en qué plataforma está,actualidad,2026-03-25T17:05:03-04:00,False,,/actualidad/donde-ver-el-especial-de-hannah-montana-por-sus-20-anos-y-en-que-plataforma-esta/,353
Jhojhanni Fiorini,Las personas más ricas del mundo en febrero de 2026,empresas,2026-02-03T10:16:54-04:00,False,,/empresas/las-personas-mas-ricas-del-mundo-en-febrero-de-2026/,352
Edwin Lozada,Grupo Popular confirma cambios en su cúpula: Manuel Grullón Hernández asumirá en julio de 2026,sector financiero,2026-02-27T12:04:43-04:00,False,,/empresas/grupo-popular-confirma-cambios-cupula-manuel-grullon-hernandez-asumira-julio-2026/,352
Jhojhanni Fiorini,Los 5 consejos de Bill Gates para triunfar después de la universidad,empresas,2026-03-02T15:57:58-04:00,False,,/empresas/los-5-consejos-de-bill-gates-para-triunfar-despues-de-la-universidad/,351
Elba Reyes,Cómo liberar espacio en WhatsApp sin borrar fotos: el botón que casi nadie usa,technology,2026-04-15T10:48:30-04:00,False,,/technology/como-liberar-espacio-en-whatsapp-sin-borrar-fotos-el-boton-que-casi-nadie-usa/,351
Jhojhanni Fiorini,El euro terminó 2025 revalorizado frente al dólar,market brief,2026-01-01T13:33:53-04:00,False,,/market-brief/el-euro-termino-2025-revalorizado-frente-al-dolar/,351
Jhojhanni Fiorini,Artemis II no aterrizó en la Luna: la razón detrás del “retroceso” de la NASA,ciencia y espacio,2026-04-13T17:47:39-04:00,False,,/technology/ciencia-y-espacio/artemis-ii-no-aterrizo-en-la-luna-la-razon-detras-del-retroceso-de-la-nasa/,351
Elba Reyes,Instagram dejará de ser gratis: Meta prueba Instagram Plus con funciones de pago,technology,2026-04-01T14:56:05-04:00,False,,/technology/instagram-dejara-de-ser-gratis-meta-prueba-instagram-plus-con-funciones-de-pago/,351
Jhojhanni Fiorini,"Partidos de hoy, lunes 30 de marzo de 2026: horarios y dónde ver fútbol en vivo",actualidad,2026-03-30T08:07:18-04:00,False,,/actualidad/partidos-de-hoy-lunes-30-de-marzo-de-2026-horarios-y-donde-ver-futbol-en-vivo/,351
Jhojhanni Fiorini,República Dominicana lidera el PIB en Centroamérica y el Caribe,money invest,2025-07-28T16:59:56-04:00,False,,/money-invest/republica-dominicana-lidera-el-pib-en-centroamerica-y-el-caribe/,350
Elba Reyes,Sangre dominicana en la NBA: Yaxel Lendeborg es elegido por los Warriors en el Draft 2026,actualidad,2026-06-24T12:07:54-04:00,False,,/actualidad/sangre-dominicana-en-la-nba-yaxel-lendeborg-es-elegido-por-los-warriors-en-el-draft-2026/,350
Darling Gil,JUST DID IT (AGAIN) entrevista exclusiva con  Juan Carlos Pais,cover story,2026-05-11T18:35:22-04:00,True,,/cover-story/just-did-it-again-entrevista-exclusiva-con-juan-carlos-pais/,350
Andrea Mercedes,Falla eléctrica paraliza el Metro de Santo Domingo: qué pasó realmente,daily news,2026-04-20T12:30:16-04:00,False,,/money-invest/daily-news/falla-electrica-paraliza-el-metro-de-santo-domingo-que-paso-realmente/,348
Elba Reyes,Precio del dólar hoy en la República Dominicana este viernes 1 de mayo del 2026,money invest,2026-05-01T08:32:10-04:00,False,,/money-invest/precio-del-dolar-hoy-en-la-republica-dominicana-este-viernes-1-de-mayo-del-2026/,348
Elba Reyes,Google confirma que YouTube superó a Netflix en ingresos en 2025,empresas,2026-02-12T16:30:22-04:00,False,,/empresas/google-confirma-que-youtube-supero-a-netflix-en-ingresos-en-2025/,347
Andrea Mercedes,Cuándo será el eclipse solar de agosto 2026 y cómo verlo en vivo ,daily news,2026-04-22T16:15:53-04:00,False,,/money-invest/daily-news/cuando-sera-el-eclipse-solar-de-agosto-2026-y-como-verlo-en-vivo/,346
SIN_AUTOR,,,,False,404 Client Error: Not Found for url: https://revistamercado.do/empresas/por-que-la-fortuna-de-musk-eclipsa-al-resto-de-ultrarricos/,/empresas/por-que-la-fortuna-de-musk-eclipsa-al-resto-de-ultrarricos/,345
Jhojhanni Fiorini,La inflación vuelve a golpear a América Latina: estos países serán los más afectados,money invest,2026-04-25T08:02:20-04:00,False,,/money-invest/la-inflacion-vuelve-a-golpear-a-america-latina-estos-paises-seran-los-mas-afectados/,345
Rodrigo Muñoz,Ranking: Los países con más armas nucleares y su impacto geopolítico,internacional,2025-06-20T13:34:06-04:00,False,,/money-invest/internacional-economia/ranking-los-9-paises-con-armas-nucleares-y-su-impacto-geopolitico/,344
Rodrigo Muñoz,Las 10 marcas tecnológicas más valiosas del mundo en 2025,brand business,2025-09-01T17:22:48-04:00,False,,/empresas/brand-business/las-10-marcas-tecnologicas-mas-valiosas-del-mundo-en-2025/,342
Normedy Gallardo,LABORATORIOS ALFA: trayectoria farmacéutica de confianza y calidad,brand content,2022-03-07T11:34:47-04:00,False,,/empresas/brand-content/laboratorios-alfa-trayectoria-farmaceutica-de-confianza-y-calidad/,342
Elba Reyes,Resultados de la Lotería Quiniela Real del jueves 7 de mayo de 2026,actualidad,2026-05-08T08:09:27-04:00,False,,/actualidad/resultados-de-la-loteria-quiniela-real-del-jueves-7-de-mayo-de-2026/,342
Elba Reyes,WhatsApp permitirá chatear con personas que no tienen la app,technology,2026-03-16T01:30:59-04:00,False,,/technology/whatsapp-permitira-chatear-con-personas-que-no-tienen-la-app/,342
Jhojhanni Fiorini,"Los mejores rivales del iPhone en 2026: Samsung, Google y Huawei lideran el mercado premium",technology,2026-03-09T14:22:50-04:00,False,,/technology/los-mejores-rivales-del-iphone-en-2026-samsung-google-y-huawei-lideran-el-mercado-premium/,342
Elba Reyes,Resultados de la Lotería Quiniela Real del lunes 11 de mayo de 2026,actualidad,2026-05-12T08:48:47-04:00,False,,/actualidad/resultados-de-la-loteria-quiniela-real-del-lunes-11-de-mayo-de-2026/,342
Jhojhanni Fiorini,Ranking de cumplimiento de derechos laborales en Latinoamérica ,actualidad,2025-09-04T14:47:29-04:00,False,,/actualidad/ranking-de-cumplimiento-de-derechos-laborales-en-latinoamerica/,342
Jhojhanni Fiorini,Maduro dice que Venezuela lidera el crecimiento de Latinoamérica,internacional,2026-01-02T10:21:23-04:00,False,,/money-invest/internacional-economia/maduro-dice-que-venezuela-lidera-el-crecimiento-de-latinoamerica/,341
Elba Reyes,Hígado graso: Las señales de alerta que tu cuerpo envía y podrías estar ignorando,salud,2026-05-20T10:23:26-04:00,False,,/medihealth/salud/higado-graso-las-senales-de-alerta-que-tu-cuerpo-envia-y-podrias-estar-ignorando/,341
Jhojhanni Fiorini,"Venezuela, Irán y la Doctrina Donroe",internacional,2026-01-12T14:21:05-04:00,False,,/money-invest/internacional-economia/venezuela-iran-y-la-doctrina-donroe/,341
Jhojhanni Fiorini,María Corina Machado confirma regreso a Venezuela en “pocas semanas” ,leadership,2026-03-02T17:41:44-04:00,False,,/mercado-women/maria-corina-machado-confirma-regreso-a-venezuela-en-pocas-semanas/,341
Jhojhanni Fiorini,Machado cara a cara con Trump tras la caída de Maduro ,empresas,2026-01-15T17:24:24-04:00,False,,/empresas/machado-cara-a-cara-con-trump-tras-la-caida-de-maduro/,341
Jhojhanni Fiorini,"Así será el nuevo billete de RD$ 2,000 que circulará en RD desde el 24 de febrero",empresas,2026-02-23T12:11:39-04:00,False,,/empresas/asi-sera-el-nuevo-billete-de-rd-2000-que-circulara-en-rd-desde-el-24-de-febrero/,340
Elba Reyes,"Así suena “Dai Dai”, la nueva canción de Shakira para el Mundial 2026",actualidad,2026-05-15T11:07:51-04:00,False,,/actualidad/asi-suena-dai-dai-la-nueva-cancion-de-shakira-para-el-mundial-2026/,340
Elba Reyes,Alerta WhatsApp: cuatro estafas comunes que engañan a miles de personas en 2026,technology,2026-01-27T15:55:41-04:00,False,,/technology/alerta-whatsapp-cuatro-estafas-comunes-que-enganan-a-miles-de-personas-en-2026/,340
Gabriel Rico Albarrán,Mundial 2026: así marchan las clasificaciones y los países eliminados,sport business,2026-06-25T13:04:53-04:00,False,,/empresas/sport-business/mundial-2026-asi-marchan-las-clasificaciones-y-los-paises-eliminados/,340
Rodrigo Muñoz,Evasión fiscal: Un reto para el desarrollo económico dominicano,money invest,2024-10-24T18:23:10-04:00,False,,/money-invest/evasion-fiscal-un-reto-para-el-desarrollo-economico-dominicano/,339
Jhojhanni Fiorini,Por qué el precio del oro no deja de subir y rompe récords históricos,market brief,2026-01-30T16:32:44-04:00,False,,/market-brief/por-que-el-precio-del-oro-no-deja-de-subir-y-rompe-records-historicos/,339
Jhojhanni Fiorini,Países de Latinoamérica intervenidos por Estados Unidos,internacional,2026-01-05T13:23:04-04:00,False,,/country-report/paises-de-latinoamerica-intervenidos-por-estados-unidos/,338
Rodrigo Muñoz,Elie Saab: El rey de la alta costura que conquistó el mundo,lifestyle,2025-02-18T19:22:09-04:00,False,,/lifestyle/elie-saab-el-rey-de-la-alta-costura-que-conquisto-el-mundo/,338
Jhojhanni Fiorini,"Nayib Bukele compra más de 1,000 bitcoins por US$ 100 millones ",criptomonedas,2025-11-18T14:50:55-04:00,False,,/criptomonedas/nayib-bukele-compra-mas-de-1000-bitcoins-por-us-100-millones/,338
Rodrigo Muñoz,La impresionante colección de vehículos de Lionel Messi,automóviles,2025-08-09T14:48:29-04:00,False,,/lifestyle/automoviles/la-impresionante-coleccion-de-vehiculos-de-lionel-messi/,337
Elba Reyes,Precio del dólar hoy en la República Dominicana este miércoles 13 de mayo del 2026,república dominicana,2026-05-13T08:42:36-04:00,False,,/money-invest/republica-dominicana/precio-del-dolar-hoy-en-la-republica-dominicana-este-miercoles-13-de-mayo-del-2026/,337
SIN_AUTOR,,,,False,,/event/meditalk-summit-santo-domingo/,336
Elba Reyes,Resultados de la Lotería Quiniela Real del miércoles 6 de mayo de 2026,actualidad,2026-05-07T08:49:31-04:00,False,,/actualidad/resultados-de-la-loteria-quiniela-real-del-miercoles-6-de-mayo-de-2026/,336
Jhojhanni Fiorini,"Partidos de hoy, Atlético de Madrid vs Barcelona, martes 14 de abril de 2026: horarios y dónde ver fútbol en vivo",actualidad,2026-04-14T12:24:16-04:00,False,,/actualidad/partidos-de-hoy-atletico-de-madrid-vs-barcelona-martes-14-de-abril-de-2026-horarios-y-donde-ver-futbol-en-vivo/,336
Karime Rivas,"La revolución digital de Inditex: menos tiendas, más ventas",executive profiles,2025-03-19T17:06:33-04:00,False,,/mercado-women/executive-profiles/inditex-digital-ventas/,336
Karime Rivas,Del duelo al legado: Melba Grullón lanza fondo de becas en memoria de su hija,leadership,2025-06-10T16:51:55-04:00,False,,/mercado-women/leadership/melba-grullon-fondo-de-becas/,335
Elba Reyes,Precio del dólar hoy en República Dominicana este lunes 9 de febrero de 2026,money invest,2026-02-09T09:33:07-04:00,False,,/money-invest/precio-del-dolar-hoy-en-republica-dominicana-este-lunes-9-de-febrero-de-2026/,335
Elba Reyes,Elecciones en Costa Rica: Laura Fernández se impone sin balotaje y asume la presidencia,mercado women,2026-02-02T15:14:59-04:00,False,,/mercado-women/elecciones-en-costa-rica-laura-fernandez-se-impone-sin-balotaje-y-asume-la-presidencia/,334
Elba Reyes,Horóscopo Chino mayo 2026: Los 4 signos que cierran el mes con éxito,actualidad,2026-05-21T16:59:13-04:00,False,,/actualidad/horoscopo-chino-mayo-2026-los-4-signos-que-cierran-el-mes-con-exito/,334
Jhojhanni Fiorini,"FIFA confirma hoy que Irán jugará el Mundial 2026, mientras Italia seguirá por fuera",daily news,2026-04-16T17:58:09-04:00,False,,/empresas/sport-business/fifa-confirma-hoy-que-iran-jugara-el-mundial-2026-mientras-italia-seguira-por-fuera/,334
Rodrigo Muñoz,El Rodio: El metal más caro del mundo,empresas,2024-09-05T16:51:16-04:00,False,,/empresas/el-rodio-el-metal-mas-caro-del-mundo/,334
Andrea Mercedes,«Pido perdón cada día»: La dura confesión de Mario Redondo Llenas a 30 años del caso que paralizó a RD,daily news,2026-05-05T11:38:43-04:00,False,,/money-invest/daily-news/pido-perdon-cada-dia-la-dura-confesion-de-mario-redondo-llenas-a-30-anos-del-caso-que-paralizo-a-rd/,333
Rodrigo Muñoz,Los relojes que definen a los CEO más influyentes del mundo,relojes,2025-09-25T11:52:35-04:00,False,,/lifestyle/relojes/los-relojes-que-definen-a-los-ceo-mas-influyentes-del-mundo/,332
Jhojhanni Fiorini,El 80.5 % de las empresas en RD tienen menos de 10 empleados,mypimes,2025-09-01T16:17:11-04:00,False,,/empresas/mypimes/el-80-5-de-las-empresas-en-rd-tienen-menos-de-10-empleados/,332
Jhojhanni Fiorini,Ranking de los países con mayor carga tributaria en América Latina para 2026,actualidad,2026-05-12T10:55:17-04:00,False,,/actualidad/ranking-de-los-paises-con-mayor-carga-tributaria-en-america-latina-para-2026/,332
Rodrigo Muñoz,(Ranking) Países dónde hay más abogados en América Latina,legal,2025-09-01T14:32:57-04:00,False,,/legal/ranking-republica-dominicana-y-el-epicentro-juridico-de-america-latina/,332
Karime Rivas,Las empresas que se enriquecen en RD con un negocio que mueve millones: La basura,empresas,2021-09-09T01:01:45-04:00,False,,/empresas/las-empresas-que-se-enriquecen-en-rd-con-un-negocio-que-mueve-millones-la-basura/,331
Juan Botero,Construcción en RD: el pilar que impulsa más del 13 % del PIB,construcción,2025-07-18T15:47:15-04:00,False,,/construccion/construccion-rd-16-mil-millones-pib/,331
Jhojhanni Fiorini,"Los 10 mejores países para jubilarse en 2026, según International Living",money invest,2026-03-09T14:26:32-04:00,False,,/money-invest/los-10-mejores-paises-para-jubilarse-en-2026-segun-international-living/,331
Jhojhanni Fiorini,Quién financia la OMS: los mayores contribuyentes y el peso de Bill Gates,money invest,2026-01-29T13:46:45-04:00,False,,/money-invest/quien-financia-la-oms-los-mayores-contribuyentes-y-el-peso-de-bill-gates/,331
Elba Reyes,Precio del dólar en RD hoy: tasa actual al miércoles 4 de febrero de 2026,money invest,2026-02-04T08:51:01-04:00,False,,/money-invest/precio-del-dolar-en-rd-hoy-tasa-actual-al-miercoles-4-de-febrero-de-2026/,330
Elba Reyes,Precio del dólar hoy en República Dominicana este jueves 26 de febrero 2026,money invest,2026-02-26T08:27:17-04:00,False,,/money-invest/precio-del-dolar-hoy-en-republica-dominicana-este-jueves-25-de-febrero-2026/,330
Jhojhanni Fiorini,Fitur 2026 crece 9 % y reunirá a 967 expositores,fitur,2026-01-13T10:27:22-04:00,False,,/turismo/fitur/fitur-2026-crece-9-y-reunira-a-967-expositores/,329
Elba Reyes,Trump se reunirá con Corina Machado y afirma que aceptaría el Nobel de La Paz,internacional,2026-01-11T23:11:49-04:00,False,,/internacional/trump-se-reunira-con-corina-machado-y-afirma-que-aceptaria-el-nobel-de-la-paz/,329
SIN_AUTOR,,,,False,404 Client Error: Not Found for url: https://revistamercado.do/money-invest/internacional-economia/casa-blanca-afirma-jamenei-muerto-ataques-iran-2026/,/money-invest/internacional-economia/casa-blanca-afirma-jamenei-muerto-ataques-iran-2026/,328
Elba Reyes,"Los nombres de bebé más populares para nacidos en febrero de 2026, según la IA",technology,2026-01-20T15:33:31-04:00,False,,/technology/los-nombres-de-bebe-mas-populares-para-nacidos-en-febrero-de-2026-segun-la-ia/,328
Andrea Mercedes,¿Estará Neymar en el Mundial 2026? Ancelotti revela sus dudas sobre el astro brasileño,actualidad,2026-05-14T17:31:15-04:00,False,,/actualidad/estara-neymar-en-el-mundial-2026-ancelotti-revela-sus-dudas-sobre-el-astro-brasileno/,327
Jhojhanni Fiorini,Pollos ECCUS: Innovación en la avicultura dominicana,brand business,2025-07-29T10:07:47-04:00,False,,/empresas/brand-business/pollos-eccus-innovacion-en-la-avicultura-dominicana/,327
Andrea Mercedes,¿Por qué está lloviendo tanto en Santo Domingo y en República Dominicana?,daily news,2026-03-27T12:19:30-04:00,False,,/nacional/por-que-esta-lloviendo-tanto-en-santo-domingo-y-en-republica-dominicana/,327
Karime Rivas,En la élite del poder: 10 mujeres que lideran el mundo con visión y firmeza,leadership,2025-04-24T18:10:29-04:00,False,,/mercado-women/leadership/en-la-elite-del-poder-10-mujeres-que-lideran/,326
SIN_AUTOR,,,,False,404 Client Error: Not Found for url: https://revistamercado.do/empresas/esto-es-una-prueba-nelson-cruz-revela-que-hubo-muchas-lagrimas-en-el-camerino/,/empresas/esto-es-una-prueba-nelson-cruz-revela-que-hubo-muchas-lagrimas-en-el-camerino/,326
revistamercado,"Panorama Jets, una empresa 100 % dominicana que vuela por todo el mundo",interview,2024-01-24T17:36:06-04:00,False,,/interview/panorama-jets-alexander-castillo/,326
Elba Reyes,Desfile de planetas en marzo 2026: cómo verlo desde República Dominicana,ciencia y espacio,2026-03-03T14:21:03-04:00,False,,/technology/ciencia-y-espacio/desfile-de-planetas-en-marzo-2026-como-verlo-desde-republica-dominicana/,326
marianbriceno,¿Piensas regalar un videojuego? Primero conoce el sistema de clasificación por edades,tecnología,2022-09-14T15:28:47-04:00,False,,/tecnologia/videojuegos-clasificaciones/,326
Andrea Mercedes,¿Apartamentos y yates baratos? Así será la subasta de bienes incautados en RD,daily news,2026-04-15T12:54:06-04:00,False,,/money-invest/daily-news/apartamentos-y-yates-baratos-asi-sera-la-subasta-de-bienes-incautados-en-rd/,326
Elba Reyes,Apple rompería su historia: no habrá iPhone 19 y este es el motivo,technology,2026-04-22T16:53:40-04:00,False,,/technology/apple-romperia-su-historia-no-habra-iphone-19-y-este-es-el-motivo/,324
Elba Reyes,Las 10 marcas favoritas de la generación Z,lifestyle,2025-12-22T13:10:09-04:00,False,,/lifestyle/las-10-marcas-favoritas-de-la-generacion-z/,324
Elba Reyes,"Estos son los celulares en los que WhatsApp dejará de funcionar en junio de 2026, lista completa",devices,2026-05-25T12:56:03-04:00,False,,/technology/devices/estos-son-los-celulares-en-los-que-whatsapp-dejara-de-funcionar-en-junio-de-2026-lista-completa/,324
Elba Reyes,Quién fue Francisco del Rosario Sánchez y por qué RD conmemora su natalicio 209,daily news,2026-03-09T12:02:08-04:00,False,,/money-invest/daily-news/quien-fue-francisco-del-rosario-sanchez-y-por-que-rd-conmemora-su-natalicio-209/,324
Elba Reyes,Los 6 mejores hoteles 5 estrellas Punta Cana según Tripadvisor en 2026,lifestyle,2026-03-18T16:30:31-04:00,False,,/lifestyle/los-6-mejores-hoteles-5-estrellas-punta-cana-segun-tripadvisor-en-2026/,324
Karime Rivas,4 capitales de Latinoamérica con más poder en la industria musical,experiencias,2025-10-03T16:05:30-04:00,False,,/lifestyle/experiencias/capitales-industria-musical/,324
Rodrigo Muñoz,Tasa de dólar hoy en RD: claves para entender la variación,money invest,2025-08-27T11:06:04-04:00,False,,/money-invest/tasa-de-dolar-hoy-en-rd-claves-para-entender-la-variacion/,324
Jhojhanni Fiorini,Los países con mayor poder blando de Latinoamérica en 2025 ,money invest,2025-03-04T14:58:47-04:00,False,,/money-invest/los-paises-con-mayor-poder-blando-en-latinoamerica-en-2025/,324
Rodrigo Muñoz,Tierras raras dominicanas: Un recurso estratégico en la competencia entre EE.UU. y China,money invest,2025-02-07T16:13:06-04:00,False,,/money-invest/tierras-raras-dominicanas-un-recurso-estrategico-en-la-competencia-entre-ee-uu-y-china/,324
Andrea Mercedes,¿Es el fin del chavismo? María Corina Machado envía contundente advertencia a Delcy Rodríguez,daily news,2026-05-12T12:21:11-04:00,False,,/money-invest/daily-news/es-el-fin-del-chavismo-maria-corina-machado-envia-contundente-advertencia-a-delcy-rodriguez/,323
Ashley Presinal,Proyecto Hostos: nuevo puente energético a PR,caudal de desarrollo,2026-02-25T16:53:04-04:00,False,,/empresas/proyecto-hostos-integracion-energetica-rd-puerto-rico/,323
Elba Reyes,Resultados de la MLB: juegos de hoy martes 31 de marzo y donde verlo en RD,sport business,2026-03-31T13:13:39-04:00,False,,/empresas/sport-business/resultados-de-la-mlb-juegos-de-hoy-martes-31-de-marzo-y-donde-verlo-en-rd/,322
Elba Reyes,WhatsApp Plus para iPhone: Meta lanza suscripción premium para personalizar la app al extremo,devices,2026-05-12T12:57:39-04:00,False,,/technology/devices/whatsapp-plus-para-iphone-meta-lanza-suscripcion-premium-para-personalizar-la-app-al-extremo/,322
Jhojhanni Fiorini,Las universidades españolas peor posicionadas en el QS Ranking 2026,money invest,2026-03-09T17:02:25-04:00,False,,/money-invest/las-universidades-espanolas-peor-posicionadas-en-el-qs-ranking-2026/,322
Elba Reyes,Fuera de la lista: Los motivos por los que el Gobierno no te entregará el Bono Madre 2026,actualidad,2026-05-28T13:21:47-04:00,False,,/actualidad/fuera-de-la-lista-los-motivos-por-los-que-el-gobierno-no-te-entregara-el-bono-madre-2026/,322
Elba Reyes,Precio del dólar hoy en República Dominicana este martes 21 de abril de 2026,money invest,2026-04-21T08:12:25-04:00,False,,/money-invest/precio-del-dolar-hoy-en-republica-dominicana-este-martes-21-de-abril-de-2026/,321
Elba Reyes,Netflix vuelve a subir precios: ¿subirá también en República Dominicana?,daily news,2026-03-27T11:45:03-04:00,False,,/money-invest/daily-news/netflix-vuelve-a-subir-precios-subira-tambien-en-republica-dominicana/,321
Gabriel Rico Albarrán,🔴 EN VIVO | Mercado Power Women Summit 2026,mercado events,2026-03-05T09:37:56-04:00,False,,/mercado-exchange/mercado-power-women-summit-2026-en-vivo/,321
Gabriel Rico Albarrán,"Frank Rainieri y Haydée Kuret, galardonados con el Premio Sophia a la Excelencia",empresas,2026-03-22T09:00:11-04:00,False,,/empresas/frank-rainieri-y-haydee-kuret-galardonados-con-el-premio-sophia-a-la-excelencia/,321
Karime Rivas,"“Barack, tienes que mirarme”: el discurso de Michelle Obama que hizo llorar al expresidente",leadership,2026-06-20T16:50:18-04:00,False,,/mercado-women/leadership/michelle-obama-discurso/,321
Andrea Mercedes,"¿Qué documentos necesitas para retirar los RD$1,500 del Bono Madre en RD?",daily news,2026-05-26T14:56:08-04:00,False,,/money-invest/daily-news/que-documentos-necesitas-para-retirar-los-rd1500-del-bono-madre-en-rd/,320
Elba Reyes,Precio del dólar hoy en República Dominicana: viernes 30 de enero de 2026,money invest,2026-01-30T10:49:15-04:00,False,,/money-invest/precio-del-dolar-hoy-en-republica-dominicana-viernes-30-de-enero-de-2026/,320
Jhojhanni Fiorini,Este es el primer país que empieza a limitar la gasolina: máximo 50 litros al día,internacional,2026-03-25T12:32:07-04:00,False,,/money-invest/internacional-economia/este-es-el-primer-pais-que-empieza-a-limitar-la-gasolina-maximo-50-litros-al-dia/,320
SIN_AUTOR,,,,False,404 Client Error: Not Found for url: https://revistamercado.do/dining-out/restaurantes-mexicanos-en-santo-domingo-every-day-is-taco-tuesday/,/dining-out/restaurantes-mexicanos-en-santo-domingo-every-day-is-taco-tuesday/,319
Elba Reyes,Precio del dólar hoy en República Dominicana este viernes 24 de abril de 2026,money invest,2026-04-24T08:48:59-04:00,False,,/money-invest/precio-del-dolar-hoy-en-republica-dominicana-este-viernes-24-de-abril-de-2026/,319
Gabriel Rico Albarrán,La cumbre Escudo de las Américas de Trump cita a 12 presidentes latinoamericanos,actualidad,2026-03-07T07:00:00-04:00,False,,/actualidad/cumbre-escudo-de-las-americas-de-trump-cita-a-11-presidentes-latinoamericanos/,318
Gabriel Rico Albarrán,Estas son las 10 empresas con más ingresos del planeta,empresas,2023-08-28T07:56:52-04:00,False,,/empresas/las-10-empresas-con-mas-ingresos-del-mundo/,318
Jhojhanni Fiorini,"Así amaneció el dólar hoy en RD, jueves 29 de enero 2026",money invest,2026-01-29T07:18:07-04:00,False,,/money-invest/asi-amanecio-el-dolar-hoy-en-rd-este-jueves-29-de-enero-2026/,316
Rodrigo Muñoz,"Zonas Francas en RD: Crecimiento histórico en exportaciones, empleo e inversión",money invest,2025-08-30T11:00:53-04:00,False,,/money-invest/zonas-francas-en-rd-crecimiento-historico-en-exportaciones-empleo-e-inversion/,316
Elba Reyes,Ébola: ¿Cuáles son sus síntomas y cómo se contagia el virus?,salud,2026-05-22T13:00:10-04:00,False,,/medihealth/salud/ebola-cuales-son-sus-sintomas-y-como-se-contagia-el-virus/,314
Elba Reyes,¿Es mejor tener hijos antes de los 35? Lo que dice la evidencia médica,salud,2026-04-18T13:00:24-04:00,False,,/medihealth/salud/es-mejor-tener-hijos-antes-de-los-35-lo-que-dice-la-evidencia-medica/,314
Elba Reyes,Ito Bisonó nuevo ministro de Vivienda y Edificaciones,república dominicana,2026-01-08T10:54:24-04:00,False,,/money-invest/republica-dominicana/ito-bisono-nuevo-ministro-de-vivienda-y-edificaciones/,314
Andrea Mercedes,Renovación de cédula en RD: plazo para nacidos en abril se extiende hasta el 11 de mayo,daily news,2026-05-01T13:49:14-04:00,False,,/money-invest/daily-news/renovacion-de-cedula-en-rd-plazo-para-nacidos-en-abril-se-extiende-hasta-el-11-de-mayo/,314
Elba Reyes,Ranking 2026: países de Latinoamérica con menos horas de trabajo semanal,internacional,2026-04-10T14:47:44-04:00,False,,/money-invest/internacional-economia/ranking-2026-paises-de-latinoamerica-con-menos-horas-de-trabajo-semanal/,314
Karime Rivas,"Bienestar, filantropía y podcast, el nuevo capítulo de Lucy Doughty",leadership,2024-05-08T23:25:35-04:00,False,,/mercado-women/leadership/nuevo-capitulo-de-lucy-doughty/,313
Elba Reyes,¿Toy Story 5 tiene escena post-créditos? Esto debes saber,actualidad,2026-06-18T16:37:17-04:00,False,,/actualidad/toy-story-5-tiene-escena-post-creditos-esto-debes-saber/,313
Elba Reyes,José María Balcázar: quién es el polémico líder que asume la presidencia de Perú en plena crisis,internacional,2026-02-19T11:51:50-04:00,False,,/money-invest/internacional-economia/jose-maria-balcazar-quien-es-el-polemico-lider-que-asume-la-presidencia-de-peru-en-plena-crisis/,312
Elba Reyes,"Luis Valdez, nuevo vicepresidente ejecutivo de Seguros Reservas",empresas,2026-01-14T09:56:49-04:00,False,,/empresas/luis-valdez-nuevo-vicepresidente-ejecutivo-de-seguros-reservas/,311
Jhojhanni Fiorini,Los países más ricos de Latinoamérica por activos netos,money invest,2025-10-07T11:49:15-04:00,False,,/money-invest/los-paises-mas-ricos-de-latinoamerica-por-activos-netos/,311
Elba Reyes,Eclipse solar más largo del siglo: ¿se verá en República Dominicana o quedará fuera del evento?,ciencia y espacio,2026-03-18T11:00:23-04:00,False,,/technology/ciencia-y-espacio/eclipse-solar-mas-largo-del-siglo-se-vera-en-republica-dominicana-o-quedara-fuera-del-evento/,311
Elba Reyes,"Transporte, Logística y Zonas Francas Summit 2026 concluye con una visión estratégica del futuro para la República Dominicana",mercado events,2026-04-29T20:00:31-04:00,False,,/mercado-exchange/transporte-logistica-y-zonas-francas-summit-2026-concluye-con-una-vision-estrategica-del-futuro-para-la-republica-dominicana/,310
Edwin Lozada,Uzbekistán vs. Colombia: a qué hora juega la Selección Colombia en República Dominicana y dónde verlo,actualidad,2026-06-16T20:52:46-04:00,False,,/actualidad/uzbekistan-colombia-hora-republica-dominicana-donde-ver-mundial-2026/,310
Karime Rivas,Con voz y voto: la historia del sufragio femenino en República Dominicana,business,2023-05-16T11:00:02-04:00,False,,/mercado-women/historia-sufragio-femenino-republica-dominicana/,310
Jhojhanni Fiorini,NVIDIA empuja la revolución de IA en República Dominicana,república dominicana,2025-10-15T17:44:29-04:00,False,,/money-invest/republica-dominicana/nvidia-impulsa-la-revolucion-de-ia-en-republica-dominicana/,310
Elba Reyes,Punta Cana se convierte en el destino mundial de lujo,turismo,2025-12-26T09:10:06-04:00,False,,/turismo/punta-cana-se-convierte-en-el-destino-mundial-de-lujo/,310
Kenny Cayetano,Espalsa: liderazgo con visión sostenible,brand content,2026-02-06T16:16:14-04:00,False,,/empresas/espalsa-liderazgo-con-vision-sostenible/,309
SIN_AUTOR,,,,False,404 Client Error: Not Found for url: https://revistamercado.do/store/amazonia-social-club/,/store/amazonia-social-club/,309
Jhojhanni Fiorini,Reacciones en América Latina tras ataque de EE.UU. en Venezuela,internacional,2026-01-03T11:44:11-04:00,False,,/money-invest/internacional-economia/reacciones-en-america-latina-tras-ataque-de-ee-uu-en-venezuela/,309
Ana Sosa,Artemis II: el inicio de la economía cislunar y el rediseño del poder corporativo global,money invest,2026-04-01T12:43:57-04:00,True,,/market-brief/finanzas/artemis-ii-el-inicio-de-la-economia-cislunar-y-el-rediseno-del-poder-corporativo-global/,309
Jhojhanni Fiorini,¿Vale la pena el cambio? Las 5 innovaciones clave que llegarán con el iPhone 18 Pro,devices,2026-06-08T09:44:18-04:00,False,,/technology/vale-la-pena-el-cambio-las-5-innovaciones-clave-que-llegaran-con-el-iphone-18-pro/,308
Karime Rivas,La mente detrás del perfume: lo que Coco Chanel puede enseñarte sobre liderazgo,executive profiles,2025-04-07T22:05:12-04:00,False,,/mercado-women/executive-profiles/lecciones-liderazgo-coco-chanel/,308
Jhojhanni Fiorini,El petróleo de Venezuela en la mira de Donald Trump,internacional,2026-01-04T11:33:07-04:00,False,,/money-invest/internacional-economia/el-petroleo-de-venezuela-en-la-mira-de-donald-trump/,308
Jhojhanni Fiorini,Starbucks Bearista: el vaso viral que causa furor global,empresas,2025-11-14T12:00:23-04:00,False,,/empresas/starbucks-bearista-el-vaso-viral-que-causa-furor-global/,308
Andrea Mercedes,Nueva cédula en RD: quienes no estén en su mes deberán ir de madrugada,daily news,2026-03-17T16:45:49-04:00,False,,/empresas/nueva-cedula-en-rd-quienes-no-esten-en-su-mes-deberan-ir-de-madrugada/,307
Jhojhanni Fiorini,La historia real detrás de los Doritos: de idea improvisada a marca millonaria,empresas,2026-03-02T16:13:21-04:00,False,,/empresas/la-historia-real-detras-de-los-doritos-de-idea-improvisada-a-marca-millonaria/,306
Jhojhanni Fiorini,Venezuela dará hasta 50 millones de barriles de petróleo a EE.UU.,internacional,2026-01-07T11:42:41-04:00,False,,/money-invest/internacional-economia/venezuela-dara-hasta-50-millones-de-barriles-de-petroleo-a-ee-uu/,306
Jhojhanni Fiorini,Ranking 2026: Los 10 mejores países de América Latina para lanzar una startup,internacional,2026-05-25T12:11:05-04:00,False,,/money-invest/internacional-economia/ranking-2026-los-10-mejores-paises-de-america-latina-para-lanzar-una-startup/,305
Elba Reyes,Precio del dólar hoy en República Dominicana este martes 23 de junio de 2026,república dominicana,2026-06-23T09:03:10-04:00,False,,/money-invest/republica-dominicana/precio-del-dolar-hoy-en-republica-dominicana-este-martes-23-de-junio-de-2026/,305
Jhojhanni Fiorini,Los proyectos icónicos de Luis Velutini en República Dominicana ,infraestructura,2025-08-12T14:28:55-04:00,False,,/construccion/infraestructura/los-proyectos-iconicos-de-luis-velutini-en-republica-dominicana/,304
Elba Reyes,"De US$1,000 a US$22,000: el jacket de RD del Clásico Mundial se dispara en subasta",sport business,2026-03-24T13:37:02-04:00,False,,/empresas/sport-business/de-us1000-a-us22000-el-jacket-de-rd-del-clasico-mundial-se-dispara-en-subasta/,304
Jhojhanni Fiorini,Ranking 2025: las startups más valiosas de Latinoamérica,empresas,2025-12-25T15:08:12-04:00,False,,/empresas/ranking-2025-las-startups-mas-valiosas-de-latinoamerica/,304
Elba Reyes,Precio del dólar hoy en República Dominicana este martes 2 de junio de 2026,república dominicana,2026-06-02T09:00:49-04:00,False,,/money-invest/republica-dominicana/precio-del-dolar-hoy-en-republica-dominicana-este-martes-2-de-junio-de-2026/,304
Andrea Mercedes,¿Tercera Guerra Mundial? Rusia amenaza a Japón y pone en jaque al Pacífico,daily news,2026-05-27T18:09:08-04:00,False,,/money-invest/daily-news/tercera-guerra-mundial-rusia-amenaza-a-japon-y-pone-en-jaque-al-pacifico/,304
Andrea Mercedes,El dólar rompe los 60 pesos en RD y alcanza su nivel más bajo en lo que va de 2026 ,money invest,2026-03-18T16:35:22-04:00,False,,/money-invest/el-dolar-rompe-los-60-pesos-en-rd-y-alcanza-su-nivel-mas-bajo-en-lo-que-va-de-2026/,304
Elba Reyes,Día de la Mujer en República Dominicana 2026: cuándo es y frases para enviar por WhatsApp,technology,2026-03-06T08:00:49-04:00,False,,/technology/dia-de-la-mujer-en-republica-dominicana-2026-cuando-es-y-frases-para-enviar-por-whatsapp/,304
Jhojhanni Fiorini,"Remesas a RD suben 10% y superan US$ 11,866 millones en 2025 ",money invest,2026-01-09T11:10:04-04:00,False,,/money-invest/remesas-a-rd-suben-10-y-superan-us-11866-millones-en-2025/,303
SIN_AUTOR,,,,False,,/event/construction-summit/,303
Elba Reyes,Precio del dólar hoy en la República Dominicana este miércoles 27 de mayo del 2026,república dominicana,2026-05-27T08:01:58-04:00,False,,/money-invest/republica-dominicana/precio-del-dolar-hoy-en-la-republica-dominicana-este-miercoles-27-de-mayo-del-2026/,302
Jhojhanni Fiorini,"Arsenal vs PSG: fecha, sede y horarios de la final de la Champions League 2026",actualidad,2026-05-07T09:58:36-04:00,False,,/actualidad/arsenal-vs-psg-fecha-sede-y-horarios-de-la-final-de-la-champions-league-2026/,302
Jhojhanni Fiorini,Apple confirma evento el 4 de marzo: ¿llega el iPhone 17e y el MacBook M5?,empresas,2026-02-17T16:30:43-04:00,False,,/empresas/apple-confirma-evento-el-4-de-marzo-llega-el-iphone-17e-y-el-macbook-m5/,302
Elba Reyes,Precio del dólar hoy en República Dominicana: miércoles 11 de febrero de 2026,money invest,2026-02-11T08:15:16-04:00,False,,/money-invest/precio-del-dolar-hoy-en-republica-dominicana-miercoles-11-de-febrero-de-2026/,302
Elba Reyes,Clásico Mundial de Béisbol 2026: República Dominicana derrota a Venezuela en un duelo de poder ofensivo,sport business,2026-03-12T08:40:52-04:00,False,,/empresas/sport-business/clasico-mundial-de-beisbol-2026-republica-dominicana-derrota-a-venezuela-en-un-duelo-de-poder-ofensivo/,301
Elba Reyes,Las mujeres que están al mando de las grandes empresas en Latinoamérica,mercado women,2026-02-24T12:06:49-04:00,False,,/mercado-women/las-mujeres-que-estan-al-mando-de-las-grandes-empresas-en-latinoamerica/,301
Edwin Lozada,República Dominicana aplasta a Corea y avanza a semifinales del Clásico Mundial de Beisbol 2026,sport business,2026-03-14T00:39:07-04:00,False,,/empresas/sport-business/republica-dominicana-semifinales-clasico-mundial-beisbol-2026/,300
Jhojhanni Fiorini,Steve Jobs y el cáncer: lo que aprendió cuando supo que iba a morir,tech leaders,2026-03-17T12:40:09-04:00,False,,/technology/techleaders/steve-jobs-y-el-cancer-lo-que-aprendio-cuando-penso-que-iba-a-morir/,300
Jhojhanni Fiorini,"Partidos de HOY, viernes 29 de mayo del 2026: a qué hora juegan y en qué canales",actualidad,2026-05-29T09:16:49-04:00,False,,/actualidad/partidos-de-hoy-viernes-29-de-mayo-del-2026-a-que-hora-juegan-y-en-que-canales/,299
Jhojhanni Fiorini,La IA que ya no necesita humanos: programa sola durante horas y supera a Claude y a ChatGPT,artificial intelligence,2026-04-23T12:07:12-04:00,False,,/technology/artificial-intelligence/la-ia-que-ya-no-necesita-humanos-programa-sola-durante-horas-y-supera-a-claude-y-a-chatgpt/,299
Jhojhanni Fiorini,7 cosas que hacen los malos jefes y que destruyen empresas,gestión,2026-03-01T09:10:57-04:00,False,,/empresas/gestion/7-cosas-que-hacen-los-malos-jefes-y-que-destruyen-empresas/,299
Elba Reyes,Precio del dólar hoy en República Dominicana este miércoles 18 marzo 2026,money invest,2026-03-18T08:19:05-04:00,False,,/money-invest/precio-del-dolar-hoy-en-republica-dominicana-este-miercoles-18-marzo-2026/,299
Jhojhanni Fiorini,Ranking de los carros que menos combustible consumen y cuánto ahorro representan hoy,money invest,2026-01-16T16:49:21-04:00,False,,/money-invest/ranking-de-los-carros-que-menos-combustible-consumen-y-cuanto-ahorro-representan-hoy/,298
Elba Reyes,Se redefine Hollywood: Paramount se queda con Warner en un acuerdo récord,empresas,2026-04-24T13:00:58-04:00,False,,/empresas/se-redefine-hollywood-paramount-se-queda-con-warner-en-un-acuerdo-record/,298
Andrea Mercedes,EE.UU. y Venezuela negociaron en Qatar una transición que excluyó a María Corina Machado,daily news,2026-05-11T12:38:20-04:00,False,,/money-invest/daily-news/ee-uu-y-venezuela-negociaron-en-qatar-una-transicion-que-excluyo-a-maria-corina-machado/,298
Rodrigo Muñoz,RD lidera el ranking latinoamericano de las mejores playas del mundo,viajes,2025-05-08T11:57:55-04:00,False,,/lifestyle/viajes/rd-lidera-el-ranking-latinoamericano-de-las-mejores-playas-del-mundo/,298
Elba Reyes,Precio del dólar hoy en la República Dominicana este jueves 28 de mayo del 2026,república dominicana,2026-05-28T09:05:23-04:00,False,,/money-invest/republica-dominicana/precio-del-dolar-hoy-en-la-republica-dominicana-este-jueves-28-de-mayo-del-2026/,298
Karime Rivas,¿Sabías que el ruido puede ser tan peligroso como fumar? Descubre por qué,medihealth,2024-08-30T17:14:55-04:00,False,,/medihealth/sabias-que-el-ruido-puede-ser-tan-peligroso-como-fumar/,297
Elba Reyes,Faltan 3 días para el Mundial 2026: todo lo que debes saber antes del 11 de junio,sport business,2026-06-08T12:00:53-04:00,False,,/money-invest/daily-news/faltan-3-dias-para-el-mundial-2026-todo-lo-que-debes-saber-antes-del-11-de-junio/,297
Rodrigo Muñoz,Ranking: Las marcas latinoamericanas más poderosas y valiosas en 2025,brand business,2025-08-21T13:09:21-04:00,False,,/empresas/brand-business/ranking-las-marcas-latinoamericanas-mas-poderosas-y-valiosas-en-2025/,297
Andrea Mercedes,Lluvias en RD: aumento de inundaciones y pérdidas en los últimos años,daily news,2026-04-09T11:57:32-04:00,False,,/money-invest/daily-news/lluvias-en-rd-aumento-de-inundaciones-y-perdidas-en-los-ultimos-anos/,297
Jhojhanni Fiorini,iPhone 18 podría dar el salto a 200 MP: así cambiaría el zoom en fotos,technology,2026-04-21T13:12:46-04:00,False,,/technology/iphone-18-podria-dar-el-salto-a-200-mp-asi-cambiaria-el-zoom-en-fotos/,296
Karime Rivas,¿Cuántas mentiras dices al día? La ciencia te sorprenderá,empresas,2024-06-14T19:44:21-04:00,False,,/empresas/cuantas-mentiras-dices-al-dia-la-ciencia-te-sorprendera/,296
Elba Reyes,Los 4 restaurantes más exclusivos del mundo en 2026,lifestyle,2026-01-12T16:26:05-04:00,False,,/lifestyle/los-4-restaurantes-mas-exclusivos-del-mundo-en-2026/,296
Karime Rivas,"Carmen Barceló, la nueva CEO de TotalEnergies al mando del futuro energético",leadership,2025-05-14T19:18:55-04:00,False,,/empresas/executive-news/carmen-barcelo-ceo-totalenergies/,296
Edwin Lozada,Abinader rinde cuentas ante la Asamblea Nacional y presenta Meta RD 2036,república dominicana,2026-02-27T12:13:44-04:00,False,,/money-invest/en-vivo-abinader-rinde-cuentas-asamblea-nacional-presenta-meta-rd-2036/,296
Jhojhanni Fiorini,"Cacao vuelve a subir y supera los US$ 6,300 por tonelada",market brief,2025-10-24T12:35:38-04:00,False,,/market-brief/cacao-vuelve-a-subir-y-supera-los-us-6300-por-tonelada/,295
Elba Reyes,El peor iPhone de la historia: el modelo que nadie debería comprar en 2026,technology,2026-03-25T17:41:38-04:00,False,,/technology/el-peor-iphone-de-la-historia-el-modelo-que-nadie-deberia-comprar-en-2026/,295
Elba Reyes,Precio del dólar hoy en República Dominicana este miércoles 8 de abril 2026,money invest,2026-04-08T09:55:30-04:00,False,,/money-invest/precio-del-dolar-hoy-en-republica-dominicana-este-miercoles-8-de-abril-2026/,295
revistamercado,La industria de las armas en Estados Unidos: ¿cuánto dinero mueve?,actualidad,2022-05-26T14:32:02-04:00,False,,/actualidad/industria-armas-estados-unidos/,294
SIN_AUTOR,,,,False,,/external-event/viii-congreso-iberoamericano-ceapi/,294
Jhojhanni Fiorini,Las 10 empresas latinoamericanas más valiosas de Wall Street,market brief,2025-10-06T13:09:27-04:00,False,,/market-brief/las-10-empresas-latinoamericanas-mas-valiosas-de-wall-street/,294
Andrea Mercedes,🔴 Guerra en Irán EN VIVO: últimas noticias y minuto a minuto del conflicto,daily news,2026-03-17T09:50:51-04:00,False,,/money-invest/daily-news/guerra-en-iran-en-vivo-ultimas-noticias-y-minuto-a-minuto-del-conflicto/,294
Rodrigo Muñoz,Cómo recuperar tu perfil crediticio en RD: estrategias efectivas para salir del “cicla”,finanzas,2020-04-30T15:01:57-04:00,False,,/market-brief/finanzas/como-puedes-rescatar-tu-malogrado-credito-del-cicla/,293
Karime Rivas,¿Por qué nunca ha habido una mujer papa? La pregunta que incomoda al Vaticano,career,2025-04-24T19:23:37-04:00,False,,/mercado-women/career/por-que-nunca-ha-habido-una-mujer-papa/,293
Jhojhanni Fiorini,"Partidos de hoy, domingo 3 de mayo del 2026: horarios, canales TV y dónde ver fútbol en vivo",actualidad,2026-05-03T10:43:36-04:00,False,,/actualidad/partidos-de-hoy-domingo-3-de-mayo-del-2026-horarios-canales-tv-y-donde-ver-futbol-en-vivo/,293
Karime Rivas,"Éléonore Caroit, la franco-dominicana que llegó al corazón del poder diplomático francés",leadership,2026-04-28T20:08:33-04:00,False,,/mercado-women/leadership/eleonore-caroit-franco-dominicana/,293
Elba Reyes,Lluvias persistirán este jueves 9 de abril del 2026 en República Dominicana: vaguada mantiene varias provincias bajo alerta,actualidad,2026-04-09T09:32:15-04:00,False,,/actualidad/lluvias-persistiran-este-jueves-9-de-abril-del-2026-en-republica-dominicana-vaguada-mantiene-varias-provincias-bajo-alerta/,292
Elba Reyes,¿Cuánto dinero se embolsa el Barcelona por ser el campeón de LaLiga 2026?,sport business,2026-05-11T15:00:28-04:00,False,,/empresas/sport-business/cuanto-dinero-se-embolsa-el-barcelona-por-ser-el-campeon-de-laliga-2026/,292
Andrea Mercedes,Foto finish en Perú 2026: la diferencia entre Fujimori y Sánchez al cierre del conteo,daily news,2026-06-25T14:47:00-04:00,False,,/money-invest/daily-news/foto-finish-en-peru-2026-la-diferencia-entre-fujimori-y-sanchez-al-cierre-del-conteo/,292
Edwin Lozada,Artemis II vuelve a la Tierra: el video del histórico amerizaje de Orión,daily news,2026-04-10T20:36:21-04:00,False,,/money-invest/daily-news/nasa-en-vivo-regreso-artemis-ii-tierra/,292
Jhojhanni Fiorini,Ranking de los países con más ventas de automóviles eléctricos en Latinoamérica,money invest,2026-02-11T09:58:32-04:00,False,,/money-invest/ranking-de-los-paises-con-mas-ventas-de-automoviles-electricos-en-latinoamerica/,291
Elba Reyes,Los destinos donde van de vacaciones los más ricos del mundo en 2026,lifestyle,2026-04-25T09:00:19-04:00,False,,/lifestyle/los-destinos-donde-van-de-vacaciones-los-mas-ricos-del-mundo-en-2026/,291
Gabriel Rico Albarrán,Hace 20 años estas 15 cosas no existían y hoy forman parte del día a día,actualidad,2023-01-10T12:55:03-04:00,False,,/actualidad/cosas-que-no-existian-hace-20-anosy-hoy-forman-parte-del-dia-a-dia/,290
Elba Reyes,Precio de la gasolina hoy en República Dominicana este lunes 13 de abril 2026,daily news,2026-04-13T15:40:54-04:00,False,,/market-brief/precio-de-la-gasolina-hoy-en-republica-dominicana-este-lunes-13-de-abril-2026/,290
Elba Reyes,Resultados de la Lotería Quiniela Real del martes 12 de mayo de 2026,actualidad,2026-05-13T08:52:13-04:00,False,,/actualidad/resultados-de-la-loteria-quiniela-real-del-martes-12-de-mayo-de-2026/,290
SIN_AUTOR,,,,False,404 Client Error: Not Found for url: https://revistamercado.do/entertainment/el-arte-taino-que-es-y-donde-encontrarlo/,/entertainment/el-arte-taino-que-es-y-donde-encontrarlo/,290
Elba Reyes,Resultados de la Lotería Quiniela Real del jueves 4 junio de 2026,actualidad,2026-06-05T09:07:29-04:00,False,,/actualidad/resultados-de-la-loteria-quiniela-real-del-jueves-4-junio-de-2026/,289
Jhojhanni Fiorini,El calentamiento se acelera: 2025 fue uno de los años más cálidos de la historia,cambio climático,2026-01-15T10:24:01-04:00,False,,/sostenibilidad/cambio-climatico/el-calentamiento-se-acelera-2025-fue-es-uno-de-los-anos-mas-calidos-de-la-historia/,289
Jhojhanni Fiorini,"Partidos de hoy, miércoles 22 de abril del 2026: horarios y canales TV para ver fútbol en vivo",actualidad,2026-04-22T09:13:29-04:00,False,,/actualidad/partidos-de-hoy-miercoles-22-de-abril-del-2026-horarios-y-canales-tv-para-ver-futbol-en-vivo/,289
Jhojhanni Fiorini,7 factores que impulsaron la economía dominicana en 2024,money invest,2025-02-04T10:16:08-04:00,False,,/money-invest/crecimiento-del-5-como-lo-logro-la-economia-dominicana/,288
Darling Gil,Rumble Cloud acelera hub tecnológico,brand content,2026-05-20T16:13:38-04:00,False,,/empresas/brand-content/rumble-cloud-acelera-hub-tecnologico/,288
Elba Reyes,Banco BHD realizará tercera edición del Foro BHD de Turismo e Inversión en Fitur,fitur,2026-01-20T07:00:35-04:00,False,,/turismo/fitur/banco-bhd-realizara-tercera-edicion-del-foro-bhd-de-turismo-e-inversion-en-fitur/,288
Jhojhanni Fiorini,57.6% de importaciones dominicanas vienen de EE. UU. y China,república dominicana,2025-10-29T16:06:36-04:00,False,,/money-invest/republica-dominicana/57-6-de-importaciones-dominicanas-vienen-de-ee-uu-y-china/,288
Andrea Mercedes,Aumentan las alertas en RD: 15 provincias bajo riesgo por fuertes lluvias,daily news,2026-03-27T16:50:19-04:00,False,,/money-invest/daily-news/aumentan-las-alertas-en-rd-15-provincias-bajo-riesgo-por-fuertes-lluvias/,288
Elba Reyes,Cuánto gana un astronauta de la NASA en 2026 y qué necesitas para ser uno,ciencia y espacio,2026-04-08T17:18:34-04:00,False,,/technology/ciencia-y-espacio/cuanto-gana-un-astronauta-de-la-nasa-en-2026-y-que-necesitas-para-ser-uno/,288
Elba Reyes,Canas a temprana edad: las vitaminas que influyen directamente en el color del cabello,trends,2026-02-02T13:28:40-04:00,False,,/mercado-women/trends/canas-a-temprana-edad-las-vitaminas-que-influyen-directamente-en-el-color-del-cabello/,288
Jhojhanni Fiorini,"Las 25 mejores empresas para trabajar en el mundo, según Fortune",empresas,2026-03-10T09:08:03-04:00,False,,/empresas/las-25-mejores-empresas-para-trabajar-en-el-mundo-segun-fortune/,288
Jhojhanni Fiorini,Delcy Rodríguez remueve a Vladimir Padrino López del Ministerio de Defensa,internacional,2026-03-18T13:50:51-04:00,False,,/money-invest/internacional-economia/delcy-rodriguez-remueve-a-vladimir-padrino-lopez-del-ministerio-de-defensa/,287
Elba Reyes,Madrid se convierte en la nueva Miami: Impacto de las grandes fortunas latinas en el sector lujo,viajes,2026-05-20T11:58:31-04:00,False,,/lifestyle/viajes/madrid-se-convierte-en-la-nueva-miami-impacto-de-las-grandes-fortunas-latinas-en-el-sector-lujo/,286
Rodrigo Muñoz,"Alex Rodríguez apuesta US $1,000 millones para transformar Playa Grande en un destino VIP",lifestyle,2025-05-20T11:45:24-04:00,False,,/lifestyle/alex-rodriguez-apuesta-us-1000-millones-para-transformar-playa-grande-en-un-destino-vip/,286
Rodrigo Muñoz,De Obama a Spielberg: por qué 2026 es el año en que el debate extraterrestre volvió al centro,actualidad,2026-02-16T15:27:32-04:00,False,,/actualidad/de-obama-a-spielberg-por-que-2026-es-el-ano-en-que-el-debate-extraterrestre-volvio-al-centro/,286
Karime Rivas,"Dominique Bluhdorn, la historia de la mujer detrás del premio en la Design Week RD 2023",influencers,2023-03-15T15:04:55-04:00,False,,/mercado-women/dominique-bluhdorn-industria-cultural-y-creativa/,286
Jhojhanni Fiorini,"Marcas que invierten en el Mundial 2026: Nike, Adidas, Coca-Cola y las nuevas apuestas",actualidad,2026-06-08T18:09:33-04:00,False,,/actualidad/marcas-que-invierten-en-el-mundial-2026-nike-adidas-coca-cola-y-las-nuevas-apuestas/,286
Andrea Mercedes,¿Hasta dónde llegará Cristiano Ronaldo en el Mundial? Esto predice la IA,sport business,2026-06-02T17:55:10-04:00,False,,/money-invest/daily-news/hasta-donde-llegara-cristiano-ronaldo-en-el-mundial-esto-predice-la-ia/,285
Jhojhanni Fiorini,ADETI apuesta por Andrés Marranzini y fortalece el turismo inmobiliario,turismo,2026-01-13T16:03:37-04:00,False,,/turismo/adeti-apuesta-por-andres-marranzini-y-fortalece-el-turismo-inmobiliario/,284
Karime Rivas,"Priscilla Durán, la doctora dominicana que descubre mutación genética que la cardiología había pasado por alto",executive profiles,2026-06-04T13:01:53-04:00,False,,/mercado-women/executive-profiles/priscilla-duran-reconocida-cardiologa/,284
Jhojhanni Fiorini,Top 2025 de las ciudades inteligentes de América Latina,money invest,2025-10-03T09:11:40-04:00,False,,/money-invest/top-2025-de-las-ciudades-inteligentes-de-america-latina/,283
Gabriel Rico Albarrán,"Mercado Power Women Summit 2026, punto de encuentro clave para el liderazgo femenino",mercado events,2026-03-04T14:29:13-04:00,False,,/mercado-exchange/mercado-power-women-summit-2026-punto-de-encuentro-clave-para-liderazgo-femenino/,283
Elba Reyes,WhatsApp Plus 2026: Cómo gestionar dos cuentas en un mismo celular y cuáles son los riesgos,devices,2026-05-15T15:50:05-04:00,False,,/technology/devices/whatsapp-plus-2026-como-gestionar-dos-cuentas-en-un-mismo-celular-y-cuales-son-los-riesgos/,283
Jhojhanni Fiorini,"El legado de Luis Velutini, pionero del lujo inmobiliario",actualidad,2025-08-11T18:29:45-04:00,False,,/actualidad/el-legado-de-luis-velutini-pionero-del-lujo-inmobiliario/,283
Karime Rivas,¿Cuántas calorías puedes quemar en una clase de Aquafit?,wellbeing,2025-01-02T22:03:13-04:00,False,,/medihealth/wellbeing/calorias-aquafit/,283
Andrea Mercedes,Los colores que usan los millonarios para parecer más ricos de lo que dicen,lifestyle,2026-03-23T17:50:24-04:00,False,,/lifestyle/los-colores-que-usan-los-millonarios-para-parecer-mas-ricos-de-lo-que-dicen/,282
Jhojhanni Fiorini,Apagón Nacional en RD podría costar hasta US$ 120 millones y afectar el crecimiento,república dominicana,2026-02-24T14:19:36-04:00,False,,/money-invest/republica-dominicana/apagon-nacional-en-rd-podria-costar-hasta-us-120-millones-y-afectar-el-crecimiento/,282
Jhojhanni Fiorini,Las mejores universidades en República Dominicana 2026,money invest,2026-03-20T16:10:12-04:00,False,,/money-invest/las-mejores-universidades-en-republica-dominicana-2026/,282
SIN_AUTOR,,,,False,404 Client Error: Not Found for url: https://revistamercado.do/shopping/el-trend-de-thrifting-en-santo-domingo-segunda-mano-es-el-nuevo-brand-new/,/shopping/el-trend-de-thrifting-en-santo-domingo-segunda-mano-es-el-nuevo-brand-new/,281
Normedy Gallardo,"CEDIMAT:  Centro Integral de Hemato-Oncología, una moderna opción para pacientes con cáncer",brand content,2022-10-26T09:51:49-04:00,False,,/empresas/brand-content/cedimat-centro-integral-de-hemato-oncologia-una-moderna-opcion-para-pacientes-con-cancer/,281
Andrea Mercedes,"Elecciones Perú 2026: El infartante conteo que separa a Sánchez y López Aliaga por solo 0,08 %",daily news,2026-05-11T15:26:56-04:00,False,,/money-invest/daily-news/elecciones-peru-2026-el-infartante-conteo-que-separa-a-sanchez-y-lopez-aliaga-por-solo-008/,280
Elba Reyes,Así amaneció el dólar hoy en RD este miércoles 28 de enero 2026,money invest,2026-01-28T09:02:57-04:00,False,,/money-invest/asi-amanecio-el-dolar-en-rd-este-miercoles-28-de-enero-2026/,280
Agatha Thomas,Las playas más peligrosas del mundo en 2026 y por qué representan un riesgo,lifestyle,2026-01-28T09:45:43-04:00,False,,/empresas/las-playas-mas-peligrosas-del-mundo-en-2026-y-por-que-representan-un-riesgo/,279
Jhojhanni Fiorini,Salario mínimo en Venezuela cae a un nivel crítico,internacional,2025-12-10T11:56:52-04:00,False,,/money-invest/internacional-economia/salario-minimo-en-venezuela-cae-a-un-nivel-critico/,279
Elba Reyes,Precio del dólar hoy en República Dominicana este martes 9 de junio de 2026,actualidad,2026-06-09T09:18:10-04:00,False,,/actualidad/precio-del-dolar-hoy-en-republica-dominicana-este-martes-9-de-junio-de-2026/,279
Jhojhanni Fiorini,El último «negocio de oro» de Warren Buffett: La acción que bate récords tras su salida,empresas,2026-05-07T17:14:04-04:00,False,,/empresas/el-ultimo-negocio-de-oro-de-warren-buffett-la-accion-que-bate-records-tras-su-salida/,278
Edwin Lozada,Escocia vs. Marruecos: a qué hora juega en República Dominicana y dónde verlo en vivo,actualidad,2026-06-19T08:01:10-04:00,False,,/actualidad/brasil-haiti-hora-republica-dominicana-donde-ver-mundial-2026/,278
Elba Reyes,"Las diferencias entre CEO, CIO, CFO y VP",gestión,2025-12-12T16:10:43-04:00,False,,/empresas/gestion/las-diferencias-entre-ceo-cio-cfo-y-vp/,278
Elba Reyes,Precio del dólar hoy en República Dominicana este miércoles 3 de junio de 2026,república dominicana,2026-06-03T09:13:31-04:00,False,,/money-invest/republica-dominicana/precio-del-dolar-hoy-en-republica-dominicana-este-miercoles-3-de-junio-de-2026/,277
Rodrigo Muñoz,Elizabeth Taylor y el diamante que cautivó al mundo,lifestyle,2024-12-30T16:14:45-04:00,False,,/lifestyle/elizabeth-taylor-y-el-diamante-que-cautivo-al-mundo/,277
Karime Rivas,¿Cómo Sarah Hamouda convirtió el ‘Chocolate Dubái’ en un negocio millonario?,leadership,2025-02-17T20:51:26-04:00,False,,/mercado-women/leadership/sarah-hamouda-chocolate-dubai/,277
Jhojhanni Fiorini,Top países de Latinoamérica con más carros eléctricos,actualidad,2025-08-15T14:26:00-04:00,False,,/actualidad/top-paises-de-latinoamerica-con-mas-carros-electricos/,276
Gabriel Rico Albarrán,Suiza se moviliza para acoger una manifestación antiG7 que Francia no quiso autorizar,internacional,2026-06-11T15:02:33-04:00,False,,/money-invest/daily-news/suiza-se-moviliza-para-acoger-una-manifestacion-antig7-que-francia-no-quiso-autorizar/,276
Jhojhanni Fiorini,Los países de Latinoamérica con más rechazos de visa a EE.UU.,internacional,2025-10-08T10:39:43-04:00,False,,/money-invest/internacional-economia/los-paises-de-latinoamerica-con-mas-rechazos-de-visa-a-ee-uu/,276
Andrea Mercedes,"Efectivo o tarjeta: Cómo retirar y usar los RD$ 1,500 del Bono Madre 2026",daily news,2026-05-29T12:37:08-04:00,False,,/money-invest/daily-news/efectivo-o-tarjeta-como-retirar-y-usar-los-rd-1500-del-bono-madre-2026/,276
Andrea Mercedes,Instagram y Facebook presentan fallas globales que afectan a millones de usuarios,tecnología,2026-06-12T10:59:48-04:00,False,,/money-invest/daily-news/instagram-y-facebook-presentan-fallas-globales-que-afectan-a-millones-de-usuarios/,276
Jhojhanni Fiorini,Dónde vivir mejor con ingresos medios en 2026: los pocos lugares donde aún es posible,turismo,2026-01-16T11:08:19-04:00,False,,/turismo/donde-vivir-mejor-con-ingresos-medios-en-2026-los-pocos-lugares-donde-aun-es-posible/,276
Elba Reyes,"Solo dos países de América Latina sobrevivirían a una Tercera Guerra Mundial, según la IA",actualidad,2026-04-09T11:41:23-04:00,False,,/actualidad/solo-dos-paises-de-america-latina-sobrevivirian-a-una-tercera-guerra-mundial-segun-la-ia/,276
Darling Gil,Renovada relevancia global gracias a los “rare earths”,money invest,2026-04-23T15:47:36-04:00,True,,/money-invest/renovada-relevancia-global-gracias-a-los-rare-earths/,276
SIN_AUTOR,,,,False,,/mercado_interviews/hair-plus-la-inspiradora-historia-de-indira-marielis-ramos/,275
Jhojhanni Fiorini,Este país latinoamericano superó a Estados Unidos en fuerzas especiales en 2026,empresas,2026-03-07T14:14:10-04:00,False,,/empresas/este-pais-latinoamericano-supero-a-estados-unidos-en-fuerzas-especiales-en-2026/,274
Andrea Mercedes,“Morirá toda una civilización” Trump lanza ultimátum a Irán con plazo esta noche y eleva la tensión geopolítica,daily news,2026-04-07T10:51:57-04:00,False,,/money-invest/daily-news/morira-toda-una-civilizacionn-trump-lanza-ultimatum-a-iran-con-plazo-esta-noche-y-eleva-la-tension-geopolitica/,273
SIN_AUTOR,,,,False,404 Client Error: Not Found for url: https://revistamercado.do/dining-out/donde-comer-saludable-sin-sacrificarte-healthy-lunch-spots-en-santo-domingo/,/dining-out/donde-comer-saludable-sin-sacrificarte-healthy-lunch-spots-en-santo-domingo/,273
Jhojhanni Fiorini,Los países con mayor desempleo juvenil en Latinoamérica ,actualidad,2025-09-03T13:05:46-04:00,False,,/actualidad/los-paises-con-mayor-desempleo-juvenil-en-latinoamerica/,273
Jhojhanni Fiorini,Economía dominicana creció 2.1 % en 2025 según vicepresidenta Raquel Peña,república dominicana,2026-03-11T09:55:30-04:00,False,,/money-invest/republica-dominicana/economia-dominicana-crecio-2-1-en-2025-segun-vicepresidenta-raquel-pena/,273
Jhojhanni Fiorini,Profesiones más amenazadas por la IA en 2025,artificial intelligence,2025-09-19T10:01:48-04:00,False,,/technology/artificial-intelligence/profesiones-mas-amenazadas-por-la-ia-en-2025/,273
Jhojhanni Fiorini,"¿Quién es Vozinha, el portero de 40 años MVP ante España en el Mundial 2026?",sport business,2026-06-16T15:35:15-04:00,False,,/empresas/sport-business/quien-es-vozinha-el-portero-de-40-anos-mvp-ante-espana-en-el-mundial-2026/,273
Andrea Mercedes,"Hacienda RD busca recaudar hasta RD$50,000 millones: así afecta a empresas y familias",daily news,2026-06-12T16:29:24-04:00,False,,/money-invest/daily-news/hacienda-rd-busca-recaudar-hasta-rd50000-millones-asi-afecta-a-empresas-y-familias/,272
Andrea Mercedes,Entradas para el Mundial 2026 salen el 1 de abril tras demanda récord,sport business,2026-03-26T18:24:56-04:00,True,,/empresas/sport-business/entradas-para-el-mundial-2026-salen-el-1-de-abril-tras-demanda-record/,272
Jhojhanni Fiorini,"Tras 178 días en el espacio, un astronauta de la NASA lanza una advertencia sobre la Tierra",ciencia y espacio,2026-03-19T13:26:54-04:00,False,,/technology/ciencia-y-espacio/tras-178-dias-en-el-espacio-un-astronauta-de-la-nasa-lanza-una-advertencia-sobre-la-tierra/,272
Andrea Mercedes,Estados Unidos desclasifica archivos sobre OVNIs y presunta vida extraterrestre,daily news,2026-05-08T10:44:58-04:00,False,,/money-invest/daily-news/estados-unidos-desclasifica-archivos-sobre-ovnis-y-presunta-vida-extraterrestre/,271
Jhojhanni Fiorini,"Las 25 mejores empresas para trabajar, según más de 9 millones de empleados",empresas,2026-03-27T18:24:04-04:00,True,,/empresas/las-25-mejores-empresas-para-trabajar-segun-mas-de-9-millones-de-empleados/,271
Rodrigo Muñoz,Los seis desafíos de Starbucks para el 2025,empresas,2024-09-30T16:41:25-04:00,False,,/empresas/los-seis-desafios-de-starbucks-para-el-2025/,271
Elba Reyes,Precio del dólar en República Dominicana este lunes 23 de marzo 2026,money invest,2026-03-23T08:22:32-04:00,False,,/money-invest/precio-del-dolar-en-republica-dominicana-este-lunes-23-de-marzo-2026/,271
Andrea Mercedes,El Niño ya llegó y será «muy fuerte»: lo que cambiará en el clima de República Dominicana y el mundo,cambio climático,2026-06-12T16:51:37-04:00,False,,/money-invest/daily-news/el-nino-ya-llego-y-sera-muy-fuerte-lo-que-cambiara-en-el-clima-de-republica-dominicana-y-el-mundo/,270
Elba Reyes,Dólar hoy en RD: lo que debes saber antes de pagar o cobrar este 19 de enero de 2026,money invest,2026-01-19T10:21:31-04:00,False,,/money-invest/dolar-hoy-en-rd-lo-que-debes-saber-antes-de-pagar-o-cobrar-este-19-de-enero-de-2026/,270
Andrea Mercedes,Roban 12 toneladas de KitKat en Europa y exponen fallas en la cadena de suministro,daily news,2026-03-30T15:05:53-04:00,False,,/money-invest/daily-news/roban-12-toneladas-de-kitkat-en-europa-y-exponen-fallas-en-la-cadena-de-suministr/,270
Andrea Mercedes,¿Fraude en las elecciones en Colombia? Petro denuncia irregularidades en las elecciones y promete presentar pruebas,daily news,2026-06-02T11:14:45-04:00,False,,/money-invest/daily-news/fraude-en-las-elecciones-en-colombia-petro-denuncia-irregularidades-en-las-elecciones-y-promete-presentar-pruebas/,270
Rodrigo Muñoz,Ranking: Las mejores ciudades para vivir en América Latina en 2025,internacional,2025-07-17T10:51:16-04:00,False,,/money-invest/internacional-economia/ranking-las-mejores-ciudades-para-vivir-en-america-latina-en-2025/,270
Jhojhanni Fiorini,Principales destinos de las exportaciones dominicanas,money invest,2025-08-19T14:52:04-04:00,False,,/money-invest/principales-destinos-de-las-exportaciones-dominicanas/,269
Elba Reyes,Precio del dólar hoy en República Dominicana este miércoles 10 de junio de 2026,república dominicana,2026-06-10T08:30:18-04:00,False,,/money-invest/republica-dominicana/precio-del-dolar-hoy-en-republica-dominicana-este-miercoles-10-de-junio-de-2026/,269
Andrea Mercedes,Guía para la nueva cédula de RD en el extranjero: Citas gratis y sin restricciones por mes,daily news,2026-05-20T16:26:36-04:00,False,,/money-invest/daily-news/guia-para-la-nueva-cedula-de-rd-en-el-extranjero-citas-gratis-y-sin-restricciones-por-mes/,269
Rodrigo Muñoz,(Ranking) Los países de Latinoamérica con mayor adopción de criptomonedas en 2025,money invest,2025-09-15T15:12:29-04:00,False,,/money-invest/ranking-los-paises-de-latinoamerica-con-mayor-adopcion-de-criptomonedas-en-2025/,269
Jhojhanni Fiorini,VRM Companies: construyendo puentes desde Puerto Rico,brand content,2025-05-15T10:51:35-04:00,False,,/construccion/vrm-companies-construyendo-puentes-desde-puerto-rico/,269
Elba Reyes,Detrás del éxito de LVMH: la historia de Bernard Arnault,empresas,2026-04-23T16:45:25-04:00,False,,/empresas/detras-del-exito-de-lvmh-la-historia-de-bernard-arnault/,268
Jhojhanni Fiorini,Tres países de Latinoamérica entre los mejores para jubilarse,money invest,2025-12-03T16:34:33-04:00,False,,/money-invest/tres-paises-de-latinoamerica-entre-los-mejores-para-jubilarse/,268
pferreras,Frank Elías Rainieri toma control de Grupo Puntacana,empresas,2021-07-12T12:01:29-04:00,False,,/empresas/frank-elias-rainieri-toma-control-de-grupo-puntacana/,267
Jhojhanni Fiorini,"Partidos de hoy, lunes 8 de junio del 2026: horarios, canal TV y cómo ver fútbol EN VIVO",actualidad,2026-06-08T08:59:33-04:00,False,,/actualidad/partidos-de-hoy-lunes-8-de-junio-del-2026-horarios-canal-tv-y-como-ver-futbol-en-vivo/,267
Andrea Mercedes,El Papa León XIV y el Mundial 2026: «Quien no sabe pasar el balón aún no ha entendido el juego»,sport business,2026-06-11T18:04:53-04:00,False,,/money-invest/daily-news/el-papa-leon-xiv-y-el-mundial-2026-quien-no-sabe-pasar-el-balon-aun-no-ha-entendido-el-juego/,267
Elba Reyes,Las mejores ciudades para vivir en Europa en 2026: Londres encabeza el ranking,lifestyle,2026-03-06T16:14:00-04:00,False,,/lifestyle/las-mejores-ciudades-para-vivir-en-europa-en-2026-londres-encabeza-el-ranking/,266
Jhojhanni Fiorini,Cuánto costará el iPhone plegable de Apple: los rumores apuntan a un precio menor,technology,2026-03-10T17:20:47-04:00,False,,/technology/cuanto-costara-el-iphone-plegable-de-apple-los-rumores-apuntan-a-un-precio-menor/,266
Jhojhanni Fiorini,"Estas son las 10 ciudades más estresantes del mundo, según un estudio",internacional,2026-03-12T17:38:35-04:00,False,,/money-invest/internacional-economia/estas-son-las-10-ciudades-mas-estresantes-del-mundo-segun-un-estudio/,266
Karime Rivas,Las madres detrás del poder: ellas forjaron a los CEO que lideran el mundo,leadership,2025-05-13T21:18:20-04:00,False,,/mercado-women/leadership/madres-de-ceo/,266
Jhojhanni Fiorini,BYD supera a Ford: una marca china desplaza a un gigante histórico de EE. UU.,empresas,2026-02-17T17:00:58-04:00,False,,/empresas/byd-supera-a-ford-una-marca-china-desplaza-a-un-gigante-historico-de-ee-uu/,265
Karime Rivas,Happiness pills: 4 series de Netflix para combatir el estrés y la ansiedad,lifestyle,2021-09-18T06:30:02-04:00,False,,/lifestyle/happiness-pills-4-series-de-netflix-para-combatir-el-estres-y-la-ansiedad/,265
Gabriel Rico Albarrán,Estos son los 11 estadios en Estados Unidos donde se disputará el Mundial de 2026,sport business,2026-06-09T14:00:14-04:00,False,,/empresas/sport-business/estos-son-los-11-estadios-en-estados-unidos-donde-se-disputara-el-mundial-de-2026/,265
Jhojhanni Fiorini,Punta Cana acoge el Concordia Horizon Summit 2026 ,empresas,2026-02-18T09:45:13-04:00,False,,/empresas/punta-cana-acoge-el-concordia-horizon-summit-2026/,264
Jhojhanni Fiorini,"Más de US$ 46,000 por hora: estos son los CEO mejor pagados del mundo",empresas,2026-02-25T14:54:06-04:00,False,,/empresas/mas-de-us-46-000-por-hora-estos-son-los-ceo-mejor-pagados-del-mundo/,264
Jhojhanni Fiorini,La inflación en la OCDE cae al 3.9 % impulsada por alimentos,money invest,2026-01-12T09:59:39-04:00,False,,/money-invest/la-inflacion-en-la-ocde-cae-al-3-9-impulsada-por-alimentos/,264
pferreras,"La majestuosa arquitectura del templo de la Merced, diseñada por Rodrigo de Liendo",vida en la cima,2021-09-24T02:24:53-04:00,False,,/vida-en-la-cima/la-majestuosa-arquitectura-del-templo-de-la-merced-disenada-por-rodrigo-de-liendo/,264
Rodrigo Muñoz,"Monorriel de Santo Domingo: trazado, fases y beneficios para la ciudad",infraestructura,2025-08-29T10:01:13-04:00,False,,/construccion/monorriel-de-santo-domingo-trazado-fases-y-beneficios-para-la-ciudad/,263
Elba Reyes,Wall Street en alerta: Dow Jones cae tras amenazas de Trump a Europa,daily news,2026-01-20T17:01:29-04:00,False,,/money-invest/happening-now/wall-street-en-alerta-dow-jones-cae-tras-amenazas-de-trump-a-europa/,263
Gabriel Rico Albarrán,Business Forum Dominicana Sostenible 2026: el encuentro donde se define el futuro empresarial del país,mercado events,2026-02-12T14:07:42-04:00,False,,/mercado-exchange/business-forum-dominicana-sostenible-2026-el-encuentro-donde-se-define-el-futuro-empresarial-del-pais/,263
Andrea Mercedes,"Elecciones Perú 2026: hallan 1,200 votos fuera del sistema durante el traslado",daily news,2026-04-17T13:00:07-04:00,False,,/money-invest/daily-news/elecciones-peru-2026-hallan-1200-votos-fuera-del-sistema-durante-el-traslado/,263
Karime Rivas,"Zhou Qunfei, la mujer que Xi Jinping sentó entre Musk y Cook",leadership,2026-05-20T13:28:41-04:00,False,,/mercado-women/leadership/zhou-qunfei-empresaria-china/,263
SIN_AUTOR,,,,False,404 Client Error: Not Found for url: https://revistamercado.do/market-brief/cesar-iglesias-y-el-contrasentido-fortalece-resultados-sufre-en-bolsa/,/market-brief/cesar-iglesias-y-el-contrasentido-fortalece-resultados-sufre-en-bolsa/,263
pferreras,Don Freddy Espinal: Creador de un emprendimiento sobre ruedas,mercado norte,2022-03-05T10:00:01-04:00,False,,/mercado-norte/don-freddy-espinal/,262
Elba Reyes,Precio del dólar hoy en la República Dominicana este lunes 18 de mayo del 2026,república dominicana,2026-05-18T08:23:23-04:00,False,,/money-invest/republica-dominicana/precio-del-dolar-hoy-en-la-republica-dominicana-este-lunes-18-de-mayo-del-2026/,262
Ana Sosa,"Jet Set, un año después: el incidente del 8 de abril de 2025",república dominicana,2026-04-08T08:00:48-04:00,False,,/money-invest/daily-news/jet-set-un-ano-despues-el-incidente-del-8-de-abril-de-2025/,262
revistamercado,Lo que hay detrás de la cédula dominicana,tecnología,2016-05-30T17:42:34-04:00,False,,/tecnologia/lo-que-hay-detras-de-la-cedula-dominicana/,262
Andrea Mercedes,"Apagones en DN, SDO y Los Alcarrizos: Edesur anuncia cortes esta semana ",daily news,2026-03-24T14:00:24-04:00,False,,/money-invest/daily-news/apagones-en-dn-sdo-y-los-alcarrizos-edesur-anuncia-cortes-esta-semana/,262
Rodrigo Muñoz,Eduardo Najri al frente del Escogido: Un liderazgo con enfoque empresarial,executive news,2024-10-22T15:12:30-04:00,False,,/empresas/executive-news/eduardo-najri-al-frente-del-escogido-un-liderazgo-con-enfoque-empresarial/,262
Andrea Mercedes,Por qué el conflicto en Medio Oriente podría provocar una crisis energética global,daily news,2026-03-23T16:15:31-04:00,False,,/money-invest/daily-news/por-que-el-conflicto-en-medio-oriente-podria-provocar-una-crisis-energetica-global/,262
SIN_AUTOR,,,,False,404 Client Error: Not Found for url: https://revistamercado.do/empresas/gestion/7-beneficios-de-una-cultura-organizacional-fuerte-en-las-empresas/,/empresas/gestion/7-beneficios-de-una-cultura-organizacional-fuerte-en-las-empresas/,262
SIN_AUTOR,,,,False,404 Client Error: Not Found for url: https://revistamercado.do/empresas/esto-es-una-prueba-de-brand-content/,/empresas/esto-es-una-prueba-de-brand-content/,262
Rodrigo Muñoz,Daniel Ek: El CEO de Spotify que supera en riqueza a las estrellas de la música,tech leaders,2025-02-10T14:26:12-04:00,False,,/technology/techleaders/daniel-ek-el-ceo-de-spotify-que-supero-a-las-estrellas-de-la-musica-en-la-lista-de-millonarios/,262
Jhojhanni Fiorini,Salario mínimo en Venezuela vs República Dominicana: cuánto gana hoy cada trabajador,daily news,2026-05-01T18:13:13-04:00,False,,/money-invest/daily-news/salario-minimo-en-venezuela-vs-republica-dominicana-cuanto-gana-hoy-cada-trabajador/,262
Karime Rivas,"Sara Lazar, «La meditación no solo transforma la mente, sino también el cerebro»",expert,2025-01-03T21:57:52-04:00,False,,/medihealth/expert/meditacion-sara-lazar/,261
Jhojhanni Fiorini,"En República Dominicana las mujeres ganan más en el Estado, pero menos en el sector privado",mercado women,2026-03-05T13:46:28-04:00,False,,/mercado-women/en-republica-dominicana-las-mujeres-ganan-mas-en-el-estado-pero-menos-en-el-sector-privado/,261
SIN_AUTOR,,,,False,404 Client Error: Not Found for url: https://revistamercado.do/shopping/for-bbq-lovers-donde-comprar-cortes-de-carne-premium-en-santo-domingo/,/shopping/for-bbq-lovers-donde-comprar-cortes-de-carne-premium-en-santo-domingo/,260
Miguel Vega,"Juan Tomás Díaz, nuevo Presidente de AIEHaina y Región Sur",sector industrias,2026-04-23T14:47:59-04:00,False,,/empresas/executive-news/juan-tomas-diaz-nuevo-presidente-de-aiehaina-y-region-sur/,260
Darling Gil,Celso Juan Marranzini: Abanderado de la sostenibilidad,cover story,2026-02-24T10:40:09-04:00,False,,/cover-story/celso-juan-marranzini-abanderado-de-la-sostenibilidad/,259
Gabriel Rico Albarrán,Manuel Rodríguez Porcel (BID): fortalezas y retos en la consolidación de RD como Hub Logístico,money invest,2023-05-02T06:02:24-04:00,False,,/money-invest/manuel-rodriguez-porcel-bid/,259
Gabriel Rico Albarrán,La &#8216;ameba comecerebros&#8217;. Así actúa en nuestro cuerpo,medihealth,2022-08-25T09:56:54-04:00,False,,/medihealth/ameba-comecerebros/,259
Darling Gil,Transformación del INAPA: la gestión de Wellington Arnaud y el futuro del agua en RD,cover story,2026-03-11T18:22:50-04:00,False,,/cover-story/transformacion-inapa-wellington-arnaud/,259
Elba Reyes,"Esta es la vitamina que puede ayudar a mejorar el colesterol, según Mayo Clinic",salud,2026-02-12T11:30:48-04:00,False,,/medihealth/salud/esta-es-la-vitamina-que-puede-ayudar-a-mejorar-el-colesterol-segun-mayo-clinic/,258
Elba Reyes,Precio del dólar hoy en República Dominicana este lunes 1 de junio de 2026,república dominicana,2026-06-01T09:21:52-04:00,False,,/money-invest/republica-dominicana/precio-del-dolar-hoy-en-republica-dominicana-este-lunes-1-de-junio-de-2026/,258
Jhojhanni Fiorini,Jesús Gómez Gutiérrez asume la dirección del Dreams Cap Cana,executive news,2025-12-31T10:25:03-04:00,False,,/empresas/executive-news/jesus-gomez-gutierrez-asume-la-direccion-del-dreams-cap-cana/,258
Jhojhanni Fiorini,"Partidos de hoy, Barcelona vs Real Betis, domingo 17 de mayo de 2026: horarios y canales para ver fútbol en vivo",actualidad,2026-05-17T08:11:42-04:00,False,,/actualidad/partidos-de-hoy-barcelona-vs-real-betis-domingo-17-de-mayo-de-2026-horarios-y-canales-para-ver-futbol-en-vivo/,258
Karime Rivas,"Trump, un atentado y una periodista: por qué todos hablan de Weijia Jiang",executive profiles,2026-04-27T22:16:03-04:00,False,,/mercado-women/executive-profiles/trump-y-weijia-jiang/,258
Elba Reyes,El fin del universo se adelanta: científicos cambian el cálculo y acortan su tiempo,ciencia y espacio,2026-04-13T11:48:13-04:00,False,,/technology/ciencia-y-espacio/el-fin-del-universo-se-adelanta-cientificos-cambian-el-calculo-y-acortan-su-tiempo/,258
Elba Reyes,"Precio del dólar en República Dominicana hoy, martes 7 de abril de 2026",money invest,2026-04-07T08:50:53-04:00,False,,/money-invest/precio-del-dolar-en-republica-dominicana-hoy-martes-7-de-abril-de-2026/,258
Jhojhanni Fiorini,ICE recibe el mayor presupuesto de su historia en 2026,internacional,2026-01-30T10:41:16-04:00,False,,/money-invest/internacional-economia/ice-recibe-el-mayor-presupuesto-de-su-historia-en-2026/,257
Karime Rivas,Jane Fonda y Ted Turner: la memoria íntima de una historia que nunca terminó,trends,2026-05-06T13:11:58-04:00,False,,/mercado-women/trends/jane-fonda-y-ted-turner/,257
Rodrigo Muñoz,Los 5 titanes de la velocidad: Los autos más rápidos del mundo en 2025,automóviles,2025-08-01T16:25:54-04:00,False,,/lifestyle/automoviles/los-5-titanes-de-la-velocidad-los-autos-mas-rapidos-del-mundo-en-2025/,257
Andrea Mercedes,Papa León XIV llega a la Sagrada Familia para bendecir su torre más importante,daily news,2026-06-10T11:49:57-04:00,False,,/money-invest/daily-news/papa-leon-xiv-llega-a-la-sagrada-familia-para-bendecir-su-torre-mas-importante/,257
Andrea Mercedes,"🔴 Maduro en EE.UU., en vivo: qué pasa en la audiencia clave",daily news,2026-03-26T12:21:31-04:00,False,,/money-invest/daily-news/🔴-maduro-en-ee-uu-en-vivo-que-pasa-en-la-audiencia-clave/,256
Rodrigo Muñoz,La exclusiva colección de relojes de Cristiano Ronaldo,relojes,2025-02-07T16:31:30-04:00,False,,/lifestyle/relojes/la-exclusiva-coleccion-de-relojes-de-cristiano-ronaldo/,256
Elba Reyes,Así se cotiza el dólar en República Dominicana este jueves 26 de marzo 2026,money invest,2026-03-26T08:39:01-04:00,False,,/money-invest/asi-se-cotiza-el-dolar-en-republica-dominicana-este-jueves-26-de-marzo-2026/,256
Karime Rivas,"¿Cómo son las 3 millones de madres dominicanas? El país que modernizó el trabajo femenino, pero no el sistema de cuidados",working mothers,2026-05-18T20:11:23-04:00,False,,/mercado-women/working-monthers/madres-dominicanas/,256
pferreras,"La regla de las 10,000 horas: Receta de líderes para conseguir el triunfo",de la revista,2022-03-08T12:00:43-04:00,False,,/mercado/regla-de-las-10000-horas/,255
Jhojhanni Fiorini,El gasto militar mundial rompe récords advierte la ONU,money invest,2026-01-08T17:36:22-04:00,False,,/money-invest/el-gasto-militar-mundial-rompe-records-advierte-la-onu/,255
Elba Reyes,Atención Bono Madres 2026: esta es la fecha en la que vence el dinero y qué pasa si no lo retiras a tiempo,daily news,2026-05-27T12:29:25-04:00,False,,/money-invest/daily-news/atencion-bono-madres-2026-esta-es-la-fecha-en-la-que-vence-el-dinero-y-que-pasa-si-no-lo-retiras-a-tiempo/,254
Andrea Mercedes,Por este motivo se debe tener siempre un dólar guardado en la billetera,lifestyle,2026-03-19T17:45:27-04:00,False,,/lifestyle/por-este-motivo-se-debe-tener-siempre-un-dolar-guardado-en-la-billetera/,254
Elba Reyes,Gmail en alerta: Google advierte sobre ataques y pide activar esta función clave,technology,2026-04-07T13:03:35-04:00,False,,/technology/gmail-en-alerta-google-advierte-sobre-ataques-y-pide-activar-esta-funcion-clave/,254
Rodrigo Muñoz,Hoy es el Tech Summit 2026: El evento clave que reúne a quiénes lideran el futuro de la innovación,mercado events,2026-04-08T14:50:07-04:00,False,,/mercado-exchange/tech-summit-2026-la-transformacion-digital-que-redefine-la-competitividad-en-rd/,253
Elba Reyes,Precio del dólar hoy en República Dominicana este viernes 19 de junio de 2026,república dominicana,2026-06-19T08:54:19-04:00,False,,/money-invest/republica-dominicana/precio-del-dolar-hoy-en-republica-dominicana-este-viernes-19-de-junio-de-2026/,253
SIN_AUTOR,,,,False,404 Client Error: Not Found for url: https://revistamercado.do/entertainment/peliculas-grabadas-en-republica-dominicana-we-live-where-you-film/,/entertainment/peliculas-grabadas-en-republica-dominicana-we-live-where-you-film/,253
Andrea Mercedes,El «Caso Tim Payne»: La mayor valorización de marca personal en la historia de los Mundiales de Futbol,sport business,2026-05-29T16:29:08-04:00,False,,/money-invest/daily-news/el-caso-tim-payne-la-mayor-valorizacion-de-marca-personal-en-la-historia-de-los-mundiales-de-futbol/,253
Elba Reyes,"El alimento que debes comer dos veces por semana para prevenir el cáncer de colon, según Harvard",wellbeing,2026-06-09T16:54:29-04:00,False,,/medihealth/wellbeing/el-alimento-que-debes-comer-dos-veces-por-semana-para-prevenir-el-cancer-de-colon-segun-harvard/,253
Gabriel Rico Albarrán,Mercado Power Women Summit: espacio estratégico para el liderazgo y la participación femenina,mercado events,2026-03-05T15:41:46-04:00,False,,/mercado-exchange/mercado-power-women-summit-espacio-estrategico-para-el-liderazgo-y-la-participacion-femenina/,252
Miguel Vega,Conflicto en Medio Oriente enciende alarmas en RD: petróleo e inflación,república dominicana,2026-03-04T11:42:32-04:00,False,,/empresas/conflicto-medio-oriente-amenaza-con-disparar-precios-del-petroleo-y-presionar-la-inflacion/,252
Elba Reyes,Resultados de la Lotería Quiniela Real del martes 26 de mayo de 2026,actualidad,2026-05-27T08:17:29-04:00,False,,/actualidad/resultados-de-la-loteria-quiniela-real-del-martes-26-de-mayo-de-2026/,252
Rodrigo Muñoz,Los nuevos gigantes de LatAm: cómo 12 startups están reescribiendo la carrera hacia el unicornio en 2026,empresas,2026-03-05T14:56:08-04:00,False,,/empresas/los-nuevos-gigantes-de-latam-como-12-startups-estan-reescribiendo-la-carrera-hacia-el-unicornio-en-2026/,252
Laura Peralta,La nueva era del tabaco dominicano,country report,2026-01-19T19:08:01-04:00,False,,/country-report/la-nueva-era-del-tabaco-dominicano/,252
Andrea Mercedes,Colombia 2026: La guía definitiva para entender las elecciones presidenciales del 31 de mayo,daily news,2026-05-26T14:18:39-04:00,False,,/money-invest/daily-news/colombia-2026-la-guia-definitiva-para-entender-las-elecciones-presidenciales-del-31-de-mayo/,252
Jhojhanni Fiorini,Cuatro grandes economías de América Latina que enfrentarían una nueva fuga de millonarios en 2026,empresas,2026-01-28T10:25:54-04:00,False,,/empresas/cuatro-grandes-economias-de-america-latina-que-enfrentarian-una-nueva-fuga-de-millonarios-en-2026/,251
Rodrigo Muñoz,Ranking: Los 10 trabajos mejor pagados y menos estresantes en 2025,generations,2025-03-04T11:44:31-04:00,False,,/empresas/generations/ranking-los-10-trabajos-mejor-pagados-y-menos-estresantes-en-2025/,251
Jhojhanni Fiorini,"Partidos de hoy, sábado 18 de abril del 2026: horarios y canales para ver fútbol en vivo",actualidad,2026-04-18T09:58:16-04:00,False,,/actualidad/partidos-de-hoy-sabado-18-de-abril-del-2026-horarios-y-canales-para-ver-futbol-en-vivo/,251
SIN_AUTOR,,,,False,404 Client Error: Not Found for url: https://revistamercado.do/money-invest/jaime-gilinski-bacal-el-arquitecto-de-un-imperio-financiero-de-us14-700-millones-que-redefinio-el-poder-economico-en-colombia-y-proyecta-su-influencia-en-latam/,/money-invest/jaime-gilinski-bacal-el-arquitecto-de-un-imperio-financiero-de-us14-700-millones-que-redefinio-el-poder-economico-en-colombia-y-proyecta-su-influencia-en-latam/,251
Elba Reyes,Resultados de la Lotería Quiniela Real del jueves 25 junio de 2026,actualidad,2026-06-26T09:07:33-04:00,False,,/actualidad/resultados-de-la-loteria-quiniela-real-del-jueves-25-junio-de-2026/,250
Rodrigo Muñoz,Tendencias en el comercio internacional en 2025,market brief,2024-11-25T18:03:59-04:00,False,,/market-brief/tendencias-en-el-comercio-internacional-en-2025/,250
Andrea Mercedes,"Muere el creador de OnlyFans, a los 43 años tras meses enfrentándose al cáncer ",daily news,2026-03-23T11:31:54-04:00,False,,/money-invest/daily-news/muere-el-creador-de-onlyfans-a-los-43-anos-tras-meses-enfrentandose-al-cancer/,250
Elba Reyes,"El mercado de valores de RD movió 1.5 veces el PIB en 2025: alcanzó US$195,000 millones",market brief,2026-02-20T14:56:53-04:00,False,,/market-brief/mercado-de-valores-de-rd-alcanzo-us195000-millones-en-2025/,250
revistamercado,"Augusto Reyes Estrella, un visionario que apuesta al crecimiento sostenible",brand content,2020-04-14T17:12:53-04:00,False,,/empresas/brand-content/augusto-reyes-estrella-un-visionario-que-apuesta-al-crecimiento-sostenible/,250
Gabriel Rico Albarrán,"Gamal Haché, el &#8216;master mind&#8217; detrás de los grandes eventos en RD",actualidad,2022-10-24T16:17:21-04:00,False,,/actualidad/gamal-hache-el-master-mind-detras-de-los-grandes-eventos-en-rd/,250
Laura Peralta,La nueva apuesta logística regional,country report,2026-01-19T21:35:52-04:00,False,,/country-report/la-nueva-apuesta-logistica-regional/,249
Gabriel Rico Albarrán,Los 10 megaproyectos que aspiran a construir el mundo del futuro,money invest,2023-04-05T11:11:53-04:00,False,,/money-invest/10-megaproyectos-mundo-del-futuro/,249
Jhojhanni Fiorini,Ranking del costo de gasolina por galón en Latinoamérica ,market brief,2025-02-26T12:10:48-04:00,False,,/market-brief/ranking-del-costo-de-gasolina-por-litro-en-latinoamerica/,248
Elba Reyes,¿Puede María Corina Machado regalar un Premio Nobel de la Paz? Esto dice el reglamento,internacional,2026-01-16T16:15:10-04:00,False,,/money-invest/internacional-economia/se-puede-transferir-el-premio-nobel-de-la-paz-de-machado-a-trump/,248
Jhojhanni Fiorini,Mercado Media Network presenta la tercera edición del RD Country Report 2025-2026 en Panamá ,internacional,2026-01-29T12:16:09-04:00,False,,/money-invest/internacional-economia/mercado-media-network-presenta-la-tercera-edicion-del-rd-country-report-2025-2026-en-panama/,248
SIN_AUTOR,,,,False,,/who-is-who/albert-martinez-martin/,248
Gabriel Rico Albarrán,¿US$2.2 millones por unos tenis? Estos son los más caros de la historia,vida en la cima,2023-04-17T12:25:08-04:00,False,,/vida-en-la-cima/pagarias-us2-2-millones-por-unos-tenis-estas-son-los-mas-caros-de-la-historia/,248
Rodrigo Muñoz,El día que Coca-Cola traicionó a sus fans y ganó su lealtad para siempre.,brand business,2025-03-05T11:30:35-04:00,False,,/empresas/brand-business/el-dia-que-coca-cola-traiciono-a-sus-fans-y-gano-su-lealtad-para-siempre/,248
Jhojhanni Fiorini,"Barcelona, la nueva capital mundial de la vida nocturna",lifestyle,2025-12-12T09:29:12-04:00,False,,/lifestyle/barcelona-la-nueva-capital-mundial-de-la-vida-nocturna/,248
Miguel Vega,Inversión alemana apuesta por RD como hub logístico,empresas,2026-02-24T15:10:31-04:00,False,,/empresas/inversion-alemana-apuesta-por-rd-como-hub-logistico/,247
Jhojhanni Fiorini,¿Cuándo sale el iPhone 18 Pro? Todo lo que se sabe del lanzamiento de Apple en 2026,devices,2026-06-03T13:12:39-04:00,False,,/technology/cuando-sale-el-iphone-18-pro-todo-lo-que-se-sabe-del-lanzamiento-de-apple-en-2026/,247
Karime Rivas,La historia real de Spanx: el sueño del millón de dólares de Sara Blakely,leadership,2025-06-24T17:38:02-04:00,False,,/mercado-women/leadership/spanx-de-sara-blakely/,247
Jhojhanni Fiorini,"Partidos de hoy, Arsenal vs Atlético Madrid, martes 5 de mayo del 2026: horarios, canales TV y dónde ver fútbol en vivo",actualidad,2026-05-05T11:30:47-04:00,False,,/actualidad/partidos-de-hoy-arsenal-vs-atletico-madrid-martes-5-de-mayo-del-2026-horarios-canales-tv-y-donde-ver-futbol-en-vivo/,246
Elba Reyes,¿Dónde se gana más en EE.UU.? Estos son los mejores y peores estados para trabajar,turismo,2026-04-07T15:56:15-04:00,False,,/turismo/donde-se-gana-mas-en-ee-uu-estos-son-los-mejores-y-peores-estados-para-trabajar/,246
Andrea Mercedes,Tasas de cambio en RD hoy 11 de mayo de 2026: dólar en bancos y remesedoras ,money invest,2026-05-11T08:39:39-04:00,False,,/money-invest/tasas-de-cambio-en-rd-hoy-11-de-mayo-de-2026-dolar-en-bancos-y-remesedoras/,246
revistamercado,RNC: El código que habilita tu negocio en RD,money invest,2022-04-27T12:30:12-04:00,False,,/money-invest/que-es-el-rnc-como-lo-obtengo/,246
revistamercado,"In memoriam, Dr. Julio A. Brache Arzeno: El creador de un legado que enorgullece a un país",actualidad,2024-01-02T21:13:25-04:00,False,,/actualidad/in-memoriam-julio-brache-arzeno/,246
Elba Reyes,Precio del dólar hoy en República Dominicana este martes 16 de junio de 2026,república dominicana,2026-06-16T09:10:25-04:00,False,,/money-invest/republica-dominicana/precio-del-dolar-hoy-en-republica-dominicana-este-martes-16-de-junio-de-2026/,246
Rodrigo Muñoz,Delivery en RD: Listado de restaurantes dominicanos más pedidos,experiencias,2025-08-14T11:35:26-04:00,False,,/lifestyle/experiencias/delivery-en-rd-top-8-restaurantes-mas-pedidos-segun-pedidosya-y-uber-eats/,245
SIN_AUTOR,,,,False,404 Client Error: Not Found for url: https://revistamercado.do/empresas/khaby-lame-convirtio-tiktok-en-casi-us-1-000-millones-asi-vendio-su-empresa/,/empresas/khaby-lame-convirtio-tiktok-en-casi-us-1-000-millones-asi-vendio-su-empresa/,245
Elba Reyes,Clima hoy en Santo Domingo este miércoles 15 de abril del 2026,actualidad,2026-04-15T09:09:47-04:00,False,,/actualidad/clima-hoy-en-santo-domingo-este-miercoles-15-de-abril-del-2026/,245
Rodrigo Muñoz,Samuel Pereyra asume Refidomsa: liderazgo jurídico-financiero para una empresa estratégica,executive news,2025-08-18T11:47:27-04:00,False,,/empresas/executive-news/samuel-pereyra-asume-refidomsa-liderazgo-juridico-financiero-para-una-empresa-estrategica/,245
Elba Reyes,Resultados de la Lotería Quiniela Real del domingo 21 junio de 2026,actualidad,2026-06-22T09:15:26-04:00,False,,/actualidad/resultados-de-la-loteria-quiniela-real-del-domingo-21-junio-de-2026/,245
Gabriel Rico Albarrán,¿Qué es la OMC y cuál es su función?,money invest,2023-07-31T10:23:26-04:00,False,,/money-invest/que-es-la-omc-y-cual-es-su-funcion/,245
SIN_AUTOR,,,,False,,/who-is-who/carlos-jose-marti/,244
Karime Rivas,"The Hemline Index: un medidor de los tiempos de crisis, ¿funciona?",mercado women,2022-08-30T11:30:11-04:00,False,,/mercado-women/the-hemline-index/,244
Jhojhanni Fiorini,Los países con las tasas de interés más altas de Latinoamérica en 2025 ,money invest,2025-12-29T10:50:35-04:00,False,,/money-invest/los-paises-con-las-tasas-de-interes-mas-altas-de-latinoamerica-en-2025/,244
Jhojhanni Fiorini,Las mejores universidades del mundo para estudiar Derecho en 2026 según QS,money invest,2026-03-18T14:04:17-04:00,False,,/money-invest/las-mejores-universidades-del-mundo-para-estudiar-derecho-en-2026-segun-qs/,244
Elba Reyes,Precio del dólar hoy en República Dominicana este viernes 29 de mayo de 2026,república dominicana,2026-05-29T08:55:52-04:00,False,,/money-invest/republica-dominicana/precio-del-dolar-hoy-en-republica-dominicana-este-viernes-29-de-mayo-de-2026/,244
Jhojhanni Fiorini,"Partidos de fútbol hoy, martes 24 de febrero de 2026 EN VIVO: horarios y canales para ver fútbol",actualidad,2026-02-24T09:47:08-04:00,False,,/actualidad/partidos-de-futbol-hoy-martes-24-de-febrero-de-2026-en-vivo-horarios-y-canales-para-ver-futbol/,244
Elba Reyes,Vivir o viajar allí tiene un costo: las 10 ciudades más sucias de 2026,sostenibilidad,2026-01-15T15:37:06-04:00,False,,/sostenibilidad/vivir-o-viajar-alli-tiene-un-costo-las-10-ciudades-mas-sucias-de-2026/,243
Jhojhanni Fiorini,Gasolina en alza: impacto del petróleo en LatAm,money invest,2026-04-06T10:55:45-04:00,False,,/money-invest/gasolina-en-alza-impacto-del-petroleo-en-latam/,243
Jhojhanni Fiorini,"México vs Sudáfrica: horario, dónde ver y todo lo que debes saber del partido inaugural del Mundial 2026",sport business,2026-06-11T09:01:07-04:00,False,,/empresas/sport-business/mexico-vs-sudafrica-horario-donde-ver-y-todo-lo-que-debes-saber-del-partido-inaugural-del-mundial-2026/,243
Jhojhanni Fiorini,Los países con más petróleo del mundo en 2026 y la paradoja de Venezuela,money invest,2026-03-26T16:12:42-04:00,False,,/money-invest/los-paises-con-mas-petroleo-del-mundo-en-2026-y-la-paradoja-de-venezuela/,242
Jhojhanni Fiorini,"República Dominicana es el segundo país más seguro de la región, según Abinader",república dominicana,2026-03-04T11:33:51-04:00,False,,/money-invest/republica-dominicana/republica-dominicana-es-el-segundo-pais-mas-seguro-de-la-region-segun-abinader/,242
Jhojhanni Fiorini,Comparativa entre el iPhone 16e y el iPhone 16,technology,2025-03-05T16:43:42-04:00,False,,/technology/comparativa-entre-el-iphone-16e-y-iphone-16/,242
Jhojhanni Fiorini,Escasez de dólares empuja a Venezuela a vender casi seis toneladas de oro,internacional,2026-03-03T14:59:56-04:00,False,,/money-invest/internacional-economia/escasez-de-dolares-empuja-a-venezuela-a-vender-casi-seis-toneladas-de-oro/,242
Karime Rivas,Que el miedo a hablar en público no te detenga: libros para superar el miedo escénico,mercado women,2022-04-03T09:30:38-04:00,False,,/mercado-women/miedo-a-hablar-en-publico-libros-para-superar-el-miedo/,242
Andrea Mercedes,"Videos | Así fue el momento del impactante terremoto de 7,4 que sacudió Indonesia",daily news,2026-04-02T11:01:16-04:00,False,,/money-invest/daily-news/videos-asi-fue-el-momento-del-impactante-terremoto-de-74-que-sacudio-indonesia/,241
revistamercado,¿Por qué tiene anillos Saturno? Esta puede ser la explicación,tecnología,2022-09-16T10:19:18-04:00,False,,/tecnologia/saturno-anillos-explicacion/,241
SIN_AUTOR,,,,False,,/who-is-who/paola-rainieri/,241
Jhojhanni Fiorini,Fernando Poma asume la presidencia de Grupo Poma,empresas,2026-01-06T11:52:18-04:00,False,,/empresas/fernando-poma-asume-la-presidencia-de-grupo-poma/,241
Jhojhanni Fiorini,Juan Luis Guerra: patrimonio musical y poético,lifestyle,2025-10-29T09:14:29-04:00,False,,/lifestyle/juan-luis-guerra-patrimonio-musical-y-poetico/,241
Jhojhanni Fiorini,"Tabla de posiciones del Mundial 2026: resultados, clasificaciones y partidos clave",sport business,2026-06-22T09:33:58-04:00,False,,/empresas/sport-business/tabla-de-posiciones-del-mundial-2026-resultados-clasificaciones-y-partidos-clave/,241
Gabriel Rico Albarrán,"Síndrome del corazón rígido, hábitos cardiosaludables para minimizar sus efectos",medihealth,2023-10-20T16:13:10-04:00,False,,/medihealth/sindrome-del-corazon-rigido/,241
Rodrigo Muñoz,"¿El dinero da la felicidad?, Harvard tiene la respuesta",lifestyle,2024-06-10T11:49:11-04:00,False,,/lifestyle/el-dinero-da-la-felicidad-harvard-tiene-la-respuesta/,240
Jhojhanni Fiorini,Argentina rompe un récord histórico en el Mundial 2026: el reinado más corto de todos los tiempos,sport business,2026-06-16T15:00:12-04:00,False,,/empresas/sport-business/argentina-rompe-un-record-historico-en-el-mundial-2026-el-reinado-mas-corto-de-todos-los-tiempos/,240
Elba Reyes,Precio del dólar hoy en República Dominicana este jueves 16 de abril del 2026,money invest,2026-04-16T08:51:19-04:00,False,,/money-invest/precio-del-dolar-hoy-en-republica-dominicana-este-jueves-16-de-abril-del-2026/,240
Karime Rivas,Mercedes Ramos pasa la antorcha tras dos décadas de expansión,leadership,2025-02-05T20:19:44-04:00,False,,/mercado-women/leadership/mercedes-ramos-pasa-el-mando/,240
Elba Reyes,Por qué los ricos evitan marcas que la clase media ve de lujo,lifestyle,2026-02-04T11:54:57-04:00,False,,/lifestyle/por-que-los-ricos-evitan-marcas-que-la-clase-media-ve-de-lujo/,239
Jhojhanni Fiorini,Horóscopo chino: estos tres signos tendrán definiciones importantes antes de fin de marzo,actualidad,2026-03-17T09:16:58-04:00,False,,/actualidad/horoscopo-chino-estos-tres-signos-tendran-definiciones-importantes-antes-de-fin-de-marzo/,238
Elba Reyes,Copa del Mundo FIFA 2026: de qué está hecha y cuánto vale el trofeo más famoso del fútbol,lifestyle,2026-06-16T15:10:14-04:00,False,,/empresas/sport-business/copa-del-mundo-fifa-2026-de-que-esta-hecha-y-cuanto-vale-el-trofeo-mas-famoso-del-futbol/,237
Kenny Cayetano,"Grupo Joseda presenta Meridiano 18, el nuevo Work Life District de Cap Cana",caudal de desarrollo,2026-03-05T11:46:07-04:00,False,,/empresas/grupo-joseda-presenta-meridiano-18-el-nuevo-work-life-district-de-cap-cana/,237
Miguel Vega,Conflicto por la Ley de Residuos Sólidos entre empresas y gobierno,sostenibilidad,2026-02-26T14:51:40-04:00,False,,/sostenibilidad/conflicto-por-la-ley-de-residuos-solidos-entre-empresas-y-gobierno/,237
Elba Reyes,"Clima en Santo Domingo hoy, jueves 14 de mayo de 2026: chubascos matutinos y calor persistente marcarán la jornada",actualidad,2026-05-14T09:00:10-04:00,False,,/actualidad/clima-en-santo-domingo-hoy-jueves-14-de-mayo-de-2026-chubascos-matutinos-y-calor-persistente-marcaran-la-jornada/,237
Andrea Mercedes,¿Cómo será la histórica pelea de la UFC en el jardín de la Casa Blanca este 14 de junio?,sport business,2026-06-01T15:09:50-04:00,False,,/money-invest/daily-news/como-sera-la-historica-pelea-de-la-ufc-en-el-jardin-de-la-casa-blanca-este-14-de-junio/,237
Elba Reyes,De Nike a Adidas: quiénes están detrás de las marcas deportivas más poderosas,empresas,2026-02-10T15:32:15-04:00,False,,/empresas/de-nike-a-adidas-quienes-estan-detras-de-las-marcas-deportivas-mas-poderosas/,237
Andrea Mercedes,Esta fue la enfermedad que causó la muerte del dueño de OnlyFans,daily news,2026-03-24T16:18:10-04:00,False,,/money-invest/daily-news/esta-fue-la-enfermedad-que-causo-la-muerte-del-dueno-de-onlyfans/,237
Andrea Mercedes,Video: Impactantes imágenes del accidente de avión en La Romana hoy,noticias rd,2026-06-08T17:20:18-04:00,False,,/actualidad/video-impactantes-imagenes-del-accidente-de-avion-en-la-romana-hoy/,237
Darling Gil,Eric Trump Has Gotten 10 Times Richer,vida en la cima,2026-03-27T15:54:11-04:00,False,,/lifestyle/eric-trump-criptomonedas-fortuna/,237
Jhojhanni Fiorini,Argentina inicia nueva etapa monetaria bajo el plan de Milei,internacional,2026-01-04T13:22:54-04:00,False,,/money-invest/internacional-economia/argentina-inicia-nueva-etapa-monetaria-bajo-el-plan-de-milei/,236
Rodrigo Muñoz,Ranking: Los países de Latinoamérica que lideran el ecosistema para startups,ia + innovation,2025-06-10T11:59:48-04:00,False,,/technology/ia-innovation/ranking-los-paises-de-latinoamerica-que-lideran-el-ecosistema-para-startups/,236
Andrea Mercedes,Cuánto dinero dejó de ganar República Dominicana tras no clasificar a la final del Clásico Mundial,sport business,2026-03-17T12:32:41-04:00,False,,/empresas/sport-business/cuanto-dinero-dejo-de-ganar-republica-dominicana-tras-no-clasificar-a-la-final-del-clasico-mundial/,236
Jhojhanni Fiorini,Daniel Pinto: El argentino al mando de JPMorgan Chase ,empresas,2025-01-08T17:45:27-04:00,False,,/empresas/daniel-pinto-el-argentino-al-mando-de-jpmorgan-chase/,236
Jhojhanni Fiorini,5 lugares estratégicos del comercio mundial en 2025 ,money invest,2025-08-18T17:15:54-04:00,False,,/money-invest/5-lugares-clave-del-comercio-mundial-en-2025/,236
Elba Reyes,"Clima en República Dominicana; vaguada intensifica lluvias, tormentas eléctricas y mantiene alertas activas",actualidad,2026-04-13T09:38:44-04:00,False,,/actualidad/clima-en-republica-dominicana-vaguada-intensifica-lluvias-tormentas-electricas-y-mantiene-alertas-activas/,236
Jhojhanni Fiorini,"Cinco marcas de lujo en las que vale la pena invertir en 2026, según JPMorgan",empresas,2026-02-09T16:30:11-04:00,False,,/empresas/cinco-marcas-de-lujo-en-las-que-vale-la-pena-invertir-en-2026-segun-jpmorgan/,235
Jhojhanni Fiorini,Bill Gates advierte sobre un periodo crítico: los próximos cinco años decidirán el rumbo del mundo,money invest,2026-01-16T14:41:16-04:00,False,,/money-invest/bill-gates-advierte-sobre-un-periodo-critico-los-proximos-cinco-anos-decidiran-el-rumbo-del-mundo/,235
Elba Reyes,"Clima hoy en Santo Domingo, miércoles 29 de abril de 2026: vaguada generará aguaceros y tronadas en la tarde",actualidad,2026-04-29T08:41:53-04:00,False,,/actualidad/clima-hoy-en-santo-domingo-miercoles-29-de-abril-de-2026-vaguada-generara-aguaceros-y-tronadas-en-la-tarde/,235
Elba Reyes,"LIDOM 2026: Robinson Canó, Johnny Cueto y 84 jugadores entran a la agencia libre",sport business,2026-02-17T18:00:14-04:00,False,,/empresas/sport-business/lidom-2026-robinson-cano-johnny-cueto-y-84-jugadores-entran-a-la-agencia-libre/,235
Jhojhanni Fiorini,"Inversión extranjera directa en RD supera US$ 5,000 millones",república dominicana,2026-02-04T17:05:25-04:00,False,,/money-invest/republica-dominicana/inversion-extranjera-directa-en-rd-supera-us-5000-millones/,235
Elba Reyes,Precios de los combustibles en República Dominicana hoy: alzas de hasta RD$8.00,daily news,2026-05-18T12:16:07-04:00,False,,/money-invest/daily-news/precios-de-los-combustibles-en-republica-dominicana-hoy-alzas-de-hasta-rd8-00/,234
Jhojhanni Fiorini,Los ricos se mudan a nuevos barrios en Barcelona,lifestyle,2025-12-04T13:55:07-04:00,False,,/lifestyle/los-ricos-se-mudan-a-nuevos-barrios-en-barcelona/,234
Omar Mendez,Farmacias GBC: 30 años acompañando la salud de las familias dominicanas,brand content,2025-10-09T15:58:52-04:00,False,,/empresas/farmacias-gbc-30-anos-salud-dominicanos/,234
SIN_AUTOR,,,,False,404 Client Error: Not Found for url: https://revistamercado.do/store-categorie/entertainment/,/store-categorie/entertainment/,233
Jhojhanni Fiorini,"República Dominicana, segundo país con más visas a EE. UU.",república dominicana,2025-10-17T10:22:06-04:00,False,,/money-invest/republica-dominicana/republica-dominicana-segundo-pais-con-mas-visas-a-ee-uu/,233
Elba Reyes,WhatsApp dejará de funcionar en estos Android desde el 15 de abril,technology,2026-04-08T15:43:57-04:00,False,,/technology/whatsapp-dejara-de-funcionar-en-estos-android-desde-el-15-de-abril/,233
Elba Reyes,La impresionante estación de metro bajo el Coliseo de Roma,lifestyle,2025-12-31T08:56:41-04:00,False,,/lifestyle/la-impresionante-estacion-de-metro-bajo-el-coliseo-de-roma/,233
SIN_AUTOR,,,,False,404 Client Error: Not Found for url: https://revistamercado.do/travel/descubre-los-mejores-hoteles-en-la-zona-colonial-de-santo-domingo/,/travel/descubre-los-mejores-hoteles-en-la-zona-colonial-de-santo-domingo/,233
Jhojhanni Fiorini,Por qué Perú tiene tantos presidentes: la explicación de su crisis política,internacional,2026-04-14T16:25:44-04:00,False,,/money-invest/internacional-economia/por-que-peru-tiene-tantos-presidentes-la-explicacion-de-su-crisis-politica/,233
Jhojhanni Fiorini,Mercado Media Network será media partner de FITUR 2026 y presentará el RD Country Report,fitur,2026-01-14T12:01:03-04:00,False,,/turismo/fitur/mercado-media-network-sera-media-partner-de-fitur-2026-y-presentara-el-rd-country-report/,233
Jhojhanni Fiorini,Nvidia impulsa al S&#038;P 500 y desafía temores de burbuja de IA,market brief,2026-01-06T14:46:49-04:00,False,,/market-brief/nvidia-impulsa-al-sp-500-y-desafia-temores-de-burbuja-de-ia/,233
SIN_AUTOR,,,,False,,/who-is-who/rafael-bisono/,233
Elba Reyes,"Campeón, goleador, mejor jugador y revelación: las predicciones finales para el Mundial 2026",sport business,2026-06-11T15:41:27-04:00,False,,/empresas/sport-business/campeon-goleador-mejor-jugador-y-revelacion-las-predicciones-finales-para-el-mundial-2026/,233
Jhojhanni Fiorini,Guerra con Irán desata crisis histórica del petróleo,market brief,2026-03-12T11:38:24-04:00,False,,/market-brief/guerra-con-iran-desata-crisis-historica-del-petroleo/,232
SIN_AUTOR,,,,False,,/who-is-who/ricardo-mejia-marti/,231
Jhojhanni Fiorini,Cómo Jeff Bezos llevó a The Washington Post a despidos masivos y un recorte histórico,empresas,2026-02-04T17:30:49-04:00,False,,/empresas/como-jeff-bezos-llevo-a-the-washington-post-a-despidos-masivos-y-un-recorte-historico/,231
Jhojhanni Fiorini,Los mejores restaurantes de Latinoamérica en 2025,experiencias,2025-12-08T14:41:08-04:00,False,,/lifestyle/experiencias/los-mejores-restaurantes-de-latinoamerica-en-2025/,231
Jhojhanni Fiorini,Trump toma el control de Venezuela tras arresto de Maduro,internacional,2026-01-04T11:04:26-04:00,False,,/money-invest/internacional-economia/trump-toma-el-control-de-venezuela-tras-arresto-de-maduro/,231
Jhojhanni Fiorini,Elon Musk lleva internet gratuito a Irán en medio de la represión,internacional,2026-01-14T17:00:45-04:00,False,,/money-invest/internacional-economia/elon-musk-lleva-internet-gratuito-a-iran-en-medio-de-la-represion/,231
Jhojhanni Fiorini,Alphabet supera a Apple y es la segunda empresa más valiosa del mundo,market brief,2026-01-08T14:56:25-04:00,False,,/market-brief/alphabet-supera-a-apple-y-es-la-segunda-empresa-mas-valiosa-del-mundo/,231
Elba Reyes,El dólar vuelve a moverse en República Dominicana: así amaneció este viernes 16 de enero,money invest,2026-01-16T11:22:22-04:00,False,,/money-invest/el-dolar-vuelve-a-moverse-en-republica-dominicana-asi-amanecio-este-viernes-16-de-enero/,231
Elba Reyes,Así amaneció el dólar hoy en República Dominicana este jueves 9 de abril del 2026,money invest,2026-04-09T08:39:04-04:00,False,,/money-invest/asi-amanecio-el-dolar-hoy-en-republica-dominicana-este-jueves-9-de-abril-del-2026/,231
SIN_AUTOR,,,,False,404 Client Error: Not Found for url: https://revistamercado.do/shopping/for-wedding-guest-season-donde-encontrar-vestidos-formales-en-republica-dominicana/,/shopping/for-wedding-guest-season-donde-encontrar-vestidos-formales-en-republica-dominicana/,230
Rodrigo Muñoz,¿Dónde encontrar cajeros de Bitcoin en RD? Guía completa por ciudad,technology,2024-03-06T14:45:56-04:00,False,,/technology/donde-encontrar-cajeros-de-bitcoin-en-rd-guia-completa-por-ciudad/,230
Elba Reyes,Las primeras críticas de Supergirl 2026 no son buenas: lo que falla en la nueva película de DC,actualidad,2026-06-25T17:14:22-04:00,False,,/actualidad/las-primeras-criticas-de-supergirl-2026-no-son-buenas-lo-que-falla-en-la-nueva-pelicula-de-dc/,230
Jhojhanni Fiorini,Del ballet a billonaria: la historia de Luana Lopes Lara,empresas,2025-12-03T10:49:03-04:00,False,,/empresas/de-ballet-a-billonaria-la-historia-de-luana-lopes-lara/,230
Gabriel Rico Albarrán,"Claude, de Anthropic, le dice que no al Pentágono y rompe su relación con EE.UU.",actualidad,2026-03-03T17:22:34-04:00,False,,/actualidad/claude-de-anthropic-le-dice-que-no-al-pentagono-y-rompe-su-relacion-con-ee-uu/,230
Andrea Mercedes,¿Qué pasará en Colombia si gana De la Espriella el 21 de junio? La amenaza de estallido social,daily news,2026-06-18T12:10:11-04:00,False,,/money-invest/daily-news/que-pasara-en-colombia-si-gana-de-la-espriella-el-21-de-junio-la-amenaza-de-estallido-social/,230
Andrea Mercedes,Nueva regla de Trump elimina el Ajuste de Estatus para la Green Card,daily news,2026-06-02T16:30:43-04:00,False,,/money-invest/daily-news/nueva-regla-de-trump-elimina-el-ajuste-de-estatus-para-la-green-card/,229
Andrea Mercedes,Precio del dólar hoy en República Dominicana este jueves 2 de abril del 2026,empresas,2026-04-02T08:13:40-04:00,False,,/empresas/precio-del-dolar-hoy-en-republica-dominicana-este-jueves-2-de-abril-del-2026/,229
Elba Reyes,Así amaneció el dólar hoy en República Dominicana este viernes 27 de marzo de 2026,money invest,2026-03-27T08:31:16-04:00,False,,/money-invest/asi-amanecio-el-dolar-hoy-en-republica-dominicana-este-viernes-27-de-marzo-de-2026/,229
Jhojhanni Fiorini,Gasto militar: los 10 países que más invierten en defensa y quién lidera,internacional,2026-03-17T15:11:51-04:00,False,,/money-invest/internacional-economia/gasto-militar-los-10-paises-que-mas-invierten-en-defensa-y-quien-lidera/,229
Jhojhanni Fiorini,Estrecho de Ormuz: clave del petróleo mundial,money invest,2026-03-02T17:35:00-04:00,False,,/money-invest/estrecho-de-ormuz-clave-del-petroleo-mundial/,229
Gabriel Rico Albarrán,6 lecciones de liderazgo que dejó el Mercado Power Women Summit,mercado events,2026-03-06T14:59:11-04:00,False,,/mercado-exchange/lecciones-de-liderazgo-que-dejo-el-mercado-power-women-smmit/,229
Jhojhanni Fiorini,Apple prepara iPhone Air de segunda generación con diseño renovado para 2027,devices,2026-06-18T12:05:33-04:00,False,,/technology/devices/apple-prepara-iphone-air-de-segunda-generacion-con-diseno-renovado-para-2027/,229
Elba Reyes,Precio del dólar hoy en República Dominicana este lunes 15 de junio de 2026,república dominicana,2026-06-15T09:01:47-04:00,False,,/money-invest/republica-dominicana/precio-del-dolar-hoy-en-republica-dominicana-este-lunes-15-de-junio-de-2026/,229
Jhojhanni Fiorini,Starbucks domina el mercado en 2026: así deja atrás a Dunkin’ en ingresos y tiendas,empresas,2026-02-19T17:55:39-04:00,False,,/empresas/starbucks-domina-el-mercado-en-2026-asi-deja-atras-a-dunkin-en-ingresos-y-tiendas/,228
Gabriel Rico Albarrán,🔴 EN VIVO | Empresas Más Admiradas Región Norte 2026,mercado events,2026-02-25T09:49:10-04:00,False,,/mercado-exchange/en-vivo-empresas-mas-admiradas-region-norte/,228
SIN_AUTOR,,,,False,,/who-is-who/arq-jose-gomez-rissi/,228
Jhojhanni Fiorini,Los países sin democracia más ricos del mundo,money invest,2025-08-18T16:46:43-04:00,False,,/money-invest/los-paises-sin-democracia-mas-ricos-del-mundo/,228
Elba Reyes,La compra más grande hecha con tarjeta de crédito: US$170 millones en una sola transacción ¿que fue lo que se compró?,lifestyle,2026-03-26T17:39:10-04:00,False,,/lifestyle/la-compra-mas-grande-hecha-con-tarjeta-de-credito-us170-millones-en-una-sola-transaccion-que-fue-lo-que-se-compro/,227
Jhojhanni Fiorini,Qué es la inteligencia artificial soberana y por qué los países quieren controlar sus datos,artificial intelligence,2026-03-11T16:50:22-04:00,False,,/technology/artificial-intelligence/que-es-la-inteligencia-artificial-soberana-y-por-que-los-paises-quieren-controlar-sus-datos/,227
Elba Reyes,RD entra en la ruta de Disney Cruise Line: por qué es clave para el turismo,turismo,2026-04-17T15:44:09-04:00,False,,/turismo/rd-entra-en-la-ruta-de-disney-cruise-line-por-que-es-clave-para-el-turismo/,227
Karime Rivas,Conoce las mujeres del ranking Empresarios del Año 2024: Pilares Empresariales,leadership,2024-12-18T20:39:51-04:00,False,,/mercado-women/leadership/mujeres-ranking-empresarios-del-ano/,227
Gabriel Rico Albarrán,Cuánto cuestan los tanques que Alemania y EE.UU. enviarán a Ucrania,actualidad,2023-01-25T14:08:55-04:00,False,,/actualidad/tanques-leopard-2-alemania-ucrania-cuanto-cuestan/,227
Elba Reyes,Ranking de los mejores Hoteles frente al mar en Punta Cana según tripadvisor,lifestyle,2026-04-09T12:54:14-04:00,False,,/lifestyle/ranking-de-los-mejores-hoteles-frente-al-mar-en-punta-cana-segun-tripadvisor/,227
Edwin Lozada,Francia vs. Senegal: a qué hora juega en República Dominicana y dónde verlo en vivo,actualidad,2026-06-16T08:01:09-04:00,False,,/actualidad/francia-senegal-hora-republica-dominicana-donde-ver-mundial-2026/,227
Elba Reyes,Oscar 2026: la lista completa de nominados y las películas que lideran las candidaturas,lifestyle,2026-01-22T11:45:51-04:00,False,,/lifestyle/oscar-2026-la-lista-completa-de-nominados-y-las-peliculas-que-lideran-las-candidaturas/,226
Andrea Mercedes,Abinader llega a París con agenda clave: reunión con Macron y acuerdo OCDE,daily news,2026-03-24T12:55:15-04:00,False,,/money-invest/daily-news/abinader-llega-a-paris-con-agenda-clave-reunion-con-macron-y-acuerdo-ocde/,226
Andrea Mercedes,Elecciones en Colombia y Perú 2026: por qué el PNUD advierte que la democracia latinoamericana está en riesgo,daily news,2026-06-19T15:13:28-04:00,False,,/money-invest/daily-news/elecciones-en-colombia-y-peru-2026-por-que-el-pnud-advierte-que-la-democracia-latinoamericana-esta-en-riesgo/,226
Elba Reyes,¿WhatsApp escucha mis conversaciones? La verdad sobre la privacidad y la publicidad,devices,2026-05-22T16:19:07-04:00,False,,/technology/devices/whatsapp-escucha-mis-conversaciones-la-verdad-sobre-la-privacidad-y-la-publicidad/,225
Elba Reyes,RD conecta cuadrangulares y protagoniza uno de los juegos con mayor asistencia del Clásico Mundial de Béisbol,sport business,2026-03-12T16:11:45-04:00,False,,/empresas/sport-business/rd-conecta-cuadrangulares-y-protagoniza-uno-de-los-juegos-con-mayor-asistencia-del-clasico-mundial-de-beisbol/,225
Elba Reyes,"Los mejores 10 platos del mundo, según Tasteatlas",lifestyle,2025-12-23T16:17:28-04:00,False,,/lifestyle/los-mejores-10-platos-del-mundo-segun-tasteatlas/,224
SIN_AUTOR,,,,False,,/event/mercado-de-valores-summit/,224
SIN_AUTOR,,,,False,,/who-is-who/maria-fernanda-pou-fernandez/,224
Jhojhanni Fiorini,Top 10 universidades del mundo a abril 2026 QS ranking,money invest,2026-04-16T13:05:28-04:00,False,,/money-invest/top-10-universidades-del-mundo-a-abril-2026-qs-ranking/,224
Andrea Mercedes,Índice Panini 2026: Por qué el álbum del Mundial le gana a la inflación en LatAm,sport business,2026-05-21T17:53:46-04:00,False,,/money-invest/daily-news/indice-panini-2026-por-que-el-album-del-mundial-le-gana-a-la-inflacion-en-latam/,223
Jhojhanni Fiorini,República Dominicana y su apuesta por la economía verde,sostenibilidad,2026-02-05T11:42:14-04:00,False,,/sostenibilidad/republica-dominicana-y-su-apuesta-por-la-economia-verde/,223
Elba Reyes,WhatsApp: esta es la verdadera función del nuevo botón con forma de onda de los chats,technology,2026-03-19T17:10:48-04:00,False,,/technology/whatsapp-esta-es-la-verdadera-funcion-del-nuevo-boton-con-forma-de-onda-de-los-chats/,223
Andrea Mercedes,Estafa en WhatsApp: así pueden robar tu cuenta con solo un código,technology,2026-03-12T17:55:34-04:00,False,,/technology/estafa-en-whatsapp-asi-pueden-robar-tu-cuenta-con-solo-un-codigo/,223
SIN_AUTOR,,,,False,404 Client Error: Not Found for url: https://revistamercado.do/empresas/sport-business/messi-vs-ronaldo-los-unicos-futbolistas-en-el-club-de-los-us1000-millones/,/empresas/sport-business/messi-vs-ronaldo-los-unicos-futbolistas-en-el-club-de-los-us1000-millones/,223
Jhojhanni Fiorini,Viajar solo en 2026: estos son los 15 mejores destinos según Tripadvisor,viajes,2026-02-13T16:00:29-04:00,False,,/lifestyle/viajes/viajar-solo-en-2026-estos-son-los-15-mejores-destinos-segun-tripadvisor/,222
Elba Reyes,Precio del dólar hoy en República Dominicana este jueves 4 de junio de 2026,república dominicana,2026-06-04T08:00:04-04:00,False,,/money-invest/republica-dominicana/precio-del-dolar-hoy-en-republica-dominicana-este-jueves-4-de-junio-de-2026/,222
Jhojhanni Fiorini,"Partidos de hoy, jueves 7 de mayo del 2026: horarios y canales para ver fútbol en vivo",actualidad,2026-05-07T09:09:54-04:00,False,,/actualidad/partidos-de-hoy-jueves-7-de-mayo-del-2026-horarios-y-canales-para-ver-futbol-en-vivo/,222
Elba Reyes,Precio del dólar hoy en República Dominicana este jueves 25 de junio de 2026,república dominicana,2026-06-25T09:05:20-04:00,False,,/money-invest/republica-dominicana/precio-del-dolar-hoy-en-republica-dominicana-este-jueves-25-de-junio-de-2026/,222
Edwin Lozada,México vs. Corea del Sur: a qué hora juega en República Dominicana y dónde verlo en vivo,actualidad,2026-06-18T08:21:41-04:00,False,,/actualidad/mexico-corea-del-sur-hora-republica-dominicana-donde-ver-mundial-2026/,221
SIN_AUTOR,,,,False,,/who-is-who/carlos-aguilar/,221
Elba Reyes,Se aproxima el eclipse solar total 2026: ¿se podrá ver desde República Dominicana en agosto?,actualidad,2026-05-05T17:26:35-04:00,False,,/actualidad/se-aproxima-el-eclipse-solar-total-2026-se-podra-ver-desde-republica-dominicana-en-agosto/,221
Jhojhanni Fiorini,JPMorgan revela las acciones clave para invertir en 2026,bolsa de valores,2025-12-29T16:02:39-04:00,False,,/market-brief/bolsa-de-valores/jpmorgan-revela-las-acciones-clave-para-invertir-en-2026/,220
Andrea Mercedes,Tasas de cambio en RD hoy 12 de mayo de 2026: dólar en bancos y remesedoras ,money invest,2026-05-12T08:46:44-04:00,False,,/money-invest/tasas-de-cambio-en-rd-hoy-12-de-mayo-de-2026-dolar-en-bancos-y-remesedoras/,220
Elba Reyes,Los mejores destinos para viajar en 2026 según la BBC: América Latina sorprende,lifestyle,2026-02-20T15:41:49-04:00,False,,/lifestyle/la-bbc-elige-los-mejores-destinos-para-2026-y-america-latina-sorprende/,220
SIN_AUTOR,,,,False,404 Client Error: Not Found for url: https://revistamercado.do/dining-out/los-5-mejores-postres-para-brindar-de-santo-domingo/,/dining-out/los-5-mejores-postres-para-brindar-de-santo-domingo/,220
Elba Reyes,Votaciones Juego de Estrellas 2026: Juan Soto escala al Top 6 y tres dominicanos lideran sus posiciones,actualidad,2026-06-23T12:33:42-04:00,False,,/actualidad/votaciones-juego-de-estrellas-2026-juan-soto-escala-al-top-6-y-tres-dominicanos-lideran-sus-posiciones/,220
Elba Reyes,Las 7 grandes de la tecnología se desploman en 2026: caídas de hasta 32%,technology,2026-03-27T16:53:20-04:00,False,,/technology/las-7-grandes-de-la-tecnologia-se-desploman-en-2026-caidas-de-hasta-32/,220
Elba Reyes,Vivian Acra nueva CEO de Marsh McLennan para Centroamérica y el Caribe,mercado women,2025-12-17T17:19:50-04:00,False,,/mercado-women/vivian-acra-nueva-ceo-de-marsh-mclennan-para-centroamerica-y-el-caribe/,220
SIN_AUTOR,,,,False,,/who-is-who/vanessa-cabrera/,220
Andrea Mercedes,Crisis en Ormuz: seis países se alistan para intervenir en plena escalada energética,daily news,2026-03-25T16:22:14-04:00,False,,/money-invest/daily-news/crisis-en-ormuz-seis-paises-se-alistan-para-intervenir-en-plena-escalada-energetica/,219
Ana Sosa,Ultimátum de Trump a Irán por Ormuz vence hoy a las 8:00 p.m.: ¿Qué está en juego?,money invest,2026-04-07T05:20:23-04:00,True,,/money-invest/ultimatum-de-trump-a-iran-por-ormuz-vence-hoy-a-las-800-p-m-que-esta-en-juego/,219
Elba Reyes,Resultados de la Lotería Quiniela Real del jueves 28 de mayo de 2026,actualidad,2026-05-29T08:59:32-04:00,False,,/actualidad/resultados-de-la-loteria-quiniela-real-del-jueves-28-de-mayo-de-2026/,219
Karime Rivas,Despertar a las 5 de la mañana: la rutina que potencia el éxito femenino,career,2025-06-02T14:59:29-04:00,False,,/mercado-women/career/despertar-a-las-5-am-mujeres/,219
SIN_AUTOR,,,,False,404 Client Error: Not Found for url: https://revistamercado.do/dining-out/late-night-spots-street-food-abierto-24-horas-en-santo-domingo/,/dining-out/late-night-spots-street-food-abierto-24-horas-en-santo-domingo/,219
Jhojhanni Fiorini,Apple rompe récord histórico de ventas impulsada por iPhone,empresas,2026-01-30T13:00:00-04:00,False,,/empresas/apple-rompe-record-historico-de-ventas-impulsada-por-iphone/,219
Gabriel Rico Albarrán,Tech Summit 2026: la IA como herramienta para impulsar la competitividad empresarial,mercado events,2026-04-09T14:22:59-04:00,False,,/mercado-exchange/tech-summit-2026-la-ia-como-herramienta-para-impulsar-la-competitividad-empresarial/,219
Karime Rivas,"Francesa Rainieri, de guardiana financiera a la presidencia de Amchamdr 2025 &#8211; 2026",leadership,2025-04-02T19:57:29-04:00,False,,/mercado-women/leadership/francesa-rainieri-presidencia-de-amchamdr-2025-2026/,219
Andrea Mercedes,Proyecto de puerto espacial en RD supera US$600 millones y promete no usar fondos públicos,daily news,2026-03-18T16:25:29-04:00,False,,/money-invest/daily-news/proyecto-de-puerto-espacial-en-rd-supera-us600-millones-y-promete-no-usar-fondos-publicos/,218
pferreras,6 razones por las que un diploma no garantiza el éxito profesional,finanzas,2019-11-15T16:00:25-04:00,False,,/market-brief/finanzas/por-que-la-universidad-no-te-garantiza-el-exito-financiero/,218
revistamercado,Los 10 idiomas más importantes para hacer negocios,empresas,2022-08-26T11:01:39-04:00,False,,/empresas/idiomas-importantes-negocios/,218
Andrea Mercedes,Mundial 2026: Las estrellas y sorpresas de las convocatorias oficiales rumbo a la Copa del Mundo,sport business,2026-06-01T17:44:18-04:00,False,,/money-invest/daily-news/mundial-2026-las-estrellas-y-sorpresas-de-las-convocatorias-oficiales-rumbo-a-la-copa-del-mundo/,218
Elba Reyes,Estos son los alimentos que una mujer debería evitar después de los 40 años,trends,2026-02-09T16:24:47-04:00,False,,/mercado-women/trends/estos-son-los-alimentos-que-una-mujer-deberia-evitar-despues-de-los-40-anos/,218
Karime Rivas,¿Cuándo tomar mis suplementos para mejor absorción?,wellbeing,2025-10-13T19:08:34-04:00,False,,/medihealth/wellbeing/suplementos-horarios/,217
Jhojhanni Fiorini,Corina Machado ve al Papa antes de su crucial reunión con Trump,internacional,2026-01-12T16:49:20-04:00,False,,/money-invest/internacional-economia/corina-machado-ve-al-papa-antes-de-su-crucial-reunion-con-trump/,217
SIN_AUTOR,,,,False,,/products/the-best-doctors-dr/,217
Jhojhanni Fiorini,Francisco Oliverio Espaillat asume Agricultura y refuerza seguridad alimentaria,república dominicana,2026-01-08T09:43:54-04:00,False,,/money-invest/republica-dominicana/francisco-oliverio-espaillat-asume-agricultura-y-refuerza-seguridad-alimentaria/,217
Elba Reyes,Precio del dólar en República Dominicana hoy: así cotiza este jueves 12 de marzo de 2026,money invest,2026-03-12T09:52:55-04:00,False,,/money-invest/precio-del-dolar-en-republica-dominicana-hoy-asi-cotiza-este-jueves-12-de-marzo-de-2026/,217
Jhojhanni Fiorini,Las mejores universidades de Latinoamérica en 2025,money invest,2025-03-13T15:47:34-04:00,False,,/money-invest/las-mejores-universidades-de-latinoamerica-en-2025/,217
Elba Reyes,Precio del dólar hoy en la República Dominicana este viernes 17 de abril del 2026,money invest,2026-04-17T08:42:18-04:00,False,,/money-invest/precio-del-dolar-hoy-en-la-republica-dominicana-este-viernes-17-de-abril-del-2026/,216
Gabriel Rico Albarrán,Construction &#038; Real Estate Summit. Desafíos que movilizan la construcción inmobiliaria en el Este,mercado events,2026-02-18T14:58:11-04:00,False,,/mercado-exchange/construction-real-estate-summit-desafios-que-movilizan-la-construccion-inmobiliaria-en-el-este/,216
Karime Rivas,Eva Luiggi: el arte detrás de Helados Valentino,mercado interview,2021-10-13T18:20:41-04:00,False,,/mercado-women/eva-luiggi-el-arte-detras-de-helados-valentino/,216
Jhojhanni Fiorini,Tregua bajo fuego: Escaramuzas militares amenazan el pacto petrolero de Trump,internacional,2026-06-01T17:21:16-04:00,False,,/money-invest/internacional-economia/tregua-bajo-fuego-escaramuzas-militares-amenazan-el-pacto-petrolero-de-trump/,216
Andrea Mercedes,Tasas de cambio en RD hoy 23 de abril de 2026: dólar en bancos y remesedoras  ,money invest,2026-04-23T08:50:52-04:00,False,,/money-invest/tasas-de-cambio-en-rd-hoy-23-de-abril-de-2026-dolar-en-bancos-y-remesedoras/,216
Elba Reyes,Estos televisores dejarán de tener Netflix desde el 15 de febrero de 2026: revisa si el tuyo está en la lista,technology,2026-02-03T12:14:01-04:00,False,,/technology/estos-televisores-dejaran-de-tener-netflix-desde-el-15-de-febrero-de-2026-revisa-si-el-tuyo-esta-en-la-lista/,216
revistamercado,¿Eres de los que recuerdan los sueños? Te explicamos por qué,medihealth,2022-07-26T11:21:13-04:00,False,,/medihealth/recuerdas-suenos-por-que/,216
Elba Reyes,Este es el top de países en donde prefieren migrar los súper millonarios,money invest,2026-02-24T17:29:53-04:00,False,,/money-invest/este-es-el-top-de-paises-en-donde-prefieren-migrar-los-super-millonarios/,215
Elba Reyes,Precio del dólar hoy en República Dominicana este martes 28 de abril del 2026,money invest,2026-04-28T08:05:10-04:00,False,,/money-invest/precio-del-dolar-hoy-en-republica-dominicana-este-martes-28-de-abril-del-2026/,215
Karime Rivas,"Mercado MEDITALK Summit Región Norte impulsa una nueva conversación sobre salud, innovación y calidad de vida",mercado events,2026-05-19T13:02:41-04:00,False,,/mercado-exchange/mercado-meditalk-summit-region-norte-impulsa-una-nueva-conversacion-sobre-salud-innovacion-y-calidad-de-vida/,215
Karime Rivas,Venezuela se juega el poder entre dos mujeres: Delcy Rodríguez y María Corina Machado frente a frente,leadership,2026-04-23T11:35:10-04:00,True,,/mercado-women/leadership/venezuela-delcy-rodriguez-maria-corina-machado/,215
pferreras,"Walmart se transforma en el mercado argentino, ahora opera como Changomás",empresas,2021-09-22T05:21:43-04:00,False,,/empresas/walmart-se-transforma-en-el-mercado-argentino-ahora-opera-como-changomas/,214
Elba Reyes,Dólar hoy en República Dominicana: Así se cotiza el precio este martes 3 de febrero de 2026,money invest,2026-02-03T07:00:14-04:00,False,,/money-invest/asi-se-cotiza-el-precio-del-dolar-hoy-en-republica-dominicana-martes-3-de-febrero-de-2026/,214
Gabriel Rico Albarrán,"🔴 EN VIVO | Business Forum Dominicana Sostenible 2026: liderazgo, alianzas y decisiones estratégicas",mercado events,2026-02-12T09:21:38-04:00,False,,/mercado-exchange/business-forum-dominicana-sostenible-2026/,214
Elba Reyes,Cuándo ver ballenas jorobadas en República Dominicana: la mejor temporada y dónde encontrarlas,turismo,2026-02-02T17:23:17-04:00,False,,/turismo/cuando-ver-ballenas-jorobadas-en-republica-dominicana-la-mejor-temporada-y-donde-encontrarlas/,214
Rodrigo Muñoz,Dolores Pozo y María Jesús Fernández: dos líderes que impulsan al Grupo Popular,leadership,2025-04-28T17:45:59-04:00,False,,/mercado-women/leadership/dolores-pozo-y-maria-jesus-fernandez-dos-lideres-que-impulsan-al-grupo-popular/,214
Jhojhanni Fiorini,"PwC República Dominicana: Líder en Auditoría, Consultoría e Impuestos y Legales",brand content,2024-08-26T11:57:35-04:00,False,,/empresas/pwc-republica-dominicana-lider-en-auditoria-consultoria-e-impuestos-y-legales/,214
Elba Reyes,Cinco plantas que no se deben tener en casa porque atraen mala suerte,actualidad,2026-04-02T13:00:33-04:00,False,,/actualidad/cinco-plantas-que-no-se-deben-tener-en-casa-porque-atraen-mala-suerte/,214
Karime Rivas,Anna Wintour convirtió una cena de US$50 en el evento más exclusivo del planeta,leadership,2026-05-06T18:23:03-04:00,False,,/mercado-women/leadership/anna-wintour-met-gala/,213
Andrea Mercedes,Elecciones Colombia 2026: ¿Por qué De la Espriella y Cepeda ganaron la primera vuelta?,daily news,2026-06-01T11:37:03-04:00,False,,/money-invest/daily-news/elecciones-colombia-2026-por-que-de-la-espriella-y-cepeda-ganaron-la-primera-vuelta/,213
Andrea Mercedes,Trump afirma que no habrá guerra con Cuba pese a investigaciones contra Raúl Castro,daily news,2026-05-21T11:02:26-04:00,False,,/money-invest/daily-news/trump-afirma-que-no-habra-guerra-con-cuba-pese-a-investigaciones-contra-raul-castro/,213
Stacy Frias,Arquitectura sensorial: transformando espacios en experiencias memorables,brand content,2025-10-17T12:15:51-04:00,False,,/empresas/arquitectura-sensorial-transforma-emociones-liza-ortega/,213
Jhojhanni Fiorini,RD avanza en reducción de pobreza y ampliación de la clase media,república dominicana,2025-12-09T17:47:36-04:00,False,,/money-invest/republica-dominicana/rd-avanza-en-reduccion-de-pobreza-y-ampliacion-de-la-clase-media/,213
Jhojhanni Fiorini,Dólar supera los RD$ 64.50 y presiona al peso dominicano ,república dominicana,2025-10-31T15:12:37-04:00,False,,/money-invest/republica-dominicana/dolar-supera-los-rd-64-50-y-presiona-al-peso-dominicano/,212
Elba Reyes,Estas son las 10 peores películas de Tim Burton según IMDB,lifestyle,2026-02-21T10:00:29-04:00,False,,/lifestyle/estas-son-las-10-peores-peliculas-de-tim-burton-segun-imdb/,212
Elba Reyes,Dólar hoy en RD: qué saber antes de comprar o vender este martes 20 de enero de 2026,money invest,2026-01-20T10:18:45-04:00,False,,/money-invest/dolar-hoy-en-rd-que-saber-antes-de-comprar-o-vender-este-martes-20-de-enero-de-2026/,212
Gabriel Rico Albarrán,La disrupción de la lA provoca una desbandada en las acciones tecnológicas,empresas,2026-02-13T10:08:30-04:00,False,,/empresas/disrupcion-ia-provoca-desbandada-en-las-acciones-tecnologicas/,212
Jhojhanni Fiorini,"Quién era «El Mencho», la historia del narco más buscado",internacional,2026-02-23T10:02:48-04:00,False,,/money-invest/internacional-economia/quien-era-el-mencho-el-narco-mas-buscado-de-mexico/,212
Andrea Mercedes,Tasas de cambio en RD hoy 1 de junio de 2026: dólar en bancos y remesedoras ,república dominicana,2026-06-01T09:52:46-04:00,False,,/money-invest/republica-dominicana/tasas-de-cambio-en-rd-hoy-1-de-junio-de-2026-dolar-en-bancos-y-remesedoras/,212
Elba Reyes,"Jeju, la isla volcánica que conquista desde el mar de Corea",experiencias,2026-01-14T15:58:38-04:00,False,,/lifestyle/jeju-la-isla-volcanica-que-conquista-desde-el-mar-de-corea/,211
Karime Rivas,El poder silencioso de Gisele Bündchen arriba a los 45,trends,2025-08-13T14:54:50-04:00,False,,/mercado-women/trends/poder-silencioso-de-gisele-bundchen/,211
Ashley Presinal,BHD: la educación financiera como eje de la sostenibilidad,brand content,2026-01-08T10:31:47-04:00,False,,/empresas/bhd-educacion-financiera-eje-sostenibilidad/,211
Jhojhanni Fiorini,El negocio de Netflix ya genera más utilidades que los grandes medios combinados,empresas,2026-02-11T14:01:41-04:00,False,,/empresas/el-negocio-de-netflix-ya-genera-mas-utilidades-que-los-grandes-medios-combinados/,211
Jhojhanni Fiorini,¿En qué emprender en Latinoamérica en 2026 con foco en IA? ,money invest,2025-12-26T18:00:46-04:00,False,,/money-invest/en-que-emprender-en-latinoamerica-en-2026-con-foco-en-ia/,211
SIN_AUTOR,,,,False,404 Client Error: Not Found for url: https://revistamercado.do/store/sirena-market/,/store/sirena-market/,211
Paola Cohen,De regreso al timón: Personifica el compromiso inquebrantable con el arte y la cultura de Ámerica Latina,perfiles,2026-02-12T17:31:37-04:00,False,,/perfiles/de-regreso-al-timon-personifica-el-compromiso-inquebrantable-con-el-arte-y-la-cultura-de-america-latina/,210
Karime Rivas,"Quién es Aguie Lendor, la nueva vicepresidenta ejecutiva de Asonahores",influencers,2023-10-03T17:53:13-04:00,False,,/mercado-women/quien-es-aguie-lendor-la-nueva-vicepresidenta-ejecutiva-de-asonahores/,210
Elba Reyes,"Clima hoy en Santo Domingo, martes 28 de abril de 2026: aguaceros fuertes, tormentas eléctricas y ráfagas de viento marcarán la tarde",actualidad,2026-04-28T08:21:19-04:00,False,,/actualidad/clima-hoy-en-santo-domingo-martes-28-de-abril-de-2026-aguaceros-fuertes-tormentas-electricas-y-rafagas-de-viento-marcaran-la-tarde/,210
Jhojhanni Fiorini,Los mayores productores de litio del mundo,money invest,2025-10-17T18:00:12-04:00,False,,/money-invest/los-mayores-productores-de-litio-del-mundo/,210
Andrea Mercedes,A qué hora ver en RD el sobrevuelo lunar de Artemis II que transmitirá Netflix,daily news,2026-04-06T11:20:18-04:00,False,,/money-invest/daily-news/a-que-hora-ver-en-rd-el-sobrevuelo-lunar-de-artemis-ii-que-transmitira-netflix/,210
Jhojhanni Fiorini,"La palabra que usas a diario y que, según Steve Jobs, te hace parecer inseguro",empresas,2026-03-18T17:02:38-04:00,False,,/empresas/la-palabra-que-usas-a-diario-y-que-segun-steve-jobs-te-hace-parecer-inseguro/,210
Elba Reyes,WhatsApp prepara un rediseño que cambiará lo primero que ves al abrir la app,technology,2026-05-01T12:20:24-04:00,False,,/technology/whatsapp-prepara-un-rediseno-que-cambiara-lo-primero-que-ves-al-abrir-la-app/,210
Elba Reyes,Resultados de la Lotería Quiniela Real del miércoles 27 de mayo de 2026,actualidad,2026-05-28T09:09:11-04:00,False,,/actualidad/resultados-de-la-loteria-quiniela-real-del-miercoles-27-de-mayo-de-2026/,210
Ashley Presinal,Modernización que consolida la seguridad financiera,brand content,2025-12-22T12:23:26-04:00,False,,/empresas/transformacion-digital-financiera-asociacion-duarte/,209
Karime Rivas,¿Por qué las mujeres ambiciosas incomodan? Estos sesgos aún dominan,career,2025-08-19T12:43:39-04:00,False,,/mercado-women/career/mujeres-ambiciosas-incomodan-sesgo/,209
Andrea Mercedes,Trump evalúa acuerdo con Cuba que podría flexibilizar viajes a la isla,daily news,2026-03-13T17:05:53-04:00,False,,/money-invest/daily-news/trump-evalua-acuerdo-con-cuba-que-podria-flexibilizar-viajes-a-la-isla/,209
Jhojhanni Fiorini,"¿En qué universidades estudiaron los hombres más ricos del mundo? Harvard, Stanford y más",money invest,2026-02-16T17:00:41-04:00,False,,/money-invest/en-que-universidades-estudiaron-los-hombres-mas-ricos-del-mundo-harvard-stanford-y-mas/,209
Gabriel Rico Albarrán,Los 14 sectores económicos en los que se puede invertir en RD,empresas,2022-08-23T15:05:46-04:00,False,,/empresas/sectores-economicos-rd/,209
Gabriel Rico Albarrán,"Costa de Marfil vs Noruega, duelo histórico de 16vos en el Mundial",sport business,2026-06-29T11:27:26-04:00,False,,/empresas/sport-business/costa-de-marfil-vs-noruega-duelo-historico-de-16vos-en-el-mundial/,209
SIN_AUTOR,,,,False,,/mercado_interviews/como-fersan-transforma-el-campo-dominicano-con-ciencia-y-sostenibilidad/,208
Jhojhanni Fiorini,"Gamal Haché, va por el cuarto round",empresas,2025-11-20T17:11:40-04:00,False,,/empresas/gamal-hache-va-por-el-cuarto-round/,208
Ana Sosa,Santino entra al Top 9 de la Guía Macarfi 2026 en su segundo año de operaciones,lifestyle,2026-04-25T08:09:18-04:00,False,,/lifestyle/santino-entra-al-top-9-de-la-guia-macarfi-2026-en-su-segundo-ano-de-operaciones/,208
Rodrigo Muñoz,Marvel: De la bancarrota a potencia del entretenimiento global,brand business,2025-08-02T13:33:30-04:00,False,,/empresas/brand-business/marvel-de-la-bancarrota-a-potencia-del-entretenimiento-global/,208
Andrea Mercedes,El miedo a la guerra en Irán desata compras masivas de papel higiénico en Japón,empresas,2026-03-23T12:40:24-04:00,False,,/empresas/el-miedo-a-la-guerra-en-iran-desata-compras-masivas-de-papel-higienico-en-japon/,208
Elba Reyes,WhatsApp transmitirá el Mundial: Pasos para ver partidos en vivo y exclusivas,devices,2026-06-01T16:03:15-04:00,False,,/technology/devices/whatsapp-transmitira-el-mundial-pasos-para-ver-partidos-en-vivo-y-exclusivas/,208
Elba Reyes,La OPS desmiente declaración de epidemia de VIH en República Dominicana,salud,2026-02-11T10:19:57-04:00,False,,/medihealth/salud/la-ops-desmiente-declaracion-de-epidemia-de-vih-en-republica-dominicana/,207
Elba Reyes,"NVIDIA, Tesla y otras 5 acciones que están explotando sus ganancias",empresas,2026-03-31T10:09:24-04:00,False,,/empresas/nvidia-tesla-y-otras-5-acciones-que-estan-explotando-sus-ganancias/,207
Karime Rivas,Cuando el poder se viste de Prada: Wintour y Streep en una icónica portada de Vogue,trends,2026-04-08T20:02:50-04:00,False,,/mercado-women/trends/wintour-streep-vogue/,207
Jhojhanni Fiorini,"Partidos del Mundial 2026 hoy, lunes 22 de junio: horarios en RD y dónde ver fútbol en vivo",actualidad,2026-06-22T08:49:23-04:00,False,,/actualidad/partidos-del-mundial-2026-hoy-lunes-22-de-junio-horarios-en-rd-y-donde-ver-futbol-en-vivo/,207
Gabriel Rico Albarrán,Las Mejores Empresas para Trabajar en la República Dominicana en 2022,de la revista,2022-12-28T05:00:22-04:00,False,,/mercado/mejores-empresas-para-trabajar-en-rd-en-2022/,207
Elba Reyes,"Cada cuánto lavar el pelo para evitar su caída, según dermatólogos",trends,2026-02-03T16:47:13-04:00,False,,/mercado-women/trends/cada-cuanto-lavar-el-pelo-para-evitar-su-caida-segun-dermatologos/,207
Elba Reyes,Lujo en altamar: los cruceros más esperados de 2026,lifestyle,2026-01-06T09:32:28-04:00,False,,/lifestyle/lujo-en-altamar-los-cruceros-mas-esperados-de-2026/,207
Gabriel Rico Albarrán,Las 10 marcas de lujo más valiosas del mundo y quiénes las dirigen,vida en la cima,2023-06-21T10:35:41-04:00,False,,/lifestyle/las-10-marcas-de-lujo-mas-valiosas-del-mundo-y-quienes-las-dirigen/,207
Jhojhanni Fiorini,Acuerdo entre República Dominicana y Mongolia permitirá viajar sin visa,turismo,2026-02-04T11:08:50-04:00,False,,/turismo/acuerdo-entre-republica-dominicana-y-mongolia-permitira-viajar-sin-visa/,207
Karime Rivas,La caminata japonesa que regula el azúcar y quema grasa sin sudar,wellbeing,2025-07-22T20:33:08-04:00,False,,/medihealth/wellbeing/caminata-japonesa-beneficios/,206
Elba Reyes,Precio del dólar hoy en la República Dominicana este miércoles 29 de abril del 2026,money invest,2026-04-29T08:25:35-04:00,False,,/money-invest/precio-del-dolar-hoy-en-la-republica-dominicana-este-miercoles-29-de-abril-del-2026/,206
Karime Rivas,¿La intolerancia al café es genética? Descubre si tu cuerpo rechaza el café,empresas,2024-04-30T22:31:00-04:00,False,,/empresas/intolerancia-al-cafe/,206
Elba Reyes,Los 5 hoteles más lujosos del mundo y cuánto cuesta dormir en ellos,lifestyle,2026-04-04T09:00:27-04:00,False,,/lifestyle/los-5-hoteles-mas-lujosos-del-mundo-y-cuanto-cuesta-dormir-en-ellos/,206
Elba Reyes,Resultados de la Lotería Quiniela Real del lunes 18 de mayo de 2026,actualidad,2026-05-19T09:03:22-04:00,False,,/actualidad/resultados-de-la-loteria-quiniela-real-del-lunes-18-de-mayo-de-2026/,206
SIN_AUTOR,,,,False,404 Client Error: Not Found for url: https://revistamercado.do/store/the-butcher-shop/,/store/the-butcher-shop/,206
Jhojhanni Fiorini,"Partidos de hoy, jueves 23 de abril del 2026: horarios y canales TV para ver fútbol en vivo",actualidad,2026-04-23T08:59:20-04:00,False,,/actualidad/partidos-de-hoy-jueves-23-de-abril-del-2026-horarios-y-canales-tv-para-ver-futbol-en-vivo/,206
SIN_AUTOR,,,,False,,/mercado_interviews/la-arqueologa-dominicana-que-logro-lo-inimaginable-dra-kathleen-martinez-ep-2/,206
Jhojhanni Fiorini,Puentes feriados en República Dominicana: cómo aprovecharlos mejor ,república dominicana,2025-12-15T16:50:27-04:00,False,,/money-invest/republica-dominicana/puentes-feriados-en-republica-dominicana-como-aprovecharlos-mejor/,205
Elba Reyes,Zoe Saldaña se convierte en la actriz más taquillera de la historia,trends,2026-01-13T16:28:44-04:00,False,,/mercado-women/zoe-saldana-se-convierte-en-la-actriz-mas-taquillera-de-la-historia/,205
SIN_AUTOR,,,,False,404 Client Error: Not Found for url: https://revistamercado.do/shopping/christmas-travel-prep-donde-comprar-ropa-de-invierno-en-republica-dominicana/,/shopping/christmas-travel-prep-donde-comprar-ropa-de-invierno-en-republica-dominicana/,205
Elba Reyes,Precio del dólar hoy en República Dominicana este jueves 18 de junio de 2026,república dominicana,2026-06-18T09:39:49-04:00,False,,/money-invest/republica-dominicana/precio-del-dolar-hoy-en-republica-dominicana-este-jueves-18-de-junio-de-2026/,205
Elba Reyes,Precio del dólar hoy en la República Dominicana este lunes 25 de mayo del 2026,república dominicana,2026-05-25T08:49:52-04:00,False,,/money-invest/republica-dominicana/precio-del-dolar-hoy-en-la-republica-dominicana-este-lunes-25-de-mayo-del-2026/,205
Jhojhanni Fiorini,Miami alcanza el mayor riesgo de burbuja inmobiliaria del mundo y enciende alarmas,money invest,2026-03-19T13:19:25-04:00,False,,/money-invest/miami-alcanza-el-mayor-riesgo-de-burbuja-inmobiliaria-del-mundo-y-enciende-alarmas/,205
Laura Peralta,El mejor cielo es el de tu tierra,country report,2026-01-19T21:36:37-04:00,False,,/country-report/el-mejor-cielo-es-el-de-tu-tierra/,205
Andrea Mercedes,Tasas de cambio en RD hoy 24 de abril de 2026: dólar en bancos y remesedoras  ,money invest,2026-04-24T09:07:30-04:00,False,,/money-invest/tasas-de-cambio-en-rd-hoy-24-de-abril-de-2026-dolar-en-bancos-y-remesedoras/,205
Rodrigo Muñoz,Natura vende operaciones de Avon en Centroamérica y República Dominicana,brand business,2025-09-18T17:20:33-04:00,False,,/empresas/brand-business/natura-vende-operaciones-de-avon-en-centroamerica-y-republica-dominicana/,204
Karime Rivas,La arquitecta dominicana que rompió el molde y ahora diseña el verde de Boston,executive profiles,2026-05-04T13:03:07-04:00,False,,/mercado-women/executive-profiles/arquitecta-dominicana-parques-boston/,204
revistamercado,Los 10 productos agrícolas dominicanos más consumidos y exportados,money invest,2022-09-09T15:10:41-04:00,False,,/money-invest/dia-mundial-agricultura-datos-rd/,204
Gabriel Rico Albarrán,"AVIAM, apostando al Green",brand content,2023-04-20T10:27:50-04:00,False,,/empresas/brand-content/aviam-apostando-al-green/,204
Rodrigo Muñoz,Carlos Slim Domit: El potencial sucesor del imperio empresarial más poderoso de México,empresas,2025-09-10T17:00:49-04:00,False,,/empresas/carlos-slim-domit-el-potencial-sucesor-del-imperio-empresarial-mas-poderoso-de-mexico/,204
Andrea Mercedes,Papa León XIV podría visitar República Dominicana en 2027: sería la primera visita papal desde 1992,daily news,2026-06-15T12:58:41-04:00,False,,/money-invest/daily-news/papa-leon-xiv-podria-visitar-republica-dominicana-en-2027-seria-la-primera-visita-papal-desde-1992/,204
Jhojhanni Fiorini,"Estas son las habilidades profesionales con mayor demanda en 2026, según Upwork",empresas,2026-02-12T13:07:29-04:00,False,,/empresas/estas-son-las-habilidades-profesionales-con-mayor-demanda-en-2026-segun-upwork/,204
Elba Reyes,El fideicomiso como opción de financiamiento,market brief,2026-05-07T16:14:03-04:00,False,,/market-brief/el-fideicomiso-como-opcion-de-financiamiento/,203
Andrea Mercedes,"En juicio histórico, Meta y Google son declaradas responsables por adicción a redes sociales",daily news,2026-03-25T17:46:21-04:00,False,,/money-invest/daily-news/en-juicio-historico-meta-y-google-son-declaradas-responsables-por-adiccion-a-redes-sociales/,203
Andrea Mercedes,¿Qué es el Escudo de las Américas? La polémica alianza militar de Trump a la que se une RD y Colombia,daily news,2026-06-23T16:31:01-04:00,False,,/money-invest/daily-news/que-es-el-escudo-de-las-americas-la-polemica-alianza-militar-de-trump-a-la-que-se-une-rd-y-colombia/,203
SIN_AUTOR,,,,False,,/who-is-who/jose-miguel-bonetti-du-breil/,203
Jhojhanni Fiorini,The Best of DR 2025 celebra la excelencia dominicana,mercado events,2025-08-13T22:40:01-04:00,False,,/mercado-exchange/the-best-of-dr-2025-celebra-la-excelencia-dominicana/,203
Rodrigo Muñoz,Grupo Ramos refuerza su liderazgo con Iván Mejía Alberty como presidente ejecutivo,executive news,2025-02-03T10:47:00-04:00,False,,/empresas/executive-news/grupo-ramos-refuerza-su-liderazgo-con-ivan-mejia-alberty-como-presidente-ejecutivo/,203
Jhojhanni Fiorini,El sabor y aroma de lo mejor de República Dominicana,brand content,2024-12-19T10:04:59-04:00,False,,/empresas/el-sabor-y-aroma-de-lo-mejor-de-republica-dominicana/,203
SIN_AUTOR,,,,False,,/rankings/lista-mejores-empresas-para-trabajar-region-norte/,202
Elba Reyes,"De Ricky Martin a Shakira: todas las canciones oficiales de la Copa del Mundo, de 1962 a 2026",experiencias,2026-06-11T17:33:38-04:00,False,,/lifestyle/experiencias/de-ricky-martin-a-shakira-todas-las-canciones-oficiales-de-la-copa-del-mundo-de-1962-a-2026/,202
Jhojhanni Fiorini,¿Por qué están cayendo las acciones de Inteligencia Artificial en junio de 2026?,empresas,2026-06-08T16:08:59-04:00,False,,/empresas/por-que-estan-cayendo-las-acciones-de-inteligencia-artificial-en-junio-de-2026/,202
Jhojhanni Fiorini,"Partidos de hoy, lunes 06 de abril de 2026: horarios y dónde ver fútbol en vivo",actualidad,2026-04-06T08:42:11-04:00,False,,/actualidad/partidos-de-hoy-lunes-06-de-abril-de-2026-horarios-y-donde-ver-futbol-en-vivo/,202
Andrea Mercedes,Alquileres en EE. UU. caen por 30 meses seguidos tras años en máximos históricos,empresas,2026-03-20T16:52:48-04:00,False,,/empresas/alquileres-en-ee-uu-caen-por-30-meses-seguidos-tras-anos-en-maximos-historicos/,202
Jhojhanni Fiorini,Bad Bunny y su impacto económico en Puerto Rico ,actualidad,2025-09-22T10:01:07-04:00,False,,/actualidad/bad-bunny-y-su-impacto-economico-en-puerto-rico/,202
Andrea Mercedes,La nueva cédula en RD será obligatoria en 2027 y dejará sin servicios básicos a quienes no la renueven,daily news,2026-04-27T16:45:00-04:00,False,,/money-invest/daily-news/la-nueva-cedula-en-rd-sera-obligatoria-en-2027-y-dejara-sin-servicios-basicos-a-quienes-no-la-renueven/,202
Rodrigo Muñoz,Análisis de los 5 puntos clave del discurso de Magín Díaz en AMCHAMDR,money invest,2026-03-09T11:16:21-04:00,False,,/money-invest/analisis-de-los-5-puntos-clave-del-discurso-de-magin-diaz-en-amchamdr/,202
Jhojhanni Fiorini,República Dominicana vuelve a los mercados internacionales con emisión de deuda en dólares,república dominicana,2026-02-11T10:21:57-04:00,False,,/money-invest/republica-dominicana/republica-dominicana-vuelve-a-los-mercados-internacionales-con-emision-de-deuda-en-dolares/,202
Elba Reyes,"Estrenos junio 2026: Todo lo nuevo en Netflix, HBO Max, Disney+ y Prime Video",devices,2026-06-08T16:18:16-04:00,False,,/technology/devices/estrenos-junio-2026-todo-lo-nuevo-en-netflix-hbo-max-disney-y-prime-video/,202
SIN_AUTOR,,,,False,,/old_rankings/ignacio-y-eduardo-cortes/,202
Darling Gil,Venezuela posee una quinta parte del petróleo mundial en 2025,internacional,2026-02-11T13:19:13-04:00,False,,/money-invest/venezuela-posee-una-quinta-parte-del-petroleo-mundial-en-2025/,202
Karime Rivas,"Embajadora Minerva Bernardino, la joya dominicana de los Derechos Humanos",influencers,2021-09-14T18:43:35-04:00,False,,/mercado-women/embajadora-minerva-bernardino-la-joya-de-los-derechos-humanos/,201
Jhojhanni Fiorini,"Partidos de hoy, Aston Villa FC vs Liverpool FC, viernes 15 de mayo del 2026: hora, TV y dónde ver fútbol en vivo",actualidad,2026-05-15T09:22:53-04:00,False,,/actualidad/partidos-de-hoy-viernes-15-de-mayo-del-2026-hora-tv-y-donde-ver-futbol-en-vivo/,201
Jhojhanni Fiorini,Qué hacer si te han hackeado la cuenta de WhatsApp: Guía de respuesta rápida 2026,devices,2026-05-21T10:45:19-04:00,False,,/technology/devices/que-hacer-si-te-han-hackeado-la-cuenta-de-whatsapp-guia-de-respuesta-rapida-2026/,201
Elba Reyes,Récord histórico de Shakira en Brasil: el concierto con mayor asistencia en la carrera de la artista,trends,2026-05-05T16:21:37-04:00,False,,/mercado-women/trends/record-historico-de-shakira-en-brasil-el-concierto-con-mayor-asistencia-en-la-carrera-de-la-artista/,201
Jhojhanni Fiorini,El bitcóin cerró 2025 con una caída del 6%,market brief,2026-01-01T13:38:36-04:00,False,,/market-brief/el-bitcoin-cerro-2025-con-una-caida-del-6/,201
Andrea Mercedes,Tasas de cambio en RD hoy 29 de mayo de 2026: dólar en bancos y remesedoras ,república dominicana,2026-05-29T10:59:15-04:00,False,,/money-invest/republica-dominicana/tasas-de-cambio-en-rd-hoy-29-de-mayo-de-2026-dolar-en-bancos-y-remesedoras/,201
SIN_AUTOR,,,,False,404 Client Error: Not Found for url: https://revistamercado.do/travel/cabarete-que-hacer-y-donde-quedarte-en-la-capital-dominicana-del-surf/,/travel/cabarete-que-hacer-y-donde-quedarte-en-la-capital-dominicana-del-surf/,200
Jhojhanni Fiorini,Calendario 2025: Días feriados y festividades en RD,experiencias,2024-12-11T13:12:04-04:00,False,,/nacional/calendario-2025-dias-feriados-y-festividades-en-rd/,200
SIN_AUTOR,,,,False,,/who-is-who/ing-michell-vargas-lopez/,200
Elba Reyes,"Estos son los 3 colores de ropa que eligen las personas inteligentes, según la psicología",actualidad,2026-04-07T16:46:19-04:00,False,,/actualidad/estos-son-los-3-colores-de-ropa-que-eligen-las-personas-inteligentes-segun-la-psicologia/,200
Karime Rivas,100 millones en 16 días: la matemática imposible detrás del imperio Shakira,trends,2026-06-08T21:11:52-04:00,False,,/mercado-women/trends/imperio-shakira/,200
Ana Sosa,"Plásticos de un solo uso: ¿Ley 225-20, una prohibición costosa o un punto de partida hacia una industria circular?",money invest,2026-04-09T14:44:01-04:00,True,,/sostenibilidad/plasticos-de-un-solo-uso-ley-225-20-una-prohibicion-costosa-o-un-punto-de-partida-hacia-una-industria-circular/,199
Andrea Mercedes,"Llegan nuevos billetes en RD: ¿qué pasa con los viejos de RD$50, RD$100 y RD$500 que tienes en el bolsillo?",daily news,2026-06-05T17:14:49-04:00,False,,/money-invest/daily-news/llegan-nuevos-billetes-en-rd-que-pasa-con-los-viejos-de-rd50-rd100-y-rd500-que-tienes-en-el-bolsillo/,199
Rodrigo Muñoz,(Ranking) Las 10 compañías tecnológicas de Wall Street que redefinen la Bolsa,bolsa de valores,2025-09-11T16:25:35-04:00,False,,/market-brief/bolsa-de-valores/las-10-companias-tecnologicas-de-wall-street-que-redefinen-la-bolsa/,199
Elba Reyes,Clima extremo en RD: ¿Por qué hubo granizada en Santo Domingo? Esto explica el fenómeno,daily news,2026-04-17T12:38:23-04:00,False,,/money-invest/daily-news/clima-extremo-en-rd-por-que-hubo-granizada-en-santo-domingo-esto-explica-el-fenomeno/,199
Elba Reyes,Caracol Gigante Africano invade Baní y destruye cultivos: por qué es peligroso para la salud en RD,actualidad,2026-06-20T10:00:51-04:00,False,,/actualidad/caracol-gigante-africano-invade-bani-y-destruye-cultivos-por-que-es-peligroso-para-la-salud-en-rd/,199
Elba Reyes,"Esto ocurre en tu cuerpo cuando tomas café todos los días, según Harvard",salud,2026-02-26T10:02:44-04:00,False,,/medihealth/salud/esto-ocurre-en-tu-cuerpo-cuando-tomas-cafe-todos-los-dias-segun-harvard/,199
SIN_AUTOR,,,,False,404 Client Error: Not Found for url: https://revistamercado.do/dining-out/el-yogur-griego-es-el-nuevo-helado-myka-llega-a-republica-dominicana/,/dining-out/el-yogur-griego-es-el-nuevo-helado-myka-llega-a-republica-dominicana/,198
Jhojhanni Fiorini,"Partidos del Mundial 2026 hoy, lunes 29 de junio: horarios y canales para ver fútbol en vivo",actualidad,2026-06-29T08:51:38-04:00,False,,/actualidad/partidos-del-mundial-2026-hoy-lunes-29-de-junio-horarios-y-canales-para-ver-futbol-en-vivo/,198
Elba Reyes,¿Cuáles son los 10 alimentos que aportan más vitaminas y minerales?,salud,2026-02-05T10:39:41-04:00,False,,/medihealth/salud/cuales-son-los-10-alimentos-que-aportan-mas-vitaminas-y-minerales/,198
Jhojhanni Fiorini,Soft Power: Cómo los países conquistan sin disparar,money invest,2025-03-04T10:51:05-04:00,False,,/money-invest/soft-power-como-los-paises-conquistan-sin-disparar/,198
Jhojhanni Fiorini,Bitcoin alcanza el 95% de su emisión y solo queda un millón de monedas por minar,market brief,2026-03-10T10:48:03-04:00,False,,/market-brief/bitcoin-alcanza-el-95-de-su-emision-y-solo-queda-un-millon-de-monedas-por-minar/,198
SIN_AUTOR,,,,False,404 Client Error: Not Found for url: https://revistamercado.do/store/ground-burger/,/store/ground-burger/,198
Darling Gil,9.3 millones de estadounidenses trabajan en varios empleos para llegar a fin de mes,empresas,2026-02-10T11:53:12-04:00,False,,/empresas/9-3-millones-de-estadounidenses-trabajan-en-varios-empleos-para-llegar-a-fin-de-mes/,197
Jhojhanni Fiorini,¿Se arrepiente? El enigmático mensaje que Nicolás Maduro envía desde su celda en Brooklyn,internacional,2026-05-27T11:27:25-04:00,False,,/money-invest/daily-news/se-arrepiente-el-enigmatico-mensaje-que-nicolas-maduro-envia-desde-su-celda-en-brooklyn/,197
Rodrigo Muñoz,Mar-a-Lago: De mansión abandonada a club exclusivo,hoteles,2025-01-22T15:03:09-04:00,False,,/lifestyle/hoteles/mar-a-lago-de-mansion-abandonada-a-club-exclusivo/,197
Jhojhanni Fiorini,Los mejores viñedos del mundo en 2025 ,experiencias,2025-12-04T14:47:51-04:00,False,,/lifestyle/experiencias/los-mejores-vinedos-del-mundo-en-2025/,197
Andrea Mercedes,Tasas de cambio en RD hoy 22 de abril de 2026: dólar en bancos y remesedoras  ,money invest,2026-04-22T09:08:35-04:00,False,,/money-invest/tasas-de-cambio-en-rd-hoy-22-de-abril-de-2026-dolar-en-bancos-y-remesedoras/,197
SIN_AUTOR,,,,False,,/event/mejores-empresas-para-trabajar-santo-domingo/,197
SIN_AUTOR,,,,False,404 Client Error: Not Found for url: https://revistamercado.do/perfiles/jaime-gilinski-bacal-el-arquitecto-de-un-imperio-financiero-de-us14-700-millones-que-redefinio-el-poder-economico-en-colombia-y-proyecta-su-influencia-en-latam/,/perfiles/jaime-gilinski-bacal-el-arquitecto-de-un-imperio-financiero-de-us14-700-millones-que-redefinio-el-poder-economico-en-colombia-y-proyecta-su-influencia-en-latam/,197
Jhojhanni Fiorini,"Partidos de hoy, miércoles 10 de junio del 2026: horarios, canales TV y dónde ver fútbol en vivo",actualidad,2026-06-10T09:29:24-04:00,False,,/actualidad/partidos-de-hoy-miercoles-10-de-junio-del-2026-horarios-canales-tv-y-donde-ver-futbol-en-vivo/,196
SIN_AUTOR,,,,False,,/who-is-who/jorge-subero-medina/,196
Elba Reyes,Globos de Oro 2026: todo lo que debes saber antes de la gala,lifestyle,2026-01-07T17:32:59-04:00,False,,/lifestyle/globos-de-oro-2026-todo-lo-que-debes-saber-antes-de-la-gala/,196
Juan Botero,Eficiencia del 40 % y legado de lujo: ¿Las marcas líderes apuestan por estructuras metálicas?,brand content,2025-09-17T11:38:27-04:00,False,,/empresas/estructuras-metalicas-lujo-eficiencia/,196
Gabriel Rico Albarrán,Pedro Bonilla (Grupo BP): «nos enfocamos en proyectos que aportan a la sociedad»,mercado interview,2023-06-19T07:05:16-04:00,False,,/mercado-interview/pedro-bonilla-grupo-bp-nos-enfocamos-en-proyectos-que-aportan-a-la-sociedad/,196
Rodrigo Muñoz,Brian Paniagua es el nuevo gerente general de Banco Múltiple LAFISE,executive news,2025-01-16T17:31:00-04:00,False,,/empresas/executive-news/brian-paniagua-es-el-nuevo-gerente-general-de-banco-multiple-lafise/,196
Andrea Mercedes,La guerra en Irán dispara el costo de los alimentos y eleva el riesgo de una crisis global,daily news,2026-05-08T16:11:43-04:00,False,,/money-invest/daily-news/la-guerra-en-iran-dispara-el-costo-de-los-alimentos-y-eleva-el-riesgo-de-una-crisis-global/,195
Elba Reyes,¿Cuándo es el mejor momento para comprar el iPhone 17 al menor precio?,devices,2026-06-17T15:43:47-04:00,False,,/technology/devices/cuando-es-el-mejor-momento-para-comprar-el-iphone-17-al-menor-precio/,195
Ana Sosa,"Los 10 mejores restaurantes de Nueva York en 2026, según la Guía Michelin",lifestyle,2026-04-27T16:17:53-04:00,False,,/lifestyle/los-10-mejores-restaurantes-de-nueva-york-en-2026-segun-la-guia-michelin/,195
Andrea Mercedes,Tasas de cambio en RD hoy 28 de mayo de 2026: dólar en bancos y remesedoras ,república dominicana,2026-05-28T09:40:46-04:00,False,,/money-invest/republica-dominicana/tasas-de-cambio-en-rd-hoy-28-de-mayo-de-2026-dolar-en-bancos-y-remesedoras-2/,195
Jhojhanni Fiorini,Oro y plata marcan récords históricos en medio de tensiones globales,market brief,2026-01-14T09:52:40-04:00,False,,/market-brief/oro-y-plata-marcan-records-historicos-en-medio-de-tensiones-globales/,194
Agatha Thomas,"Virus Nipah: Qué es, cómo se transmite y cuáles son sus primeros síntomas",medihealth,2026-01-26T10:30:21-04:00,False,,/medihealth/virus-nipah-que-es-como-se-transmite-y-cuales-son-sus-primeros-sintomas/,194
Andrea Mercedes,Brasil se perfila como nueva potencia económica y podría redefinir el equilibrio global ,empresas,2026-04-07T15:52:24-04:00,False,,/empresas/brasil-se-perfila-como-nueva-potencia-economica-y-podria-redefinir-el-equilibrio-global/,194
Karime Rivas,Alicia Ortega gana el Iris América 2026 y deja una frase que estremeció a Guatemala,leadership,2026-05-12T15:22:41-04:00,False,,/mercado-women/leadership/alicia-ortega-gana-iris-america/,194
Darling Gil,"Protección social más amplia, inclusiva y sostenible",sector fondo de pensiones,2026-04-20T16:38:31-04:00,False,,/empresas/brand-content/proteccion-social-mas-amplia-inclusiva-y-sostenible-adafp/,194
Jhojhanni Fiorini,Estos son los 5 países de Latinoamérica más vulnerables a ciberataques ,money invest,2026-03-27T18:18:10-04:00,False,,/money-invest/estos-son-los-5-paises-de-latinoamerica-mas-vulnerables-a-ciberataques/,194
Gabriel Rico Albarrán,¿Cuántas monarquías hay en Europa? Conoce la lista de reyes y herederos,internacional,2023-05-02T08:07:57-04:00,False,,/money-invest/internacional-economia/cuantas-monarquias-hay-europa/,194
Jhojhanni Fiorini,"Partidos de hoy, miércoles 25 de marzo de 2026: horarios y dónde ver fútbol en vivo",empresas,2026-03-25T09:04:22-04:00,False,,/empresas/partidos-de-hoy-miercoles-25-de-marzo-de-2026-horarios-y-donde-ver-futbol-en-vivo/,193
Darling Gil,Ya está disponible Revista Mercado Abril 2026,ceo edition,2026-04-02T08:58:37-04:00,False,,/regular/revista-mercado-regular-abril-2026/,193
Karime Rivas,Cortés Hermanos un producto dominicano de clase mundial,empresas,2021-09-16T02:34:27-04:00,False,,/empresas/cortes-hermanos-un-producto-dominicano-de-clase-mundial/,193
Jhojhanni Fiorini,Artemis II impulsa la bolsa espacial: dónde invertir en la nueva carrera lunar,ciencia y espacio,2026-04-02T12:04:48-04:00,False,,/technology/ciencia-y-espacio/artemis-ii-impulsa-la-bolsa-espacial-donde-invertir-en-la-nueva-carrera-lunar/,193
Rodrigo Muñoz,El orgullo laboral: ¿Qué es y porqué es importante?,gestión,2024-05-24T05:00:21-04:00,False,,/empresas/gestion/el-orgullo-laboral-que-es-y-porque-es-importante/,193
SIN_AUTOR,,,,False,,/who-is-who/rafael-octavio-silverio-galan-kuky-silverio/,193
revistamercado,Top 10 actividades físicas al aire libre para practicar en verano,medihealth,2024-08-26T11:43:06-04:00,False,,/medihealth/top-10-actividades-fisicas-al-aire-libre-para-practicar-en-verano/,192
Jhojhanni Fiorini,La guerra en Oriente Medio dispara los precios de la gasolina en EE.UU.,money invest,2026-03-04T15:05:00-04:00,False,,/money-invest/la-guerra-en-oriente-medio-dispara-los-precios-de-la-gasolina-en-ee-uu/,192
Andrea Mercedes,Elecciones Perú 2026: ¿Por qué la ventaja de Keiko Fujimori ya es considerada irreversible?,daily news,2026-06-24T11:14:24-04:00,False,,/money-invest/daily-news/elecciones-peru-2026-por-que-la-ventaja-de-keiko-fujimori-ya-es-considerada-irreversible/,192
Paola Cohen,La mega obra del proyecto de Panamá: Ruta del proyecto Ferroviario,construcción,2026-02-11T12:35:53-04:00,False,,/construccion/la-mega-obra-del-proyecto-de-panama-ruta-del-proyecto-ferroviario/,192
Karime Rivas,Primera mujer preside la Cámara Domínico-Alemana: una elección histórica,executive profiles,2026-03-19T19:36:04-04:00,False,,/mercado-women/executive-profiles/primera-mujer-camara-dominico-alemana/,192
Elba Reyes,"🔴 EN VIVO | Transporte, Logística y Zonas Francas Summit 2026",mercado events,2026-04-29T14:53:53-04:00,False,,/mercado-exchange/🔴-en-vivo-transporte-logistica-y-zonas-francas-summit-2026/,192
Jhojhanni Fiorini,"Empresas que saldrán a bolsa en 2026: OpenAI, SpaceX, Stripe y más",empresas,2026-04-09T18:28:03-04:00,False,,/empresas/empresas-que-saldran-a-bolsa-en-2026-openai-spacex-stripe-y-mas/,191
Jhojhanni Fiorini,BlackBerry y Nokia: ¿Qué pasó con los gigantes móviles? ,devices,2024-12-04T16:04:08-04:00,False,,/technology/devices/blackberry-y-nokia-que-paso-con-los-gigantes-moviles/,191
Elba Reyes,Precio del dólar hoy en la República Dominicana este viernes 22 de mayo del 2026,república dominicana,2026-05-22T08:59:30-04:00,False,,/money-invest/republica-dominicana/precio-del-dolar-hoy-en-la-republica-dominicana-este-viernes-22-de-mayo-del-2026/,191
Rodrigo Muñoz,José «Pepe» Fanjul Jr. liderará Central Romana como su presidente,executive news,2024-09-26T10:10:08-04:00,False,,/empresas/executive-news/jose-pepe-fanjul-jr-liderara-central-romana-como-su-presidente/,191
Andrea Mercedes,¿Cómo avanza la emergencia por el terremoto en Venezuela de 2026? Estas son las cifras oficiales hoy,daily news,2026-06-30T12:08:22-04:00,False,,/money-invest/daily-news/como-avanza-la-emergencia-por-el-terremoto-en-venezuela-de-2026-estas-son-las-cifras-oficiales-hoy/,191
Ana Sosa,Apple apuesta por John Ternus como CEO y da un giro estratégico en la era de la inteligencia artificial,money invest,2026-04-21T12:37:51-04:00,True,,/money-invest/apple-apuesta-por-john-ternus-como-ceo-y-da-un-giro-estrategico-en-la-era-de-la-inteligencia-artificial/,191
Jhojhanni Fiorini,El alza del petróleo golpea a las aerolíneas y hunde sus acciones en bolsa,money invest,2026-03-07T13:39:47-04:00,False,,/money-invest/el-alza-del-petroleo-golpea-a-las-aerolineas-y-hunde-sus-acciones-en-bolsa/,191
