autor,titulo,seccion,fecha,es_sindicado,error,ruta,vistas
Edwin Lozada,"🔴 Medallero Santo Domingo 2026 EN VIVO hoy, 5 de agosto | ¿Cómo va RD?",sport business,2026-08-04T19:16:32-04:00,False,,/empresas/sport-business/medallero-juegos-centroamericanos-2026-en-vivo/,30497
Jhojhanni Fiorini,"¿Quién ganará la Copa del Mundo? Las probabilidades de Argentina, Inglaterra y España según Opta",sport business,2026-07-15T16:38:32-04:00,False,,/empresas/sport-business/quien-ganara-la-copa-del-mundo-las-probabilidades-de-argentina-inglaterra-y-espana-segun-opta/,18130
Andrea Mercedes,Monorriel de Santo Domingo: Así conectará al Distrito Nacional con SDE en 18 minutos,daily news,2026-07-02T14:42:25-04:00,False,,/money-invest/daily-news/monorriel-de-santo-domingo-asi-conectara-al-distrito-nacional-con-sde-en-18-minutos/,14996
Andrea Mercedes,¿Cuánto pagarás por una transferencia? Bancos explican como funciona el nuevo impuesto de 0.20%,daily news,2026-07-03T11:14:38-04:00,False,,/money-invest/daily-news/cuanto-pagaras-por-una-transferencia-bancos-explican-como-funciona-el-nuevo-impuesto-de-0-20/,14967
Andrea Mercedes,¿Cómo funciona el aislamiento de base? La tecnología sísmica que Venezuela y el Caribe necesitan implementar,daily news,2026-07-15T17:51:19-04:00,False,,/money-invest/daily-news/aislamiento-base-tecnologia-edificios-antisismicos/,11185
Jhojhanni Fiorini,Fortuna de Gianni Infantino: cuánto gana el presidente de la FIFA y cómo construyó su patrimonio antes del Mundial 2026,sport business,2026-06-30T15:16:56-04:00,False,,/empresas/sport-business/fortuna-de-gianni-infantino-cuanto-gana-el-presidente-de-la-fifa-y-como-construyo-su-patrimonio-antes-del-mundial-2026/,10496
Andrea Mercedes,Mundial 2030 y 2034: dónde y cuándo se jugarán las próximas ediciones de la Copa del Mundo,sport business,2026-06-11T17:43:45-04:00,False,,/money-invest/daily-news/mundial-2030-y-2034-donde-y-cuando-se-jugaran-las-proximas-ediciones-de-la-copa-del-mundo/,9992
Elba Reyes,"iPhone 18: Filtraciones revelan su precio, cambios en las cámaras y fecha de lanzamiento",devices,2026-07-23T17:36:04-04:00,False,,/technology/devices/iphone-18-filtraciones-revelan-su-precio-cambios-en-las-camaras-y-fecha-de-lanzamiento/,9335
Edwin Lozada,Por qué España no conservará el trofeo original del Mundial 2026,sport business,2026-07-19T18:33:29-04:00,False,,/money-invest/daily-news/espana-trofeo-original-mundial-2026/,9209
Elba Reyes,"Mundial 2026: así quedó el cuadro de los Cuartos de Final tras los octavos, fecha y hora para ver los partidos",sport business,2026-07-07T11:02:23-04:00,False,,/empresas/sport-business/mundial-2026-asi-quedo-el-cuadro-de-los-cuartos-de-final-tras-los-octavos-fecha-y-hora-para-ver-los-partidos/,8436
Jhojhanni Fiorini,Resultados de las loterías del 26 de julio de 2026 en República Dominicana,actualidad,2026-07-27T09:14:42-04:00,False,,/actualidad/resultados-de-las-loterias-del-26-de-julio-de-2026-en-republica-dominicana/,7781
Elba Reyes,iPhone 18 Pro Max: Las 20 funciones y especificaciones filtradas antes de su lanzamiento,devices,2026-07-27T17:03:28-04:00,False,,/technology/devices/iphone-18-pro-max-las-20-funciones-y-especificaciones-filtradas-antes-de-su-lanzamiento/,7611
Andrea Mercedes,¿Qué famosos murieron en el terremoto de Venezuela? Lista de artistas afectados y desaparecidos,daily news,2026-06-29T11:11:28-04:00,False,,/money-invest/daily-news/que-famosos-murieron-en-el-terremoto-de-venezuela-lista-de-artistas-afectados-y-desaparecidos/,7173
Elba Reyes,El iPhone 18 Pro Max tendría cuatro cámaras: Las novedades del próximo teléfono de Apple,devices,2026-07-13T16:45:13-04:00,False,,/technology/devices/el-iphone-18-pro-max-tendria-cuatro-camaras-las-novedades-del-proximo-telefono-de-apple/,6324
Jhojhanni Fiorini,¿Cuándo sale el iPhone 18 y qué cambios traerá el nuevo teléfono de Apple?,devices,2026-07-22T05:11:25-04:00,False,,/technology/devices/cuando-sale-el-iphone-18-y-que-cambios-traera-el-nuevo-telefono-de-apple/,6278
Elba Reyes,¿Cómo será el iPhone 18 Pro? Todo sobre las polémicas modificaciones físicas que planea Apple,devices,2026-07-14T17:31:18-04:00,False,,/technology/devices/como-sera-el-iphone-18-pro-todo-sobre-las-polemicas-modificaciones-fisicas-que-planea-apple/,5743
Andrea Mercedes,Resultados de Leidsa del miércoles 1 de julio de 2026 en República Dominicana,actualidad,2026-07-02T10:01:06-04:00,False,,/actualidad/resultados-de-leidsa-del-miercoles-1-de-julio-de-2026-en-republica-dominicana/,5457
Andrea Mercedes,¿Qué es la Autopista del Ámbar? Así será la obra que conectará Santiago y Puerto Plata,daily news,2026-07-13T11:54:12-04:00,False,,/money-invest/daily-news/autopista-ambar-santiago-puerto-plata-rd/,5325
Elba Reyes,Resultados de Leidsa del sábado 18 de julio de 2026 en República Dominicana,actualidad,2026-07-19T12:55:08-04:00,False,,/actualidad/resultados-de-leidsa-del-sabado-18-de-julio-de-2026-en-republica-dominicana/,5170
Elba Reyes,Mundial 2026 ¿Por qué piden repetir la final del Mundial entre Argentina y Francia?,actualidad,2026-07-22T12:44:32-04:00,False,,/actualidad/mundial-2026-por-que-piden-repetir-la-final-del-mundial-entre-argentina-y-francia/,5169
Elba Reyes,¿De quién son las Malvinas realmente? Las claves para entender la disputa entre Argentina y el Reino Unido,daily news,2026-07-16T13:13:52-04:00,False,,/money-invest/daily-news/de-quien-son-las-malvinas-realmente-las-claves-para-entender-la-disputa-entre-argentina-y-el-reino-unido/,5140
Elba Reyes,¿Quién ganará la Copa del Mundo 2026? Así marcha el power ranking de selecciones en los cuartos de final,sport business,2026-07-10T15:41:10-04:00,False,,/empresas/sport-business/quien-ganara-la-copa-del-mundo-2026-asi-marcha-el-power-ranking-de-selecciones-en-los-cuartos-de-final/,5111
Elba Reyes,Mundial 2026: así quedó el cuadro de los octavos de final tras los últimos resultados,sport business,2026-07-03T11:59:24-04:00,False,,/empresas/sport-business/mundial-2026-asi-quedo-el-cuadro-de-los-octavos-de-final-tras-los-ultimos-resultados/,4631
Andrea Mercedes,"¿Cuántos partidos le quedan al Mundial 2026? Fechas, horarios y el calendario oficial de la fase final",sport business,2026-07-08T17:47:57-04:00,False,,/money-invest/daily-news/cuantos-partidos-le-quedan-al-mundial-2026-fechas-horarios-y-el-calendario-oficial-de-la-fase-final/,4367
Jhojhanni Fiorini,Resultados de las loterías del 29 de junio de 2026 en República Dominicana,actualidad,2026-06-30T10:21:54-04:00,False,,/actualidad/resultados-de-las-loterias-del-29-de-junio-de-2026-en-republica-dominicana-2/,4272
Andrea Mercedes,Resultados de Leidsa del miércoles 22 de julio de 2026 en República Dominicana,actualidad,2026-07-23T08:28:52-04:00,False,,/actualidad/resultados-de-leidsa-del-miercoles-22-de-julio-de-2026-en-republica-dominicana/,4177
Jhojhanni Fiorini,Resultados de las loterías del 12 de julio de 2026 en República Dominicana,actualidad,2026-07-13T09:41:33-04:00,False,,/actualidad/resultados-de-las-loterias-del-12-de-julio-de-2026-en-republica-dominicana/,4160
Elba Reyes,¿Por qué los días en la Tierra pasarán a durar 25 horas y a partir de qué fecha según la ciencia?,actualidad,2026-07-24T16:13:01-04:00,False,,/actualidad/por-que-los-dias-en-la-tierra-pasaran-a-durar-25-horas-y-a-partir-de-que-fecha-segun-la-ciencia/,4157
Andrea Mercedes,Resultados de Leidsa del miércoles 29 de julio de 2026 en República Dominicana,actualidad,2026-07-30T08:39:13-04:00,False,,/actualidad/resultados-de-leidsa-del-miercoles-29-de-julio-de-2026-en-republica-dominicana/,3950
Jhojhanni Fiorini,Resultados de las loterías del 02 de julio de 2026 en República Dominicana,actualidad,2026-07-03T07:14:24-04:00,False,,/actualidad/resultados-de-las-loterias-del-02-de-julio-de-2026-en-republica-dominicana/,3897
Elba Reyes,El equipo ideal del Mundial 2026: Los jugadores elegidos por la FIFA,sport business,2026-07-23T16:15:27-04:00,False,,/empresas/sport-business/el-equipo-ideal-del-mundial-2026-los-jugadores-elegidos-por-la-fifa/,3847
Jhojhanni Fiorini,Resultados de las loterías del 28 de julio de 2026 en República Dominicana,actualidad,2026-07-29T08:07:26-04:00,False,,/actualidad/resultados-de-las-loterias-del-28-de-julio-de-2026-en-republica-dominicana/,3841
Elba Reyes,¿Quiénes son los favoritos para ganar el Balón de Oro 2026 y cuáles son sus estadísticas?,actualidad,2026-07-23T12:53:18-04:00,False,,/actualidad/quienes-son-los-favoritos-para-ganar-el-balon-de-oro-2026-y-cuales-son-sus-estadisticas/,3749
Elba Reyes,"Mundial de Fútbol 2030: Dónde se jugará, sedes confirmadas y cuándo empieza el torneo centenario",sport business,2026-07-15T16:17:33-04:00,False,,/empresas/sport-business/mundial-de-futbol-2030-donde-se-jugara-sedes-confirmadas-y-cuando-empieza-el-torneo-centenario/,3739
Andrea Mercedes,Abinader promulga la reforma fiscal: estas son las principales medidas de la Ley 30-26,daily news,2026-06-19T09:06:25-04:00,False,,/money-invest/daily-news/abinader-promulga-la-reforma-fiscal-estas-son-las-principales-medidas-de-la-ley-30-26/,3627
Andrea Mercedes,Resultados de Leidsa del sábado 11 de julio de 2026 en República Dominicana,actualidad,2026-07-12T09:10:13-04:00,False,,/actualidad/resultados-de-leidsa-del-sabado-11-de-julio-de-2026-en-republica-dominicana/,3409
Elba Reyes,Países a los que puedes viajar sin visa desde República Dominicana en abril 2026,turismo,2026-04-10T12:30:30-04:00,False,,/turismo/paises-a-los-que-puedes-viajar-sin-visa-desde-republica-dominicana-en-abril-2026/,3362
Andrea Mercedes,¿Por dónde pasará el Monorriel de Santo Domingo? Los cambios de Fitram en el diseño de la obra,daily news,2026-07-14T11:45:03-04:00,False,,/money-invest/daily-news/monorriel-santo-domingo-cambia-ruta-nuevo-trazado/,3331
Jhojhanni Fiorini,Resultados de las loterías del 07 de julio de 2026 en República Dominicana,actualidad,2026-07-08T08:28:23-04:00,False,,/actualidad/resultados-de-las-loterias-del-07-de-julio-de-2026-en-republica-dominicana/,3306
Jhojhanni Fiorini,Resultados de las loterías del 09 de julio de 2026 en República Dominicana,actualidad,2026-07-10T09:07:11-04:00,False,,/actualidad/resultados-de-las-loterias-del-09-de-julio-de-2026-en-republica-dominicana/,3230
Jhojhanni Fiorini,Resultados de las loterías del 15 de julio de 2026 en República Dominicana,actualidad,2026-07-16T08:36:56-04:00,False,,/actualidad/resultados-de-las-loterias-del-15-de-julio-de-2026-en-republica-dominicana/,3229
Jhojhanni Fiorini,Resultados de las loterías del 05 de julio de 2026 en República Dominicana,actualidad,2026-07-06T08:09:55-04:00,False,,/actualidad/resultados-de-las-loterias-del-05-de-julio-de-2026-en-republica-dominicana/,3217
Andrea Mercedes,Resultados de Leidsa del sábado 27 de junio de 2026,actualidad,2026-06-28T09:15:21-04:00,False,,/actualidad/resultados-de-leidsa-del-sabado-27-de-junio-de-2026/,3168
Edwin Lozada,España hace historia en el Mundial 2026: los cinco récords que rompió tras vencer a Argentina,sport business,2026-07-19T19:15:32-04:00,False,,/money-invest/daily-news/records-espana-campeona-mundial-2026-2/,3124
Andrea Mercedes,Cierres viales por el túnel de la Plaza de la Bandera: Rutas alternas y desvíos hoy,noticias rd,2026-07-01T14:50:10-04:00,False,,/actualidad/cierres-viales-por-el-tunel-de-la-plaza-de-la-bandera-rutas-alternas-y-desvios-hoy/,3035
Andrea Mercedes,Resultados de Leidsa del miércoles 15 de julio de 2026 en República Dominicana,actualidad,2026-07-16T09:06:34-04:00,False,,/actualidad/resultados-de-leidsa-del-miercoles-15-de-julio-de-2026-en-republica-dominicana/,3003
Elba Reyes,Las mejores playas de Latinoamérica 2026: ¿Por qué República Dominicana lidera el ranking mundial?,turismo,2026-07-02T16:36:56-04:00,False,,/turismo/las-mejores-playas-de-latinoamerica-2026-por-que-republica-dominicana-lidera-el-ranking-mundial/,2969
Jhojhanni Fiorini,"Partidos del Mundial 2026 HOY, martes 7 de julio: horarios y dónde ver fútbol en vivo",actualidad,2026-07-07T09:33:38-04:00,False,,/actualidad/partidos-del-mundial-2026-hoy-martes-7-de-julio-horarios-y-donde-ver-futbol-en-vivo/,2853
Jhojhanni Fiorini,Resultados de las loterías del 06 de julio de 2026 en República Dominicana,actualidad,2026-07-07T09:24:10-04:00,False,,/actualidad/resultados-de-las-loterias-del-06-de-julio-de-2026-en-republica-dominicana/,2825
Andrea Mercedes,¿Japón predijo el terremoto de Venezuela? El informe de hace 20 años que el gobierno ignoró,daily news,2026-07-02T12:16:16-04:00,False,,/money-invest/daily-news/japon-predijo-el-terremoto-de-venezuela-el-informe-de-hace-20-anos-que-el-gobierno-ignoro/,2761
Jhojhanni Fiorini,Resultados de las loterías del 19 de julio de 2026 en República Dominicana,actualidad,2026-07-20T08:52:28-04:00,False,,/actualidad/resultados-de-las-loterias-del-19-de-julio-de-2026-en-republica-dominicana/,2730
Andrea Mercedes,Expertos sísmicos advierten que República Dominicana está en espera de un gran terremoto,daily news,2026-07-16T13:33:01-04:00,False,,/money-invest/daily-news/expertos-advierten-gran-terremoto-republica-dominicana/,2727
Elba Reyes,Cómo saber si te bloquearon en WhatsApp: las señales que sí lo confirman,technology,2026-02-10T16:21:32-04:00,False,,/technology/como-saber-si-te-bloquearon-en-whatsapp-las-senales-que-si-lo-confirman/,2680
Elba Reyes,¿En qué colores saldrá el iPhone 18 Pro Max? Las filtraciones del nuevo celular,devices,2026-07-31T16:14:50-04:00,False,,/technology/devices/en-que-colores-saldra-el-iphone-18-pro-max-las-filtraciones-del-nuevo-celular/,2579
Jhojhanni Fiorini,Resultados de las loterías del 28 de junio de 2026 en República Dominicana,actualidad,2026-06-29T08:46:03-04:00,False,,/actualidad/resultados-de-las-loterias-del-28-de-junio-de-2026-en-republica-dominicana/,2543
Elba Reyes,¿Hay escena post-créditos en «La Odisea»? Esto debes saber antes de salir del cine,actualidad,2026-07-22T11:55:21-04:00,False,,/actualidad/hay-escena-post-creditos-en-la-odisea-esto-debes-saber-antes-de-salir-del-cine/,2427
Andrea Mercedes,Resultados de Leidsa del sábado 25 de julio de 2026 en República Dominicana,actualidad,2026-07-26T09:43:08-04:00,False,,/actualidad/resultados-de-leidsa-del-sabado-25-de-julio-de-2026-en-republica-dominicana/,2423
Elba Reyes,¿Tiembla el Caribe? Lo que se sabe de los temblores registrados en la zona sur de RD,daily news,2026-07-02T13:05:02-04:00,False,,/money-invest/daily-news/tiembla-el-caribe-lo-que-se-sabe-de-los-temblores-registrados-en-la-zona-sur-de-rd/,2401
Jhojhanni Fiorini,Resultados de las loterías del 13 de julio de 2026 en República Dominicana,actualidad,2026-07-14T09:09:08-04:00,False,,/actualidad/resultados-de-las-loterias-del-13-de-julio-de-2026-en-republica-dominicana/,2307
Jhojhanni Fiorini,¿Cuánto dinero gana el campeón del Mundial 2026? El millonario premio de la FIFA bajo la lupa,sport business,2026-07-15T16:15:52-04:00,False,,/empresas/sport-business/cuanto-dinero-gana-el-campeon-del-mundial-2026-el-millonario-premio-de-la-fifa-bajo-la-lupa/,2297
Elba Reyes,Cómo verificar en qué dispositivos está abierta tu cuenta de WhatsApp,technology,2026-03-03T17:00:49-04:00,False,,/technology/como-verificar-en-que-dispositivos-esta-abierta-tu-cuenta-de-whatsapp/,2210
Andrea Mercedes,Resultados de Leidsa del miércoles 8 de julio de 2026 en República Dominicana,actualidad,2026-07-09T09:52:31-04:00,False,,/actualidad/resultados-de-leidsa-del-miercoles-8-de-julio-de-2026-en-republica-dominicana/,2177
Edwin Lozada,Agenda de hoy en Santo Domingo 2026: los deportes que buscarán medallas este domingo,sport business,2026-07-26T09:33:12-04:00,False,,/empresas/sport-business/agenda-hoy-juegos-centroamericanos-santo-domingo-2026/,2141
Andrea Mercedes,Exigen la renuncia de Gianni Infantino tras el escándalo de la FIFA con Donald Trump en el Mundial 2026,sport business,2026-07-10T15:44:52-04:00,False,,/money-invest/daily-news/renuncia-gianni-infantino-escandalo-fifa-trump-mundial-2026/,2060
Andrea Mercedes,Caída de Altice hoy en República Dominicana: ¿Qué pasa con las llamadas e internet?,daily news,2026-07-02T11:10:22-04:00,False,,/money-invest/daily-news/caida-de-altice-hoy-en-republica-dominicana-que-pasa-con-las-llamadas-e-internet/,2031
Jhojhanni Fiorini,"¿Cuándo sale el Samsung Galaxy S27, cuánto costará y qué cambios trae?",devices,2026-06-30T09:18:24-04:00,False,,/empresas/cuando-sale-el-samsung-galaxy-s27-cuanto-costara-y-que-cambios-trae/,2001
Andrea Mercedes,¿Cómo ver y qué saber sobre los Juegos Centroamericanos y del Caribe Santo Domingo 2026 en RD?,sport business,2026-07-24T11:40:08-04:00,False,,/money-invest/daily-news/como-ver-juegos-centroamericanos-santo-domingo-2026-rd/,1942
Elba Reyes,Calendario lunar julio 2026: Mejores días para cortarse el cabello y depilarse,actualidad,2026-06-30T12:32:00-04:00,False,,/actualidad/calendario-lunar-julio-2026-mejores-dias-para-cortarse-el-cabello-y-depilarse/,1936
Elba Reyes,Juegos Centroamericanos Santo Domingo 2026: dominicanos que compiten hoy y sus horarios,sport business,2026-07-27T11:51:51-04:00,False,,/empresas/sport-business/juegos-centroamericanos-santo-domingo-2026-dominicanos-que-compiten-hoy-y-sus-horarios/,1902
Andrea Mercedes,Elecciones presidenciales en Brasil 2026: Quién va ganando entre Lula y Bolsonaro,daily news,2026-07-07T17:05:34-04:00,False,,/money-invest/daily-news/elecciones-presidenciales-en-brasil-2026-quien-va-ganando-entre-lula-y-bolsonaro/,1858
Elba Reyes,¿A qué hora empieza la inauguración de los Juegos Centroamericanos Santo Domingo 2026 y dónde verla en RD?,actualidad,2026-07-24T14:49:24-04:00,False,,/actualidad/a-que-hora-empieza-la-inauguracion-de-los-juegos-centroamericanos-santo-domingo-2026-y-donde-verla-en-rd/,1848
Jhojhanni Fiorini,¿Cuánto dinero gana una selección por clasificar a octavos de final del Mundial 2026?,sport business,2026-07-02T16:02:45-04:00,False,,/empresas/sport-business/cuanto-dinero-gana-una-seleccion-por-clasificar-a-octavos-de-final-del-mundial-2026/,1803
Elba Reyes,"Cuadro de octavos de final del Mundial 2026: Partidos, cruces y fechas confirmadas",sport business,2026-07-02T11:12:29-04:00,False,,/empresas/sport-business/cuadro-de-octavos-de-final-del-mundial-2026-partidos-cruces-y-fechas-confirmadas/,1740
Andrea Mercedes,El Monorriel de Santo Domingo y el Sistema de Santiago liderarán el presupuesto de 2027,daily news,2026-07-07T13:15:30-04:00,False,,/money-invest/daily-news/el-monorriel-de-santo-domingo-y-el-sistema-de-santiago-lideraran-el-presupuesto-de-2027/,1667
Elba Reyes,¿Cuánto costará el iPhone 18 Pro Max en República Dominicana? Filtraciones de su precio estimado,devices,2026-07-15T17:37:25-04:00,False,,/technology/devices/cuanto-costara-el-iphone-18-pro-max-en-republica-dominicana-filtraciones-de-su-precio-estimado/,1662
Jhojhanni Fiorini,Filtración del iPhone 18 Pro: Imágenes revelan su aspecto real y nuevo color,devices,2026-07-07T17:21:57-04:00,False,,/technology/devices/filtracion-del-iphone-18-pro-imagenes-revelan-su-aspecto-real-y-nuevo-color/,1651
Andrea Mercedes,Reforma fiscal Ley 30-26: ¿A partir de qué salario se paga impuesto y qué productos suben de precio en RD?,daily news,2026-06-23T14:47:33-04:00,False,,/money-invest/daily-news/reforma-fiscal-ley-30-26-a-partir-de-que-salario-se-paga-impuesto-y-que-productos-suben-de-precio-en-rd/,1614
Andrea Mercedes,¿Cómo está el sargazo en Punta Cana y el Caribe dominicano? Estado actual de las costas en julio de 2026,experiencias,2026-07-09T13:16:31-04:00,False,,/lifestyle/como-esta-el-sargazo-en-punta-cana-y-el-caribe-dominicano-estado-actual-de-las-costas-en-julio-de-2026/,1614
Elba Reyes,Mundial 2026: conoce los cruces confirmados de los Octavos de Final tras los partidos de hoy,sport business,2026-07-06T09:16:40-04:00,False,,/empresas/sport-business/mundial-2026-conoce-los-cruces-confirmados-de-los-octavos-de-final-tras-los-partidos-de-hoy/,1602
Andrea Mercedes,El adiós definitivo: Por qué Di María decidió no estar en el Mundial 2026,sport business,2026-05-18T18:04:42-04:00,False,,/money-invest/daily-news/el-adios-definitivo-por-que-di-maria-decidio-no-estar-en-el-mundial-2026/,1602
Elba Reyes,¿Es posible que alguien vea mis conversaciones de WhatsApp?,devices,2026-05-20T15:43:14-04:00,False,,/technology/devices/es-posible-que-alguien-vea-mis-conversaciones-de-whatsapp/,1591
Jhojhanni Fiorini,Resultados de las loterías del 14 de julio de 2026 en República Dominicana,actualidad,2026-07-15T09:04:33-04:00,False,,/actualidad/resultados-de-las-loterias-del-14-de-julio-de-2026-en-republica-dominicana/,1588
Elba Reyes,"Tensión en el Mundial 2026: Los detalles del incómodo cruce entre Shakira, Piqué y Clara Chía",actualidad,2026-07-20T14:33:51-04:00,False,,/actualidad/tension-en-el-mundial-2026-los-detalles-del-incomodo-cruce-entre-shakira-pique-y-clara-chia/,1580
Andrea Mercedes,El nuevo gigante aéreo del continente: Así es la Ciudad Aeropuerto diseñada para 40 millones de pasajeros,daily news,2026-07-27T16:07:29-04:00,False,,/money-invest/daily-news/ciudad-aeropuerto-jorge-chavez-lima-40-millones-pasajeros/,1574
Elba Reyes,¿Dónde ver el Mundial 2026 en República Dominicana gratis?,devices,2026-06-12T12:18:07-04:00,False,,/technology/devices/donde-ver-el-mundial-2026-en-republica-dominicana-gratis/,1567
Elba Reyes,Estos son los países a los que los dominicanos pueden viajar sin visa en 2026,lifestyle,2026-01-22T16:03:05-04:00,False,,/lifestyle/estos-son-los-paises-a-los-que-los-dominicanos-pueden-viajar-sin-visa-en-2026/,1553
Jhojhanni Fiorini,El iPhone 18 Pro será más grueso: Las filtraciones revelan las medidas exactas y el nuevo tamaño de su batería,devices,2026-07-08T16:00:13-04:00,False,,/technology/devices/el-iphone-18-pro-sera-mas-grueso-las-filtraciones-revelan-las-medidas-exactas-y-el-nuevo-tamano-de-su-bateria/,1491
Elba Reyes,¿Me han bloqueado en WhatsApp? El truco definitivo para confirmarlo en 2026,devices,2026-05-14T13:11:43-04:00,False,,/technology/devices/me-han-bloqueado-en-whatsapp-el-truco-definitivo-para-confirmarlo-en-2026/,1464
Jhojhanni Fiorini,Resultados de las loterías del 30 de julio de 2026 en República Dominicana,actualidad,2026-07-31T08:16:51-04:00,False,,/actualidad/resultados-de-las-loterias-del-30-de-julio-de-2026-en-republica-dominicana/,1434
Jhojhanni Fiorini,Se filtra el iPhone 18 Pro: Un cuarto color «sorpresa» llegará al nuevo buque insignia de Apple,devices,2026-07-21T13:42:03-04:00,False,,/technology/devices/se-filtra-el-iphone-18-pro-un-cuarto-color-sorpresa-llegara-al-nuevo-buque-insignia-de-apple/,1433
Andrea Mercedes,Rescate de niño de 3 años en el terremoto de Venezuela: Sobrevivió 140 horas bajo escombros,daily news,2026-07-01T17:06:57-04:00,False,,/money-invest/daily-news/rescate-de-nino-de-3-anos-en-el-terremoto-de-venezuela-sobrevivio-140-horas-bajo-escombros/,1417
Andrea Mercedes,¿Quiénes serían los artistas del Festival Presidente 2026 en diciembre en Santo Domingo?,experiencias,2026-06-26T15:38:46-04:00,False,,/lifestyle/quienes-serian-los-artistas-del-festival-presidente-2026-en-diciembre-en-santo-domingo/,1386
Elba Reyes,Qué debes saber sobre el cambio de la cédula en República Dominicana,daily news,2026-01-30T14:22:02-04:00,False,,/money-invest/daily-news/que-debes-saber-sobre-el-cambio-de-la-cedula-en-republica-dominicana/,1355
Elba Reyes,"Mundial 2026: cruces de semifinales, equipos clasificados y fechas de los partidos",sport business,2026-07-10T10:46:02-04:00,False,,/empresas/sport-business/mundial-2026-cruces-de-semifinales-equipos-clasificados-y-fechas-de-los-partidos/,1308
Elba Reyes,WhatsApp: Cómo funciona el código secreto para esconder conversaciones,devices,2026-05-14T17:02:14-04:00,False,,/technology/devices/modo-infiel-en-whatsapp-como-funciona-el-codigo-secreto-para-esconder-conversaciones/,1299
Elba Reyes,¿Qué documentos necesitas para la nueva cédula en RD? Pasos y requisitos,daily news,2026-04-16T15:00:40-04:00,False,,/money-invest/daily-news/que-documentos-necesitas-para-la-nueva-cedula-en-rd-pasos-y-requisitos/,1292
Elba Reyes,¿Qué significa «centro de llegada» en Temu y por qué tu pedido se queda ahí?,technology,2026-02-05T15:34:29-04:00,False,,/technology/que-significa-centro-de-llegada-en-temu-y-por-que-tu-pedido-se-queda-ahi/,1283
Elba Reyes,¿Merecerá la pena comprar el iPhone 18? Dos funciones clave de IA se quedan fuera,devices,2026-07-06T17:16:15-04:00,False,,/technology/devices/merecera-la-pena-comprar-el-iphone-18-dos-funciones-clave-de-ia-se-quedan-fuera/,1271
Elba Reyes,Lista oficial de Samsung: Los 25 Galaxy que actualizarán a One UI 9 y Android 17,devices,2026-07-02T15:53:12-04:00,False,,/technology/devices/lista-oficial-de-samsung-los-25-galaxy-que-actualizaran-a-one-ui-9-y-android-17/,1248
Rodrigo Muñoz,Estas son las tarjetas de crédito más exclusivas del mundo,finanzas,2025-02-24T15:43:41-04:00,False,,/market-brief/finanzas/estas-son-las-tarjetas-de-credito-mas-exclusivas-del-mundo/,1247
Andrea Mercedes,"¿En qué consiste la Ley de Residuos Sólidos? Claves, multas y todo sobre la regulación de basura en RD",daily news,2026-07-14T15:15:15-04:00,False,,/money-invest/daily-news/ley-residuos-solidos-rd-ley-36-26-cambios-contribuciones/,1231
Elba Reyes,Tabla de goleadores del Mundial 2026: Quién lidera la Bota de Oro,sport business,2026-07-06T15:51:40-04:00,False,,/empresas/sport-business/tabla-de-goleadores-del-mundial-2026-quien-lidera-la-bota-de-oro/,1207
Andrea Mercedes,¿Cómo cambia la ley de la Policía Nacional en RD? Los nuevos límites de las requisas y los rangos modificados,daily news,2026-07-10T11:15:22-04:00,False,,/money-invest/daily-news/como-cambia-la-ley-de-la-policia-nacional-en-rd-los-nuevos-limites-de-las-requisas-y-los-rangos-modificados/,1186
Jhojhanni Fiorini,Ranking de divisas 2026: Las monedas más fuertes y débiles de América Latina,internacional,2026-06-01T17:12:07-04:00,False,,/money-invest/internacional-economia/ranking-de-divisas-2026-las-monedas-mas-fuertes-y-debiles-de-america-latina/,1168
Jhojhanni Fiorini,Países más endeudados con el FMI en Latinoamérica 2026: Así quedó el ranking,internacional,2026-07-03T15:34:17-04:00,False,,/money-invest/daily-news/paises-mas-endeudados-con-el-fmi-en-latinoamerica-2026-asi-quedo-el-ranking/,1140
Rodrigo Muñoz,Las marcas de lujo más valiosas en 2024,empresas,2024-09-18T13:54:07-04:00,False,,/empresas/las-marcas-de-lujo-mas-valiosas-en-2024/,1102
Andrea Mercedes,¿Se dejará de pagar con tarjeta en las gasolineras? Anadegas anuncia protesta por altas comisiones bancarias,daily news,2026-07-01T11:29:08-04:00,False,,/money-invest/daily-news/se-dejara-de-pagar-con-tarjeta-en-las-gasolineras-anadegas-anuncia-protesta-por-altas-comisiones-bancarias/,1095
Andrea Mercedes,¿Quién es Rubén Vargas? El futbolista de origen dominicano que clasificó a Suiza en el Mundial 2026,sport business,2026-07-08T15:58:06-04:00,False,,/money-invest/daily-news/quien-es-ruben-vargas-el-futbolista-de-origen-dominicano-que-clasifico-a-suiza-en-el-mundial-2026/,1060
Ana Sosa,"Noruega vs. Inglaterra, Mundial 2026: una tardó 28 años en volver; la otra lleva 60 intentando ser campeona de nuevo",sport business,2026-07-11T08:00:57-04:00,False,,/empresas/sport-business/noruega-vs-inglaterra-mundial-2026-una-tardo-28-anos-en-volver-la-otra-lleva-60-intentando-ser-campeona-de-nuevo/,1036
Edwin Lozada,¿Cuánto ganó España por conquistar el Mundial 2026?,sport business,2026-07-19T18:44:20-04:00,False,,/money-invest/daily-news/cuanto-gano-espana-mundial-2026/,1029
Andrea Mercedes,¿Qué significa que Uber compre PedidosYa? Así cambia el mercado del delivery en América Latina,daily news,2026-07-17T09:38:23-04:00,False,,/money-invest/daily-news/uber-compra-pedidosya-delivery-america-latina/,1014
Andrea Mercedes,"Santo Domingo recibe los Juegos Centroamericanos 2026: guía con calendario, boletos y sedes",sport business,2026-07-23T10:45:17-04:00,False,,/money-invest/daily-news/juegos-centroamericanos-santo-domingo-2026-guia-calendario-boletos-sedes/,982
Jhojhanni Fiorini,Precios del Galaxy Z Fold 8 y Z Flip 8: La filtración que confirma un fuerte aumento,devices,2026-07-03T15:14:34-04:00,False,,/technology/devices/precios-del-galaxy-z-fold-8-y-z-flip-8-la-filtracion-que-confirma-un-fuerte-aumento/,979
Jhojhanni Fiorini,Resultados de las loterías del 17 de junio de 2026 en República Dominicana,actualidad,2026-06-18T09:17:12-04:00,False,,/actualidad/resultados-de-las-loterias-del-17-de-junio-de-2026-en-republica-dominicana/,978
Jhojhanni Fiorini,Ranking de los países más corruptos de Latinoamérica en 2026,internacional,2026-02-12T10:59:27-04:00,False,,/money-invest/internacional-economia/ranking-de-los-paises-mas-corruptos-de-latinoamerica-en-2026/,973
Elba Reyes,¿Cómo saber si leyeron mi mensaje sin el doble check azul? Trucos de WhatsApp 2026,devices,2026-05-22T11:14:21-04:00,False,,/technology/devices/como-saber-si-leyeron-mi-mensaje-sin-el-doble-check-azul-trucos-de-whatsapp-2026/,962
Andrea Mercedes,Monorriel de Santo Domingo: cuándo comenzarán las obras y cómo será la primera etapa,daily news,2026-06-24T09:14:34-04:00,False,,/money-invest/daily-news/monorriel-de-santo-domingo-cuando-comenzaran-las-obras-y-como-sera-la-primera-etapa/,956
Andrea Mercedes,¿Qué cambia en la justicia dominicana? Desglose de los artículos clave del nuevo Código Penal,daily news,2026-07-22T15:19:59-04:00,False,,/money-invest/daily-news/cambios-nuevo-codigo-penal-republica-dominicana-2026/,955
Andrea Mercedes,¿Se alteró el Escudo Nacional? La verdad detrás de la polémica por el nuevo diseño de la cédula dominicana,daily news,2026-07-17T15:06:19-04:00,False,,/money-invest/daily-news/escudo-nacional-nueva-cedula-dominicana/,946
Karime Rivas,Rita Abinader como puente de la solidaridad regional: una misión humanitaria que conectó a República Dominicana y Venezuela,leadership,2026-06-30T20:02:55-04:00,False,,/mercado-women/leadership/rita-abinader-mision-humanitaria/,908
Andrea Mercedes,Resultados de Leidsa del miércoles 24 de junio de 2026,actualidad,2026-06-25T09:12:36-04:00,False,,/actualidad/resultados-de-leidsa-del-miercoles-24-de-junio-de-2026/,905
Jhojhanni Fiorini,Los países más ricos de Latinoamérica por PIB per cápita en 2026,money invest,2026-02-21T09:16:30-04:00,False,,/money-invest/los-paises-mas-ricos-de-latinoamerica-por-pib-per-capita-en-2026/,878
Jhojhanni Fiorini,Filtraciones del iPhone 18 en internet: Los cambios secretos que causan la molestia de Apple,devices,2026-07-20T11:44:41-04:00,False,,/technology/devices/filtraciones-del-iphone-18-en-internet-los-cambios-secretos-que-causan-la-molestia-de-apple/,860
SIN_AUTOR,,,,False,404 Client Error: Not Found for url: https://revistamercado.do/business/prueba-desarrollo-daily-new-2026-estados-unidos-anuncia-aranceles-del-50/,/business/prueba-desarrollo-daily-new-2026-estados-unidos-anuncia-aranceles-del-50/,855
Jhojhanni Fiorini,iPhone 17 vs iPhone 18 Pro Max: qué cambia y si vale la pena esperar,technology,2026-04-13T13:47:20-04:00,False,,/technology/iphone-17-vs-iphone-18-pro-max-que-cambia-y-si-vale-la-pena-esperar/,853
Andrea Mercedes,¿Cómo circular por la Plaza de la Bandera? Estos son los cambios en el tránsito por el nuevo túnel,daily news,2026-07-17T11:48:55-04:00,False,,/money-invest/daily-news/tunel-luperon-cambios-transito-santo-domingo/,853
Jhojhanni Fiorini,Resultados de la lotería nacional del lunes 27 de abril de 2026,actualidad,2026-04-28T08:46:15-04:00,False,,/actualidad/resultados-de-la-loteria-nacional-del-lunes-27-de-abril-de-2026/,851
Jhojhanni Fiorini,Resultados de las loterías del 15 de junio de 2026 en República Dominicana,actualidad,2026-06-16T08:25:27-04:00,False,,/actualidad/resultados-de-las-loterias-del-15-de-junio-de-2026-en-republica-dominicana/,849
Elba Reyes,Link oficial para consultar el Bono Madre 2026: Verifica con tu cédula si eres beneficiaria,daily news,2026-05-26T13:11:36-04:00,False,,/money-invest/daily-news/link-oficial-para-consultar-el-bono-madre-2026-verifica-con-tu-cedula-si-eres-beneficiaria/,847
SIN_AUTOR,,,,False,,/rankings_cat/mejores-empresas-para-trabajar-en-rd/,839
Andrea Mercedes,"¿Cómo renovar la licencia de conducir en RD? Pasos, citas, oficinas y cuánto tarda el proceso",daily news,2026-06-25T16:47:33-04:00,False,,/money-invest/daily-news/como-renovar-la-licencia-de-conducir-en-rd-pasos-citas-oficinas-y-cuanto-tarda-el-proceso/,829
Andrea Mercedes,¿Qué reveló la NASA sobre el terremoto en Venezuela? Así se movió la superficie terrestre,daily news,2026-07-14T10:02:15-04:00,False,,/money-invest/daily-news/nasa-terremoto-venezuela-superficie-terrestre-nisar/,828
Edwin Lozada,La increíble coincidencia del libro que coronó a España antes del Mundial 2026,sport business,2026-07-19T18:59:47-04:00,False,,/money-invest/daily-news/libro-predijo-espana-campeona-mundial-2026/,827
Elba Reyes,Cierres de calles por Santo Domingo 2026: Guía para evitar el tránsito en el Centro Olímpico,daily news,2026-07-24T11:04:19-04:00,False,,/money-invest/daily-news/cierres-de-calles-por-santo-domingo-2026-guia-para-evitar-el-transito-en-el-centro-olimpico/,811
Elba Reyes,iPhone 18: La estrategia poco habitual que evaluaría Apple para sus próximos celulares,devices,2026-07-28T16:59:02-04:00,False,,/technology/devices/iphone-18-la-estrategia-poco-habitual-que-evaluaria-apple-para-sus-proximos-celulares/,798
Elba Reyes,Mhoni Vidente lanza su predicción para el España vs. Argentina en la final del Mundial 2026,actualidad,2026-07-16T16:28:25-04:00,False,,/actualidad/mhoni-vidente-lanza-su-prediccion-para-el-espana-vs-argentina-en-la-final-del-mundial-2026/,793
Elba Reyes,La final del Mundial 2026 ya está definida: España vs. Argentina; cuándo y dónde verla en RD,sport business,2026-07-15T17:16:50-04:00,False,,/empresas/sport-business/la-final-del-mundial-2026-ya-esta-definida-espana-vs-argentina-cuando-y-donde-verla-en-rd/,781
Elba Reyes,Ni trampas ni veneno: este es el truco natural para ahuyentar las ratas de su casa,actualidad,2026-04-30T15:02:36-04:00,False,,/actualidad/ni-trampas-ni-veneno-este-es-el-truco-natural-para-ahuyenta-las-ratas-de-su-casa/,773
Elba Reyes,Cómo volver a ver fotos de un solo uso en WhatsApp con este truco oculto,technology,2026-03-20T13:53:23-04:00,False,,/technology/como-volver-a-ver-fotos-de-un-solo-uso-en-whatsapp-con-este-truco-oculto/,755
Andrea Mercedes,¿Cuánto recibirán los atletas dominicanos por ganar una medalla en los Juegos Centroamericanos y del Caribe Santo Domingo 2026?,república dominicana,2026-07-27T11:39:07-04:00,False,,/empresas/sport-business/incentivos-atletas-juegos-centroamericanos-2026-rd/,738
Miguel Vega,Argentina vs. Inglaterra en el Mundial 2026: la historia detrás de una rivalidad que marcó el fútbol,sport business,2026-07-15T04:00:48-04:00,True,,/empresas/sport-business/argentina-vs-inglaterra-mundial-2026-historia-rivalidad/,734
Jhojhanni Fiorini,iPhone 18 Pro: Razones clave para cambiar tu iPhone viejo y dar el salto generacional,devices,2026-07-30T13:43:13-04:00,False,,/technology/devices/iphone-18-pro-razones-clave-para-cambiar-tu-iphone-viejo-y-dar-el-salto-generacional/,734
Elba Reyes,¿Quiénes son los atletas dominicanos que ganaron medalla de oro en los Juegos Centroamericanos 2026?,sport business,2026-07-28T11:26:34-04:00,False,,/empresas/sport-business/quienes-son-los-atletas-dominicanos-que-ganaron-medalla-de-oro-en-los-juegos-centroamericanos-2026/,732
Elba Reyes,¿Cuántos goles le faltan a Messi para ser el máximo goleador de la historia del Mundial? El récord de Klose,sport business,2026-07-08T15:38:08-04:00,False,,/empresas/sport-business/cuantos-goles-le-faltan-a-messi-para-ser-el-maximo-goleador-de-la-historia-del-mundial-el-record-de-klose/,730
Andrea Mercedes,Cuándo empiezan los Juegos Centroamericanos y del Caribe Santo Domingo 2026? Fechas y calendario,sport business,2026-07-22T17:22:20-04:00,False,,/money-invest/daily-news/juegos-centroamericanos-caribe-santo-domingo-2026-fechas-calendario/,728
Jhojhanni Fiorini,"Partidos del Mundial 2026 HOY, viernes 3 de julio: horarios en RD, dónde ver fútbol en vivo",actualidad,2026-07-03T07:19:20-04:00,False,,/actualidad/partidos-del-mundial-2026-hoy-viernes-3-de-julio-horarios-en-rd-donde-ver-futbol-en-vivo/,728
revistamercado,Los 13 mejores restaurantes en Santo Domingo,actualidad,2021-12-09T18:15:57-04:00,False,,/actualidad/los-mejores-restaurantes-rd/,698
Jhojhanni Fiorini,¿Por qué Apple recortará costes en la pantalla del iPhone 18 Pro y cómo afectará su precio final?,devices,2026-07-27T16:54:18-04:00,False,,/technology/devices/por-que-apple-recortara-costes-en-la-pantalla-del-iphone-18-pro-y-como-afectara-su-precio-final/,698
Agatha Thomas,Ranking global: los 20 países con los impuestos más altos del mundo,empresas,2026-01-30T13:52:44-04:00,False,,/empresas/ranking-global-los-20-paises-con-los-impuestos-mas-altos-del-mundo/,682
Darling Gil,La edición que celebra a los líderes de la innovación y el emprendimiento,empresas,2026-07-07T13:47:09-04:00,False,,/empresas/la-edicion-que-celebra-a-los-lideres-de-la-innovacion-y-el-emprendimiento/,680
Andrea Mercedes,¿Quiénes produjeron y diseñaron el show de apertura de los Juegos Centroamericanos Santo Domingo 2026?,república dominicana,2026-07-27T17:24:44-04:00,False,,/empresas/sport-business/show-apertura-juegos-centroamericanos-santo-domingo-2026-produccion/,679
Elba Reyes,¿Cuántas medallas ganó República Dominicana en la quinta jornada de Santo Domingo 2026?,sport business,2026-07-30T12:37:49-04:00,False,,/empresas/sport-business/cuantas-medallas-gano-republica-dominicana-en-la-quinta-jornada-de-santo-domingo-2026/,675
Ana Sosa,Precio del petróleo: por qué el mercado vuelve a temer una nueva crisis energética,business,2026-07-27T10:15:17-04:00,True,,/business/precio-del-petroleo-por-que-el-mercado-vuelve-a-temer-una-nueva-crisis-energetica/,671
Edwin Lozada,República Dominicana queda a dos medallas de una marca histórica en Santo Domingo 2026,sport business,2026-07-26T09:42:43-04:00,False,,/empresas/sport-business/republica-dominicana-1000-medallas-juegos-centroamericanos-2026/,665
Andrea Mercedes,¿Cuántas víctimas dejó el sismo de Venezuela? Balance y mapa de las zonas más afectadas por la tragedia,daily news,2026-07-09T15:50:12-04:00,False,,/money-invest/daily-news/cuantas-victimas-dejo-el-sismo-de-venezuela-balance-y-mapa-de-las-zonas-mas-afectadas-por-la-tragedia/,665
Jhojhanni Fiorini,Ranking: estos son los países con la peor calidad de vida en 2026,money invest,2026-02-26T09:17:34-04:00,False,,/money-invest/ranking-estos-son-los-paises-con-la-peor-calidad-de-vida-en-2026/,655
Jhojhanni Fiorini,"Las 10 ciudades más seguras de Latinoamérica, según el ranking de seguridad",internacional,2026-03-13T10:21:35-04:00,False,,/money-invest/internacional-economia/las-10-ciudades-mas-seguras-de-latinoamerica-segun-el-ranking-de-seguridad/,644
Elba Reyes,Votaciones del Juego de Estrellas MLB 2026: ¿Qué dominicanos serán titulares?,actualidad,2026-07-02T14:48:51-04:00,False,,/actualidad/votaciones-del-juego-de-estrellas-mlb-2026-que-dominicanos-seran-titulares/,642
Elba Reyes,¿Cómo es el balón de la final del Mundial 2026? Así es el «Trionda Final» y la tecnología que esconde,sport business,2026-07-14T16:02:42-04:00,False,,/empresas/sport-business/como-es-el-balon-de-la-final-del-mundial-2026-asi-es-el-trionda-final-y-la-tecnologia-que-esconde/,639
Jhojhanni Fiorini,Ranking 2026: los países más caros para vivir en América Latina y el Caribe,internacional,2026-02-24T16:10:51-04:00,False,,/money-invest/internacional-economia/ranking-2026-los-paises-mas-caros-para-vivir-en-america-latina-y-el-caribe/,637
Ana Sosa,España gana el Mundial 2026: conquista su segunda Copa del Mundo tras vencer a Argentina,sport business,2026-07-20T05:38:18-04:00,True,,/empresas/sport-business/espana-gana-el-mundial-2026-conquista-su-segunda-copa-del-mundo-tras-vencer-a-argentina/,636
Elba Reyes,¿Cuándo empieza el próximo Mundial? Los años y días que faltan para la Copa del Mundo 2030,sport business,2026-07-21T16:55:58-04:00,False,,/empresas/sport-business/cuando-empieza-el-proximo-mundial-los-anos-y-dias-que-faltan-para-la-copa-del-mundo-2030/,622
Elba Reyes,Nueva cédula en RD redefine su modelo: todo lo que debe saber sobre su vigencia por edad y versión digital,daily news,2026-04-13T11:33:27-04:00,False,,/money-invest/daily-news/nueva-cedula-en-rd-redefine-su-modelo-todo-lo-que-debe-saber-sobre-su-vigencia-por-edad-y-version-digital/,617
Elba Reyes,Calendario lunar para cortarse el pelo en 2026: fechas para que crezca rápido y fuerte,trends,2026-01-30T11:10:31-04:00,False,,/mercado-women/trends/calendario-lunar-para-cortarse-el-pelo-en-2026-fechas-para-que-crezca-rapido-y-fuerte/,613
Elba Reyes,¿Se retira Cristiano Ronaldo? Confirman que el Mundial 2026 será su «último baile»,actualidad,2026-07-03T17:39:45-04:00,False,,/actualidad/se-retira-cristiano-ronaldo-confirman-que-el-mundial-2026-sera-su-ultimo-baile/,604
Andrea Mercedes,¿Qué pasaría en Santo Domingo y Santiago si ocurre un terremoto como el de Venezuela?,daily news,2026-06-29T16:46:29-04:00,False,,/money-invest/daily-news/que-pasaria-en-santo-domingo-y-santiago-si-ocurre-un-terremoto-como-el-de-venezuela/,601
Elba Reyes,"Espectáculo de clausura del Mundial 2026: Horarios, artistas y qué canales transmiten en RD",sport business,2026-07-17T12:03:48-04:00,False,,/empresas/sport-business/espectaculo-de-clausura-del-mundial-2026-horarios-artistas-y-que-canales-transmiten-en-rd/,601
Jhojhanni Fiorini,Resultados de las loterías del 16 de junio de 2026 en República Dominicana,actualidad,2026-06-17T09:50:08-04:00,False,,/actualidad/resultados-de-las-loterias-del-16-de-junio-de-2026-en-republica-dominicana/,599
Elba Reyes,Resultados de la Lotería Quiniela Real del domingo 5 julio de 2026,actualidad,2026-07-06T08:05:57-04:00,False,,/actualidad/resultados-de-la-loteria-quiniela-real-del-domingo-5-julio-de-2026/,580
Jhojhanni Fiorini,Países con mejor reputación de Latinoamérica 2026: El ranking de RepCore Nations,internacional,2026-07-03T15:23:16-04:00,False,,/money-invest/daily-news/paises-con-mejor-reputacion-de-latinoamerica-2026-el-ranking-de-repcore-nations/,579
Elba Reyes,"Quién es Melissa Núñez Miss RD Universo 2026: Biografía, carrera y perfil de la ganadora",actualidad,2026-07-31T16:30:29-04:00,False,,/actualidad/quien-es-melissa-nunez-miss-rd-universo-2026-biografia-carrera-y-perfil-de-la-ganadora/,576
Elba Reyes,Nombre de usuario en WhatsApp 2026: ¿Es obligatorio registrar un alias?,devices,2026-07-01T12:19:38-04:00,False,,/technology/devices/nombre-de-usuario-en-whatsapp-2026-es-obligatorio-registrar-un-alias/,576
Jhojhanni Fiorini,La nueva imagen global de Coca-Cola: El drástico cambio de diseño que se aplicará en todo el mundo,empresas,2026-07-20T16:25:41-04:00,False,,/empresas/la-nueva-imagen-global-de-coca-cola-el-drastico-cambio-de-diseno-que-se-aplicara-en-todo-el-mundo/,574
Andrea Mercedes,"EN VIVO | Trayectoria de la tormenta tropical Elida: Siga la ruta, alertas y lluvias en República Dominicana",daily news,2026-07-17T13:10:10-04:00,False,,/money-invest/daily-news/tormenta-tropical-elida-trayectoria-en-vivo/,556
Jhojhanni Fiorini,¿Cuánto dinero ganó la FIFA por el Mundial 2026 y cómo se repartieron los premios?,sport business,2026-07-21T13:26:14-04:00,False,,/empresas/sport-business/cuanto-dinero-gano-la-fifa-por-el-mundial-2026-y-como-se-repartieron-los-premios/,555
Andrea Mercedes,Impuesto a las transferencias electrónicas sube: ¿qué cambia desde este 3 de julio?,daily news,2026-07-02T09:23:34-04:00,False,,/money-invest/daily-news/impuesto-a-las-transferencias-electronicas-sube-que-cambia-desde-este-3-de-julio/,555
Elba Reyes,Modo fantasma en WhatsApp: Trucos infalibles para leer mensajes sin dejar el «en visto»,devices,2026-05-19T11:46:55-04:00,False,,/technology/devices/modo-fantasma-en-whatsapp-trucos-infalibles-para-leer-mensajes-sin-dejar-el-en-visto/,552
Elba Reyes,Resultados de la Lotería Quiniela Real del jueves 23 julio de 2026,actualidad,2026-07-24T09:00:39-04:00,False,,/actualidad/resultados-de-la-loteria-quiniela-real-del-jueves-23-julio-de-2026/,547
Elba Reyes,"Samsung presenta los nuevos Galaxy Z Fold 8 y Z Flip 8: Precios, fechas y características",devices,2026-07-23T13:16:42-04:00,False,,/technology/devices/samsung-presenta-los-nuevos-galaxy-z-fold-8-y-z-flip-8-precios-fechas-y-caracteristicas/,546
Darling Gil,Gianni Infantino: el arquitecto de un fútbol globalizado,cover story,2026-06-08T00:01:10-04:00,True,,/cover-story/gianni-infantino-el-arquitecto-de-un-futbol-globalizado/,540
Elba Reyes,Resultados de la Lotería Quiniela Real del miércoles 1 julio de 2026,actualidad,2026-07-02T08:27:36-04:00,False,,/actualidad/resultados-de-la-loteria-quiniela-real-del-miercoles-1-julio-de-2026/,537
Jhojhanni Fiorini,Resultados de las loterías del 18 de junio de 2026 en República Dominicana,actualidad,2026-06-19T09:21:49-04:00,False,,/actualidad/resultados-de-las-loterias-del-18-de-junio-de-2026-en-republica-dominicana/,537
Elba Reyes,"¿Cuándo y a qué hora se juegan las semifinales del Mundial 2026? Cruces, fechas y estadios de los partidos",sport business,2026-07-13T11:14:14-04:00,False,,/empresas/sport-business/cuando-y-a-que-hora-se-juegan-las-semifinales-del-mundial-2026-cruces-fechas-y-estadios-de-los-partidos/,532
Ana Sosa,"Argentina vs. Inglaterra, semifinal Mundial 2026: la revancha que la selección inglesa tiene esperando 40 años",sport business,2026-07-12T09:02:28-04:00,False,,/empresas/sport-business/argentina-vs-inglaterra-semifinal-mundial-2026-la-revancha-que-la-seleccion-inglesa-tiene-esperando-40-anos/,529
Miguel Vega,"España vs Francia: hora, alineaciones y previa de la semifinal del Mundial 2026",sport business,2026-07-13T11:46:06-04:00,False,,/empresas/espana-vs-francia-semifinal-mundial-2026/,516
SIN_AUTOR,,,,False,404 Client Error: Not Found for url: https://revistamercado.do/empresas/expediente-uber-cuando-los-ingresos-suben-un-82-y-las-perdidas-se-multiplican-por-18/,/empresas/expediente-uber-cuando-los-ingresos-suben-un-82-y-las-perdidas-se-multiplican-por-18/,516
Elba Reyes,"Próximo Mundial 2030: Dónde se juega, las sedes confirmadas y las fechas de la Copa del Mundo",sport business,2026-07-20T17:19:30-04:00,False,,/empresas/sport-business/proximo-mundial-2030-donde-se-juega-las-sedes-confirmadas-y-las-fechas-de-la-copa-del-mundo/,512
Jhojhanni Fiorini,Los países con mayor porcentaje de pobreza en América Latina,internacional,2026-01-15T15:09:25-04:00,False,,/money-invest/internacional-economia/los-paises-con-mayor-porcentaje-de-pobreza-en-america-latina/,504
Jhojhanni Fiorini,Samsung Galaxy Z Fold 8: Fecha oficial de presentación confirmada para el próximo Galaxy Unpacked,devices,2026-07-09T17:42:12-04:00,False,,/technology/devices/samsung-galaxy-z-fold-8-fecha-oficial-de-presentacion-confirmada-para-el-proximo-galaxy-unpacked/,501
Elba Reyes,"Android 17 en Samsung 2026: Celulares compatibles, novedades de One UI 9 y cómo actualizar paso a paso",devices,2026-06-24T15:28:26-04:00,False,,/technology/devices/android-17-en-samsung-2026-celulares-compatibles-novedades-de-one-ui-9-y-como-actualizar-paso-a-paso/,499
Elba Reyes,Ranking 2026: los 12 países donde más se trabaja en el mundo,empresas,2026-02-18T14:57:41-04:00,False,,/empresas/ranking-2026-los-12-paises-donde-mas-se-trabaja-en-el-mundo/,497
Elba Reyes,Ranking de las universidades mejor posicionadas de República Dominicana en 2026,república dominicana,2026-01-19T16:09:37-04:00,False,,/money-invest/republica-dominicana/ranking-de-las-universidades-mejor-posicionadas-de-republica-dominicana-en-2026/,497
Edwin Lozada,Ana Rosa García gana la primera medalla de oro para RD en judo en Santo Domingo 2026,sport business,2026-07-26T09:22:52-04:00,False,,/empresas/sport-business/ana-rosa-garcia-primer-oro-republica-dominicana-santo-domingo-2026/,490
Elba Reyes,Peso recomendado para una mujer de 1.60 m y cuándo hay riesgo para la salud,wellbeing,2026-01-31T08:00:45-04:00,False,,/medihealth/wellbeing/peso-recomendado-para-una-mujer-de-1-60-m-y-cuando-hay-riesgo-para-la-salud/,489
Elba Reyes,WhatsApp suspendido: Los 3 pasos definitivos para apelar y recuperar tu número,devices,2026-05-21T12:11:06-04:00,False,,/technology/devices/whatsapp-suspendido-los-3-pasos-definitivos-para-apelar-y-recuperar-tu-numero/,488
Gabriel Rico Albarrán,Llega Mercado Mejores Empresas Para Trabajar Summit 2026 con las soft skills y salud mental al centro de la conversación,mercado events,2026-06-30T06:00:29-04:00,False,,/mercado-exchange/mercado-mejores-empresas-para-trabajar-summit-2026-con-las-soft-skills-y-salud-mental-al-centro-de-la-conversacion/,486
Andrea Mercedes,¿Quién es la Reina de Belleza que murió en el terremoto de Venezuela?,daily news,2026-07-01T16:02:26-04:00,False,,/money-invest/daily-news/quien-es-la-reina-de-belleza-que-murio-en-el-terremoto-de-venezuela/,486
Elba Reyes,Los mejores rones del mundo: Marcas premium y guía para elegir un ron de alta gama,experiencias,2026-07-15T17:40:25-04:00,False,,/lifestyle/experiencias/los-mejores-rones-del-mundo-marcas-premium-y-guia-para-elegir-un-ron-de-alta-gama/,480
Andrea Mercedes,Cierres viales por manifestaciones en Santo Domingo: rutas alternas y desvíos recomendados para hoy,noticias rd,2026-07-09T11:08:16-04:00,False,,/actualidad/cierres-viales-por-manifestaciones-en-santo-domingo-rutas-alternas-y-desvios-recomendados-para-hoy/,480
Elba Reyes,WhatsApp empezará a cobrar: Meta lanza suscripciones y cambia su modelo de negocio,technology,2026-04-21T12:39:58-04:00,False,,/technology/whatsapp-empezara-a-cobrar-meta-lanza-suscripciones-y-cambia-su-modelo-de-negocio/,476
Andrea Mercedes,La NASA revela cómo se deformó el suelo tras el terremoto de Venezuela,internacional,2026-07-03T16:56:38-04:00,False,,/money-invest/daily-news/la-nasa-revela-como-se-deformo-el-suelo-tras-el-terremoto-de-venezuela/,475
Jhojhanni Fiorini,Ni insecticidas ni trampas: este olor común ahuyenta cucarachas,salud,2026-03-25T16:26:37-04:00,False,,/medihealth/salud/ni-insecticidas-ni-trampas-este-olor-comun-ahuyenta-cucarachas/,475
Elba Reyes,El mapa de la alta cocina 2026: Los países con los mejores restaurantes del mundo,experiencias,2026-07-03T17:06:25-04:00,False,,/lifestyle/experiencias/el-mapa-de-la-alta-cocina-2026-los-paises-con-los-mejores-restaurantes-del-mundo/,469
Andrea Mercedes,Obras del Monorriel de Santo Domingo Este siguen paralizadas: Qué pasa con la megaobra,daily news,2026-07-28T11:48:25-04:00,False,,/money-invest/daily-news/obras-del-monorriel-de-santo-domingo-este-siguen-paralizadas-que-pasa-con-la-megaobra/,467
Jhojhanni Fiorini,Carreras mejor pagadas en República Dominicana: salarios y áreas con mayor demanda,empresas,2026-02-06T15:05:45-04:00,False,,/empresas/carreras-mejor-pagadas-en-republica-dominicana-salarios-y-areas-con-mayor-demanda/,463
Elba Reyes,Agenda de los dominicanos en los Juegos Centroamericanos Santo Domingo 2026 para hoy 29 de julio,sport business,2026-07-29T10:44:55-04:00,False,,/empresas/sport-business/agenda-de-los-dominicanos-en-los-juegos-centroamericanos-santo-domingo-2026-para-hoy-29-de-julio/,462
Elba Reyes,¿Cómo borrar un contacto de WhatsApp sin dejar rastro? Guía definitiva 2026,devices,2026-05-26T15:34:20-04:00,False,,/technology/devices/como-borrar-un-contacto-de-whatsapp-sin-dejar-rastro-guia-definitiva-2026/,462
Elba Reyes,"Las 20 mejores películas de la historia, según el público en IMDb",lifestyle,2026-02-14T14:00:41-04:00,False,,/lifestyle/las-20-mejores-peliculas-de-la-historia-segun-el-publico-en-imdb/,459
Elba Reyes,Resultados de la Lotería Quiniela Real del lunes 20 julio de 2026,actualidad,2026-07-21T08:53:31-04:00,False,,/actualidad/resultados-de-la-loteria-quiniela-real-del-lunes-20-julio-de-2026/,450
SIN_AUTOR,,,,False,,/rankings_cat/empresas-mas-admiradas/,449
Miguel Vega,España vs. Argentina: la Finalissima que terminó siendo la final del Mundial 2026,sport business,2026-07-17T04:00:05-04:00,False,,/empresas/sport-business/espana-vs-argentina-la-finalissima-que-termino-siendo-la-final-del-mundial-2026/,449
Andrea Mercedes,¿Por qué Daniel Ortega afirmó que suspenderá los procesos electorales en su país?,daily news,2026-07-20T17:39:33-04:00,False,,/money-invest/daily-news/daniel-ortega-suspendera-elecciones-nicaragua/,441
Andrea Mercedes,"Pruebas Nacionales 2026: Guía de horarios, materias y lo que deben llevar los estudiantes desde hoy",daily news,2026-06-23T11:04:49-04:00,False,,/money-invest/daily-news/pruebas-nacionales-2026-guia-de-horarios-materias-y-lo-que-deben-llevar-los-estudiantes-desde-hoy/,440
Elba Reyes,¿Dónde se vive mejor en RD? Los 10 pueblos con mayor calidad de vida en 2026,turismo,2026-05-21T17:33:00-04:00,False,,/turismo/donde-se-vive-mejor-en-rd-los-10-pueblos-con-mayor-calidad-de-vida-en-2026/,440
Elba Reyes,"Clausura del Mundial 2026: fecha, artistas invitados y cómo verla en RD",sport business,2026-07-14T12:30:33-04:00,False,,/empresas/sport-business/clausura-del-mundial-2026-fecha-artistas-invitados-y-como-verla-en-rd/,437
Karime Rivas,"Quién es Patricia Clavijo, la chef dominicana que cocinó para la FIFA durante el mundial",executive profiles,2026-07-21T13:26:24-04:00,False,,/mercado-women/executive-profiles/patricia-clavijo-chef-de-la-seleccion-espanola/,437
Andrea Mercedes,¿De cuánto fue el temblor en Venezuela hoy? Detalles del nuevo sismo de 4.6 este lunes 29 de junio,daily news,2026-06-29T14:55:01-04:00,False,,/money-invest/daily-news/de-cuanto-fue-el-temblor-en-venezuela-hoy-detalles-del-nuevo-sismo-de-4-6-este-lunes-29-de-junio/,436
Andrea Mercedes,"Copa Mundial 2026: guía completa para dominicanos con horarios, canales y sedes",sport business,2026-06-11T12:16:14-04:00,False,,/money-invest/daily-news/copa-mundial-2026-guia-completa-para-dominicanos-con-horarios-canales-y-sedes/,434
Elba Reyes,¿Hubo reconciliación? Todo sobre la reunión privada del príncipe Harry y sus hijos con Carlos III,actualidad,2026-07-14T15:28:58-04:00,False,,/actualidad/hubo-reconciliacion-todo-sobre-la-reunion-privada-del-principe-harry-y-sus-hijos-con-carlos-iii/,433
Elba Reyes,Muere Stuart Ortiz a los 42 años: ¿de qué falleció el actor dominicano?,actualidad,2026-07-02T09:32:40-04:00,False,,/actualidad/muere-stuart-ortiz-a-los-42-anos-de-que-fallecio-el-actor-dominicano/,432
revistamercado,Los 20 mejores bares de República Dominicana,the best of dr,2021-12-01T17:28:48-04:00,False,,/the-best-of-dr/los-mejores-bares-de-rd/,432
Elba Reyes,¿A dónde viajar sin visa en junio de 2026? Los países abiertos para el pasaporte dominicano,turismo,2026-06-03T11:51:23-04:00,False,,/turismo/a-donde-viajar-sin-visa-en-junio-de-2026-los-paises-abiertos-para-el-pasaporte-dominicano/,431
Jhojhanni Fiorini,Vivir en Nueva York ya no alcanza: el 62% no gana lo suficiente para sobrevivir,money invest,2026-04-07T17:17:35-04:00,False,,/money-invest/vivir-en-nueva-york-ya-no-alcanza-el-62-no-gana-lo-suficiente-para-sobrevivir/,427
Andrea Mercedes,Choque total en Colombia: Petro denuncia “fraude algorítmico” y la oposición advierte sobre planes de un golpe de Estado,daily news,2026-07-08T16:33:01-04:00,False,,/money-invest/daily-news/petro-denuncia-fraude-algoritmico-colombia/,425
Andrea Mercedes,El gol de España ante Argentina provoca un temblor real en el suelo de Madrid,sport business,2026-07-20T12:36:51-04:00,False,,/money-invest/daily-news/gol-espana-temblor-madrid-instituto-geografico-nacional/,422
Jhojhanni Fiorini,Resultados de las loterías del 22 de junio de 2026 en República Dominicana,actualidad,2026-06-23T09:07:32-04:00,False,,/actualidad/resultados-de-las-loterias-del-22-de-junio-de-2026-en-republica-dominicana/,421
Elba Reyes,Precio del dólar hoy en República Dominicana este lunes 6 de julio de 2026,república dominicana,2026-07-06T08:01:25-04:00,False,,/money-invest/republica-dominicana/precio-del-dolar-hoy-en-republica-dominicana-este-lunes-6-de-julio-de-2026/,421
Jhojhanni Fiorini,QS World University Rankings 2027: Estas son las mejores universidades del mundo este año,internacional,2026-07-10T14:57:16-04:00,False,,/money-invest/daily-news/qs-world-university-rankings-2027-estas-son-las-mejores-universidades-del-mundo-este-ano/,418
SIN_AUTOR,,,,False,404 Client Error: Not Found for url: https://revistamercado.do/cover-story/gianni-infantino-el-arquitecto-de-un-futbol-globalizado-2/,/cover-story/gianni-infantino-el-arquitecto-de-un-futbol-globalizado-2/,416
Elba Reyes,"Juegos Centroamericanos y del Caribe Santo Domingo 2026: fechas, sedes y todo lo que debes saber",actualidad,2026-07-24T10:14:26-04:00,False,,/actualidad/juegos-centroamericanos-y-del-caribe-santo-domingo-2026-fechas-sedes-y-todo-lo-que-debes-saber/,415
Edwin Lozada,Los deportes donde República Dominicana tiene más opciones de ganar medallas en Santo Domingo 2026,sport business,2026-07-26T09:56:21-04:00,False,,/empresas/sport-business/deportes-republica-dominicana-mas-opciones-medallas-santo-domingo-2026/,415
Miguel Vega,Il signore del vino e delle pizze,empresas,2026-07-21T06:00:14-04:00,False,,/empresas/el-hombre-que-le-enseno-a-republica-dominicana-a-catar-el-buen-vino/,413
Elba Reyes,"Octavos de final del Mundial 2026: clasificados, cruces y fechas confirmadas",sport business,2026-07-01T11:13:41-04:00,False,,/empresas/sport-business/octavos-de-final-del-mundial-2026-clasificados-cruces-y-fechas-confirmadas/,412
Elba Reyes,Las carreras más estudiadas en República Dominicana en la actualidad,empresas,2026-01-29T08:12:22-04:00,False,,/empresas/las-carreras-mas-estudiadas-en-republica-dominicana-en-la-actualidad/,411
Darling Gil,Larimar Living: una nueva experiencia de interiorismo para dar vida a tu hogar,brand content,2026-07-13T12:45:26-04:00,False,,/empresas/brand-content/larimar-living-una-nueva-experiencia-de-interiorismo-para-dar-vida-a-tu-hogar/,410
Jhojhanni Fiorini,España vs. Argentina en la final del Mundial 2026: ¿Quién es el favorito en las casas de apuestas?,sport business,2026-07-16T17:12:04-04:00,False,,/empresas/sport-business/espana-vs-argentina-en-la-final-del-mundial-2026-quien-es-el-favorito-en-las-casas-de-apuestas/,409
pferreras,50 avances tecnológicos del siglo 21 que cambiaron al mundo,technology,2021-08-18T11:55:39-04:00,False,,/technology/50-avances-tecnologicos-que-cambiaron-el-mundo-en-el-siglo-21/,409
Elba Reyes,Resultados de la Lotería Quiniela Real del miércoles 22 julio de 2026,actualidad,2026-07-23T08:16:53-04:00,False,,/actualidad/resultados-de-la-loteria-quiniela-real-del-miercoles-22-julio-de-2026/,403
SIN_AUTOR,,,,False,404 Client Error: Not Found for url: https://revistamercado.do/technology/prueba-desarrollo-5-enganos-nutricionales-en-tiktok-lo-que-debes-saber-para-no-caer-en-la-trampa/,/technology/prueba-desarrollo-5-enganos-nutricionales-en-tiktok-lo-que-debes-saber-para-no-caer-en-la-trampa/,400
Elba Reyes,Resultados de Leidsa del sábado 13 de junio de 2026,actualidad,2026-06-14T09:53:33-04:00,False,,/actualidad/resultados-de-leidsa-del-sabado-13-de-junio-de-2026/,399
Andrea Mercedes,Resultados de Leidsa del sábado 6 de junio de 2026,actualidad,2026-06-08T08:38:25-04:00,False,,/actualidad/resultados-de-leidsa-del-sabado-6-de-junio-de-2026/,397
Andrea Mercedes,Temporada de huracanes 2026: ¿Qué riesgo corre la República Dominicana?,cambio climático,2026-05-22T16:12:46-04:00,False,,/money-invest/daily-news/temporada-de-huracanes-2026-que-riesgo-corre-la-republica-dominicana/,393
Elba Reyes,¿Cuál es el mejor iPhone para tomar las mejores fotos que puedes comprar actualmente?,devices,2026-07-07T11:58:47-04:00,False,,/technology/devices/cual-es-el-mejor-iphone-para-tomar-las-mejores-fotos-que-puedes-comprar-actualmente/,388
Agatha Thomas,Las 10 ciudades más económicas para vivir en Estados Unidos en 2026,lifestyle,2026-01-26T08:00:22-04:00,False,,/lifestyle/las-10-ciudades-mas-economicas-para-vivir-en-estados-unidos-en-2026/,387
Gabriel Rico Albarrán,Nueva York celebra 250 años de EE.UU. con el mayor desfile naval y aéreo de su historia,daily news,2026-07-03T17:27:21-04:00,False,,/money-invest/daily-news/nueva-york-celebra-250-anos-de-ee-uu-con-el-mayor-desfile-naval-y-aereo-de-su-historia/,386
Andrea Mercedes,¿Cuántos fallecidos hay por el terremoto de Venezuela? Último reporte de daños e inundaciones por el sismo de julio de 2026,daily news,2026-07-10T12:12:54-04:00,False,,/money-invest/daily-news/terremoto-venezuela-fallecidos-ultimo-balance-2026/,386
Elba Reyes,"Cruces de 16avos de final Mundial 2026: Llaves, clasificados y posiciones tras la fecha 2",sport business,2026-06-24T12:37:41-04:00,False,,/empresas/sport-business/cruces-de-16avos-de-final-mundial-2026-llaves-clasificados-y-posiciones-tras-la-fecha-2/,385
Elba Reyes,Los 10 países con mayor tasa de alcoholismo en el mundo,actualidad,2026-03-31T17:42:23-04:00,False,,/actualidad/los-10-paises-con-mayor-tasa-de-alcoholismo-en-el-mundo/,384
revistamercado,10 empresas que practican la responsabilidad social integral,de la revista,2024-01-22T08:35:26-04:00,False,,/mercado/empresas-responsabilidad-social/,383
Elba Reyes,Fracaso de Supergirl en taquilla 2026: DC Studios admite que no cumplió expectativas,actualidad,2026-06-30T15:21:26-04:00,False,,/actualidad/fracaso-de-supergirl-en-taquilla-2026-dc-studios-admite-que-no-cumplio-expectativas/,382
Elba Reyes,¿Cómo sacar la licencia de conducir en RD 2026? Guía paso a paso y precios actualizados,actualidad,2026-05-18T17:05:01-04:00,False,,/actualidad/como-sacar-la-licencia-de-conducir-en-rd-2026-guia-paso-a-paso-y-precios-actualizados/,380
Jhojhanni Fiorini,Cloudflare sufre otra caída y preocupa al ecosistema digital,technology,2025-12-05T14:26:21-04:00,False,,/technology/cloudflare-sufre-otra-caida-y-preocupa-al-ecosistema-digital/,380
Elba Reyes,Impuesto sobre la Renta en RD: desde cuánto pagas y cómo calcularlo,money invest,2026-02-25T16:50:25-04:00,False,,/money-invest/impuesto-sobre-la-renta-en-rd-desde-cuanto-pagas-y-como-calcularlo/,378
Elba Reyes,Diseño del iPhone 18 Pro Max 2026: Por qué el módulo de sus cámaras será mucho más grande,devices,2026-06-29T13:40:13-04:00,False,,/technology/devices/diseno-del-iphone-18-pro-max-2026-por-que-el-modulo-de-sus-camaras-sera-mucho-mas-grande/,378
Elba Reyes,Resultados de la Lotería Quiniela Real del domingo 26 julio de 2026,actualidad,2026-07-27T09:06:55-04:00,False,,/actualidad/resultados-de-la-loteria-quiniela-real-del-domingo-26-julio-de-2026/,376
Elba Reyes,Las 20 ciudades más pobladas del mundo en 2026: ranking actualizado,lifestyle,2026-02-17T11:26:30-04:00,False,,/lifestyle/las-20-ciudades-mas-pobladas-del-mundo-en-2026-ranking-actualizado/,376
Jhojhanni Fiorini,"Estos son los ejércitos más poderosos del mundo, según el ranking global",money invest,2026-01-29T09:37:35-04:00,False,,/money-invest/estos-son-los-ejercitos-mas-poderosos-del-mundo-segun-el-ranking-global/,370
Edwin Lozada,¿Qué deporte le ha dado más medallas a República Dominicana en Santo Domingo 2026?,sport business,2026-07-29T11:30:50-04:00,False,,/empresas/sport-business/deportes-mas-medallas-republica-dominicana-juegos-centroamericanos-2026/,368
Rodrigo Muñoz,Ranking: Las 10 marcas farmacéuticas mas valoradas del mundo,brand business,2025-04-07T14:33:19-04:00,False,,/empresas/brand-business/ranking-las-10-marcas-farmaceuticas-mas-valoradas-del-mundo/,365
SIN_AUTOR,,,,False,404 Client Error: Not Found for url: https://revistamercado.do/money-invest/republica-dominicana/las-familias-empresariales-mas-poderosas-de-republica-dominicana/,/money-invest/republica-dominicana/las-familias-empresariales-mas-poderosas-de-republica-dominicana/,362
Ana Sosa,Juegos Centroamericanos y del Caribe: 100 años de historia y República Dominicana como sede que transforma el deporte en oportunidad,sport business,2026-07-24T05:12:30-04:00,True,,/empresas/sport-business/juegos-centroamericanos-y-del-caribe-100-anos-de-historia-y-republica-dominicana-como-sede-que-transforma-el-deporte-en-oportunidad/,360
Elba Reyes,WhatsApp 2026: Cómo ver el contenido original de un mensaje editado,devices,2026-05-18T17:04:56-04:00,False,,/technology/devices/whatsapp-2026-como-ver-el-contenido-original-de-un-mensaje-editado/,354
Jhojhanni Fiorini,Resultados de las loterías del lunes 1 de junio de 2026 en República Dominicana,actualidad,2026-06-02T09:16:28-04:00,False,,/actualidad/resultados-de-las-loterias-del-lunes-1-de-junio-de-2026-en-republica-dominicana/,354
Gabriel Rico Albarrán,Mejores Empresas Para Trabajar 2026: el liderazgo humano es el que redefine el futuro del trabajo,daily news,2026-06-30T14:23:52-04:00,False,,/mercado-exchange/mejores-empresas-para-trabajar-2026-el-liderazgo-humano-es-el-que-redefine-el-futuro-del-trabajo/,354
Elba Reyes,¿El fin del mundo en noviembre? La predicción de Von Foerster que se vuelve viral en 2026,actualidad,2026-05-21T16:20:05-04:00,False,,/actualidad/el-fin-del-mundo-en-noviembre-la-prediccion-de-von-foerster-que-se-vuelve-viral-en-2026/,353
Elba Reyes,Mundial 2026: ¿Cuánto dinero gana el campeón y cuánto paga FIFA por cada ronda?,sport business,2026-06-15T11:37:52-04:00,False,,/empresas/sport-business/mundial-2026-cuanto-dinero-gana-el-campeon-y-cuanto-paga-fifa-por-cada-ronda/,349
Elba Reyes,Resultados de la Lotería Quiniela Real del jueves 9 julio de 2026,actualidad,2026-07-10T09:01:02-04:00,False,,/actualidad/resultados-de-la-loteria-quiniela-real-del-jueves-9-julio-de-2026/,347
Elba Reyes,¿Por qué la hija de Brad Pitt y Angelina Jolie se quitó el apellido de su padre?,actualidad,2026-07-22T15:29:05-04:00,False,,/actualidad/por-que-la-hija-de-brad-pitt-y-angelina-jolie-se-quito-el-apellido-de-su-padre/,345
Elba Reyes,¿Cuándo caduca una deuda de tarjeta de crédito en República Dominicana?,money invest,2026-01-29T14:08:04-04:00,False,,/money-invest/cuando-caduca-una-deuda-de-tarjeta-de-credito-en-republica-dominicana/,344
Elba Reyes,"Estas son las ciudades más peligrosas de Europa en 2026, según índices de criminalidad",lifestyle,2026-01-23T14:28:26-04:00,False,,/lifestyle/estas-son-las-ciudades-mas-peligrosas-de-europa-en-2026-segun-indices-de-criminalidad/,343
Andrea Mercedes,¿Cuánto dinero se lleva cada jugador de la selección española tras conquistar la Copa del Mundo?,sport business,2026-07-20T15:28:51-04:00,False,,/money-invest/daily-news/premio-jugadores-espana-mundial-2026/,340
Jhojhanni Fiorini,Nuevas funciones de WhatsApp: Las herramientas que llegarán a tu celular antes de terminar el año,devices,2026-07-09T17:54:11-04:00,False,,/technology/devices/nuevas-funciones-de-whatsapp-las-herramientas-que-llegaran-a-tu-celular-antes-de-terminar-el-ano/,339
Gabriel Rico Albarrán,Elecciones Brasil 2026: Lula amplía a 8 puntos su ventaja sobre Flávio Bolsonaro (Recomendada),daily news,2026-07-15T11:22:59-04:00,False,,/money-invest/daily-news/1-elecciones-brasil-2026-lula-amplia-a-8-puntos-su-ventaja-sobre-flavio-bolsonaro-recomendada/,339
Elba Reyes,Qué significan los colores de las tarjetas de crédito y qué indican sobre el cupo,money invest,2026-01-29T11:39:15-04:00,False,,/money-invest/que-significan-los-colores-de-las-tarjetas-de-credito-y-que-indican-sobre-el-cupo/,338
Ana Sosa,Equifax compra Círculo de Crédito de México: el valor estratégico de la información crediticia,business,2026-07-14T05:00:39-04:00,True,,/empresas/equifax-compra-circulo-de-credito-la-gran-apuesta-por-controlar-la-infraestructura-del-credito-en-america-latina/,336
SIN_AUTOR,,,,False,404 Client Error: Not Found for url: https://revistamercado.do/empresas/sport-business/los-10-deportistas-mejor-pagados-del-mundo-en-2026-quien-gana-mas-y-cuanto/,/empresas/sport-business/los-10-deportistas-mejor-pagados-del-mundo-en-2026-quien-gana-mas-y-cuanto/,335
Andrea Mercedes,Cifas astronómicas: Se disparan los precios de las entradas para la final del Mundial 2026 entre España vs. Argentina,sport business,2026-07-16T17:25:14-04:00,False,,/money-invest/daily-news/entradas-final-mundial-2026-espana-argentina/,335
Ana Sosa,"España vs. Argentina, final del Mundial 2026: el último partido y la mayor celebración que haya preparado la FIFA",sport business,2026-07-19T06:07:51-04:00,True,,/empresas/sport-business/espana-vs-argentina-final-del-mundial-2026-el-ultimo-partido-y-la-mayor-celebracion-que-haya-preparado-la-fifa/,332
Elba Reyes,Playas sin sargazo en República Dominicana: la lista que necesitas antes de salir de vacaciones,turismo,2026-06-18T17:21:22-04:00,False,,/turismo/playas-sin-sargazo-en-republica-dominicana-la-lista-que-necesitas-antes-de-salir-de-vacaciones/,330
Elba Reyes,Resultados de la Lotería Quiniela Real del martes 21  julio de 2026,actualidad,2026-07-22T09:12:41-04:00,False,,/actualidad/resultados-de-la-loteria-quiniela-real-del-martes-21-julio-de-2026/,328
Jhojhanni Fiorini,¿Qué significa el nuevo punto verde que está apareciendo en los contactos de WhatsApp?,devices,2026-07-07T16:52:49-04:00,False,,/technology/devices/que-significa-el-nuevo-punto-verde-que-esta-apareciendo-en-los-contactos-de-whatsapp/,326
Andrea Mercedes,¿Cuándo es la inauguración de los Juegos Centroamericanos 2026 y dónde verla en vivo en RD?,sport business,2026-07-24T09:19:54-04:00,False,,/money-invest/daily-news/inauguracion-juegos-centroamericanos-2026-donde-ver-vivo-rd/,325
Elba Reyes,¿Shakira usó una doble? La teoría viral que resurgió tras su show en la final del Mundial 2026,actualidad,2026-07-21T12:59:02-04:00,False,,/actualidad/shakira-uso-una-doble-la-teoria-viral-que-resurgio-tras-su-show-en-la-final-del-mundial-2026/,325
Jhojhanni Fiorini,Resultados de la lotería nacional del sábado 9 de mayo de 2026,actualidad,2026-05-10T19:01:15-04:00,False,,/actualidad/resultados-de-la-loteria-nacional-del-sabado-9-de-mayo-de-2026/,317
Jhojhanni Fiorini,¿Quién es el dueño de Coca-Cola? Los grandes inversores detrás de la empresa,empresas,2026-03-05T14:19:09-04:00,False,,/empresas/quien-es-el-dueno-de-coca-cola-los-grandes-inversores-detras-de-la-empresa/,316
Elba Reyes,Juegos Centroamericanos Santo Domingo 2026: dominicanos que compiten hoy y sus horarios,sport business,2026-07-28T10:18:11-04:00,False,,/empresas/sport-business/juegos-centroamericanos-santo-domingo-2026-dominicanos-que-compiten-hoy-y-sus-horarios-2/,316
Edwin Lozada,¿Fuga de laboratorio? El revelador informe de la Casa Blanca sobre el verdadero origen del COVID-19,salud,2026-07-29T18:37:01-04:00,False,,/money-invest/daily-news/fuga-laboratorio-informe-casa-blanca-origen-covid-19/,316
Jhojhanni Fiorini,iPhone 17e vs iPhone 17: cuál conviene comprar en 2026,technology,2026-03-05T11:20:06-04:00,False,,/technology/iphone-17e-vs-iphone-17-cual-conviene-comprar-en-2026/,314
Elba Reyes,¿Cuándo debuta el equipo masculino de RD en el béisbol de los Juegos Centroamericanos y del Caribe?,sport business,2026-07-29T12:43:46-04:00,False,,/empresas/sport-business/cuando-debuta-el-equipo-masculino-de-rd-en-el-beisbol-de-los-juegos-centroamericanos-y-del-caribe/,311
Elba Reyes,Ranking: países más baratos para viajar en Latinoamérica en 2026,lifestyle,2026-02-12T17:30:51-04:00,False,,/lifestyle/ranking-paises-mas-baratos-para-viajar-en-latinoamerica-en-2026/,311
Gabriel Rico Albarrán,Unai Simón gana el Guante de Oro como mejor portero del Mundial 2026,daily news,2026-07-20T15:34:00-04:00,False,,/money-invest/daily-news/unai-simon-gana-el-guante-de-oro-como-mejor-portero-del-mundial-2026/,309
Elba Reyes,Palmarés histórico de la FIFA actualizado en 2026: La tabla definitiva de los campeones mundiales,sport business,2026-07-20T17:01:47-04:00,False,,/empresas/sport-business/palmares-historico-de-la-fifa-actualizado-en-2026-la-tabla-definitiva-de-los-campeones-mundiales/,308
Elba Reyes,¿Qué artistas cantarán en la ceremonia inaugural de los Juegos Centroamericanos Santo Domingo 2026?,experiencias,2026-07-24T14:23:56-04:00,False,,/lifestyle/experiencias/que-artistas-cantaran-en-la-ceremonia-inaugural-de-los-juegos-centroamericanos-santo-domingo-2026/,308
Gabriel Rico Albarrán,🔴 EN VIVO | Mercado AutoShow + Visión Emprendedora 2026,daily news,2026-07-23T17:49:06-04:00,False,,/mercado-exchange/en-vivo-mercado-autoshow-vision-emprendedora-2026/,306
Jhojhanni Fiorini,Así puedes encontrar vuelos mucho más baratos con Google Flights: Guía de trucos paso a paso,devices,2026-07-17T08:28:39-04:00,False,,/technology/devices/asi-puedes-encontrar-vuelos-mucho-mas-baratos-con-google-flights-guia-de-trucos-paso-a-paso/,305
Jhojhanni Fiorini,Riesgo país en América Latina 2026: ¿Qué países mejoraron en el primer semestre?,empresas,2026-07-02T14:30:55-04:00,False,,/empresas/riesgo-pais-en-america-latina-2026-que-paises-mejoraron-en-el-primer-semestre/,305
Jhojhanni Fiorini,Los países con mejor y peor calidad de vida en Latinoamérica,money invest,2025-10-05T22:56:15-04:00,False,,/money-invest/los-paises-con-mejor-y-peor-calidad-de-vida-en-latinoamerica/,301
Jhojhanni Fiorini,Resultados de la lotería nacional del domingo 19 de abril de 2026,actualidad,2026-04-20T09:00:36-04:00,False,,/actualidad/resultados-de-la-loteria-nacional-del-domingo-19-de-abril-de-2026/,298
Elba Reyes,Fin de una era: Por qué Neymar deja la Canarinha tras la eliminación ante Noruega,actualidad,2026-07-06T14:49:15-04:00,False,,/actualidad/fin-de-una-era-por-que-neymar-deja-la-canarinha-tras-la-eliminacion-ante-noruega/,297
Andrea Mercedes,¿Cómo funcionará el tránsito y el transporte durante los Juegos Centroamericanos Santo Domingo 2026?,sport business,2026-07-22T17:51:39-04:00,False,,/money-invest/daily-news/transito-transporte-juegos-centroamericanos-santo-domingo-2026/,297
Elba Reyes,¿Vale la pena esperar al iPhone 18 o es mejor comprar el iPhone 17 ahora?,devices,2026-06-10T11:50:07-04:00,False,,/technology/devices/vale-la-pena-esperar-al-iphone-18-o-es-mejor-comprar-el-iphone-17-ahora/,296
Elba Reyes,Qué es y para qué sirve el nuevo ícono morado que está apareciendo en WhatsApp,devices,2026-05-08T16:01:24-04:00,False,,/technology/devices/que-es-y-para-que-sirve-el-nuevo-icono-morado-que-esta-apareciendo-en-whatsapp/,294
Andrea Mercedes,Terremoto en Venezuela: ¿Quién es la famosa actriz que perdió la vida y conmovió al mundo artístico?,actualidad,2026-06-26T09:26:53-04:00,False,,/actualidad/terremoto-en-venezuela-quien-es-la-famosa-actriz-que-perdio-la-vida-y-conmovio-al-mundo-artistico/,294
Andrea Mercedes,¿Cómo le afecta la nueva Ley 30-26 a su bolsillo? Lo que cambia para ciudadanos y empresas en RD,daily news,2026-06-19T14:24:05-04:00,False,,/money-invest/daily-news/como-le-afecta-la-nueva-ley-30-26-a-su-bolsillo-lo-que-cambia-para-ciudadanos-y-empresas-en-rd/,293
Andrea Mercedes,¿Qué será delito ahora? Las conductas que te llevarán a prisión en RD segun el nuevo código penal,daily news,2026-07-06T11:32:42-04:00,False,,/money-invest/daily-news/que-sera-delito-ahora-las-conductas-que-te-llevaran-a-prision-en-rd-segun-el-nuevo-codigo-penal/,290
SIN_AUTOR,,,,False,404 Client Error: Not Found for url: https://revistamercado.do/money-invest/los-artistas-mas-ricos-del-mundo-en-2026-quien-lidera-el-ranking-y-cuanto-dinero-tienen/,/money-invest/los-artistas-mas-ricos-del-mundo-en-2026-quien-lidera-el-ranking-y-cuanto-dinero-tienen/,288
Elba Reyes,iPhone 12 y otros celulares que dejarán de actualizarse en 2026,technology,2026-02-24T17:00:00-04:00,False,,/technology/iphone-12-y-otros-celulares-que-dejaran-de-actualizarse-en-2026/,286
Elba Reyes,"Bono Madre 2026: Guía paso a paso para consultar tus RD$ 1,500",actualidad,2026-05-28T15:41:28-04:00,False,,/actualidad/bono-madre-2026-guia-paso-a-paso-para-consultar-tus-rd-1500/,283
Andrea Mercedes,Artistas del medio tiempo en la final del Mundial 2026: Quiénes cantarán en el espectáculo de clausura,sport business,2026-07-09T18:02:43-04:00,False,,/money-invest/daily-news/artistas-medio-tiempo-final-mundial-2026/,283
Jhojhanni Fiorini,¿Cuál es el país menos querido de Latinoamérica? Las razones detrás de su caída reputacional,internacional,2026-07-20T11:51:06-04:00,False,,/money-invest/daily-news/cual-es-el-pais-menos-querido-de-latinoamerica-las-razones-detras-de-su-caida-reputacional/,283
Andrea Mercedes,EE. UU. responde a Daniel Ortega tras anuncio de eliminar elecciones en Nicaragua,daily news,2026-07-22T16:02:56-04:00,False,,/money-invest/daily-news/eeuu-responde-daniel-ortega-elecciones-nicaragua/,283
Elba Reyes,"Estas son las ciudades más peligrosas del mundo en 2026, según el índice de criminalidad de Numbeo",actualidad,2026-01-20T12:03:08-04:00,False,,/actualidad/estas-son-las-ciudades-mas-peligrosas-del-mundo-en-2026-segun-el-indice-de-criminalidad-de-numbeo/,280
Elba Reyes,Cómo tener YouTube Premium gratis en 2026 de forma completamente legal,devices,2026-06-08T11:37:38-04:00,False,,/technology/devices/como-tener-youtube-premium-gratis-en-2026-de-forma-completamente-legal/,280
Jhojhanni Fiorini,Nombres de usuario en WhatsApp: La razón oculta por la que Meta te obliga a crear un alias,devices,2026-07-02T16:08:40-04:00,False,,/technology/devices/nombres-de-usuario-en-whatsapp-la-razon-oculta-por-la-que-meta-te-obliga-a-crear-un-alias/,280
Gabriel Rico Albarrán,Rusia lanza una nueva ofensiva nocturna contra Ucrania y alcanza hospitales y viviendas,daily news,2026-07-13T11:48:20-04:00,False,,/money-invest/daily-news/rusia-lanza-una-nueva-ofensiva-nocturna-contra-ucrania-y-alcanza-hospitales-y-viviendas/,279
Elba Reyes,Precio del dólar hoy en República Dominicana este miércoles 29 de julio de 2026,república dominicana,2026-07-29T08:43:52-04:00,False,,/money-invest/republica-dominicana/precio-del-dolar-hoy-en-republica-dominicana-este-miercoles-29-de-julio-de-2026/,279
Ana Sosa,The Odyssey: el éxito en taquilla que demuestra a Hollywood que el uso de IA no es la única fórmula,business,2026-07-24T04:37:07-04:00,True,,/business/the-odyssey-el-exito-en-taquilla-que-demuestra-a-hollywood-que-el-uso-de-ia-no-es-la-unica-formula/,278
Rodrigo Muñoz,WhatsApp Web incorpora llamadas y videollamadas desde el navegador: así funciona la nueva función,technology,2026-07-29T13:16:42-04:00,False,,/technology/whatsapp-web-incorpora-llamadas-y-videollamadas-desde-el-navegador-asi-funciona-la-nueva-funcion/,277
Jhojhanni Fiorini,"Partidos de hoy, viernes 31 de julio del 2026 EN VIVO: horarios y dónde ver fútbol",actualidad,2026-07-31T08:29:58-04:00,False,,/actualidad/partidos-de-hoy-viernes-31-de-julio-del-2026-en-vivo-horarios-y-donde-ver-futbol/,274
Elba Reyes,Resultados de la Lotería Quiniela Real del martes 28 julio de 2026,actualidad,2026-07-29T08:49:30-04:00,False,,/actualidad/resultados-de-la-loteria-quiniela-real-del-martes-28-julio-de-2026/,274
Jhojhanni Fiorini,Resultados de las loterías del 21 de junio de 2026 en República Dominicana,actualidad,2026-06-22T08:39:49-04:00,False,,/actualidad/resultados-de-las-loterias-del-21-de-junio-de-2026-en-republica-dominicana/,274
Ana Sosa,Pix: el sistema de pagos favorito de Brasil que terminó incomodando a Donald Trump,business,2026-07-22T04:38:53-04:00,True,,/business/pix-el-sistema-de-pagos-favorito-de-brasil-que-termino-incomodando-a-donald-trump/,274
Elba Reyes,¿Cuándo es la final del Miss República Dominicana Universo y quiénes son las candidatas favoritas?,actualidad,2026-07-28T15:32:48-04:00,False,,/actualidad/cuando-es-la-final-del-miss-republica-dominicana-universo-y-quienes-son-las-candidatas-favoritas/,273
Elba Reyes,Ranking: nueve ciudades de América Latina en el top 10 de las más violentas del mundo,lifestyle,2026-02-13T12:11:37-04:00,False,,/lifestyle/ranking-nueve-ciudades-de-america-latina-en-el-top-10-de-las-mas-violentas-del-mundo/,269
Andrea Mercedes,¿Por qué retiraron el perfume de Britney Spears? Esto encontró el Ministerio de Salud,daily news,2026-07-15T09:36:40-04:00,False,,/money-invest/daily-news/retiran-perfume-britney-spears-panama/,268
Darling Gil,Impulsan operaciones inteligentes en el Caribe,brand content,2026-06-12T11:35:44-04:00,False,,/empresas/brand-content/impulsan-operaciones-inteligentes-en-el-caribe/,267
Andrea Mercedes,Peligro en República Dominicana por fuertes tormentas eléctricas hoy: Indomet alerta a 5 provincias,daily news,2026-07-08T12:01:28-04:00,False,,/money-invest/daily-news/peligro-en-republica-dominicana-por-fuertes-tormentas-electricas-hoy-indomet-alerta-a-5-provincias/,267
Elba Reyes,Resultados de la Lotería Quiniela Real del lunes 29 junio de 2026,actualidad,2026-06-30T08:32:18-04:00,False,,/actualidad/resultados-de-la-loteria-quiniela-real-del-lunes-29-junio-de-2026/,266
Jhojhanni Fiorini,Resultados de las loterías del 10 de junio de 2026 en República Dominicana,actualidad,2026-06-11T09:11:04-04:00,False,,/actualidad/resultados-de-las-loterias-del-10-de-junio-de-2026-en-republica-dominicana/,265
Jhojhanni Fiorini,Dónde guarda WhatsApp tus fotos y cómo recuperarlas si no aparecen,technology,2026-03-18T14:35:32-04:00,False,,/technology/donde-guarda-whatsapp-tus-fotos-y-como-recuperarlas-si-no-aparecen/,265
Elba Reyes,Resultados de la Lotería Quiniela Real del martes 30  junio de 2026,actualidad,2026-07-01T08:07:51-04:00,False,,/actualidad/resultados-de-la-loteria-quiniela-real-del-martes-30-junio-de-2026/,264
Andrea Mercedes,¿Cuándo se sabrá quién ganó las elecciones en Perú 2026? Esto es lo que falta,daily news,2026-06-18T15:01:48-04:00,False,,/money-invest/daily-news/cuando-se-sabra-quien-gano-las-elecciones-en-peru-2026-esto-es-lo-que-falta/,264
Elba Reyes,Fallece Raúl Grisanty: ¿de qué murió el artista y comunicador dominicano?,actualidad,2026-07-15T11:13:18-04:00,False,,/actualidad/fallece-raul-grisanty-de-que-murio-el-artista-y-comunicador-dominicano/,263
Elba Reyes,Ranking 2026: Las 10 mejores ciudades del mundo para vivir y trabajar,experiencias,2026-07-07T14:39:11-04:00,False,,/lifestyle/experiencias/ranking-2026-las-10-mejores-ciudades-del-mundo-para-vivir-y-trabajar/,262
Elba Reyes,La nueva aduana digital,cover story,2026-07-29T17:28:59-04:00,False,,/technology/la-nueva-aduana-digital/,262
Elba Reyes,Cuándo comprar un iPhone en 2026: los meses en que el 15 Pro Max y 16 Pro Max bajan de precio,technology,2026-04-14T14:37:48-04:00,False,,/technology/cuando-comprar-un-iphone-en-2026-los-meses-en-que-el-15-pro-max-y-16-pro-max-bajan-de-precio/,260
Elba Reyes,WhatsApp dejará de funcionar en estos iPhone en noviembre 2026: cómo evitarlo,devices,2026-06-16T15:26:13-04:00,False,,/technology/devices/whatsapp-dejara-de-funcionar-en-estos-iphone-en-noviembre-2026-como-evitarlo/,259
Andrea Mercedes,Tribunal Constitucional prohíbe a juntas de vecinos usar drones para vigilar residentes,daily news,2026-07-30T10:15:34-04:00,False,,/money-invest/daily-news/tribunal-constitucional-prohibe-a-juntas-de-vecinos-usar-drones-para-vigilar-residentes/,258
Elba Reyes,"Luna de Ciervo 2026: Cuándo es, a qué hora verla y cómo apreciarla en República Dominicana",actualidad,2026-07-28T16:59:43-04:00,False,,/actualidad/luna-de-ciervo-2026-cuando-es-a-que-hora-verla-y-como-apreciarla-en-republica-dominicana/,257
Ana Sosa,Clip: cómo una fintech encontró su mayor mercado en una economía que todavía se mueve en efectivo,business,2026-07-16T04:51:52-04:00,True,,/business/clip-como-una-fintech-encontro-su-mayor-mercado-en-una-economia-que-todavia-se-mueve-en-efectivo/,257
SIN_AUTOR,,,,False,,/event/agrotech-summit/,255
Karime Rivas,María Sol Messi: de la moda al negocio familiar que expande el universo de Lionel Messi,executive profiles,2026-07-28T12:55:25-04:00,False,,/mercado-women/executive-profiles/maria-sol-messi-la-hermana-empresaria-de-lionel-messi/,255
Andrea Mercedes,Abinader oficializa el Código Penal y designa comisión para evaluar futuras reformas,daily news,2026-07-28T09:55:04-04:00,False,,/money-invest/daily-news/promulgacion-codigo-penal-republica-dominicana-abinader/,255
Elba Reyes,Precio del dólar hoy en República Dominicana este miércoles 1 de julio de 2026,república dominicana,2026-07-01T07:56:01-04:00,False,,/money-invest/republica-dominicana/precio-del-dolar-hoy-en-republica-dominicana-este-miercoles-1-de-julio-de-2026/,253
Elba Reyes,"Quién ganará el Mundial 2026: Los resultados de la supercomputadora tras 25,000 simulaciones",sport business,2026-06-29T12:05:03-04:00,False,,/empresas/sport-business/quien-ganara-el-mundial-2026-los-resultados-de-la-supercomputadora-tras-25000-simulaciones/,252
Andrea Mercedes,Nuevos horarios en los Centros de Cedulación de la JCE: Conoce cuándo entran en vigor,daily news,2026-07-28T12:51:57-04:00,False,,/money-invest/daily-news/nuevos-horarios-en-los-centros-de-cedulacion-de-la-jce-conoce-cuando-entran-en-vigor/,252
Andrea Mercedes,Adiós al tapón en la 27 de Febrero: Abinader confirma la entrega del esperado túnel de la Plaza de la Bandera,daily news,2026-07-13T16:58:55-04:00,False,,/money-invest/daily-news/tunel-plaza-bandera-inauguracion-abinader/,252
Andrea Mercedes,Reino Unido pide a la FIFA investigar a Argentina por mostrar una pancarta de las Malvinas,sport business,2026-07-16T11:30:19-04:00,False,,/money-invest/daily-news/reino-unido-fifa-investigar-argentina-malvinas/,250
Elba Reyes,¿Por qué hoy no hay partidos del Mundial 2026? Esta es la razón y cuándo vuelve el torneo,sport business,2026-07-08T12:27:36-04:00,False,,/empresas/sport-business/por-que-hoy-no-hay-partidos-del-mundial-2026-esta-es-la-razon-y-cuando-vuelve-el-torneo/,249
Elba Reyes,Precio del dólar hoy en República Dominicana este lunes 27 de julio de 2026,república dominicana,2026-07-27T08:59:52-04:00,False,,/money-invest/republica-dominicana/precio-del-dolar-hoy-en-republica-dominicana-este-lunes-27-de-julio-de-2026/,248
Elba Reyes,Ocultar número en WhatsApp 2026: Cómo funciona el nuevo nombre de usuario,devices,2026-06-30T15:09:45-04:00,False,,/technology/devices/ocultar-numero-en-whatsapp-2026-como-funciona-el-nuevo-nombre-de-usuario/,248
Andrea Mercedes,¿Cómo planea el Gobierno solucionar el déficit de luz en RD? Los detalles del anuncio de Abinader sobre el SENI,daily news,2026-07-13T18:01:18-04:00,False,,/money-invest/daily-news/deficit-luz-republica-dominicana-plan-abinader-seni/,247
Jhojhanni Fiorini,Resultados de la lotería nacional del miércoles 6 de mayo de 2026,actualidad,2026-05-07T08:51:51-04:00,False,,/actualidad/resultados-de-la-loteria-nacional-del-jueves-6-de-mayo-de-2026/,245
Edwin Lozada,🔴  Elecciones Colombia 2026 EN VIVO: Abelardo de la Espriella lidera y es proyectado como ganador,daily news,2026-06-21T15:02:13-04:00,False,,/money-invest/daily-news/elecciones-colombia-2026-en-vivo-resultados-segunda-vuelta/,245
Ana Sosa,El negocio detrás del gol: la red que procesa los pagos del Mundial,business,2026-07-06T06:00:43-04:00,True,,/business/el-negocio-detras-del-gol-la-red-que-procesa-los-pagos-del-mundial/,244
Andrea Mercedes,Fin de la disputa: El millonario cheque que Trump tuvo que pagar tras su derrota definitiva contra la escritora Carroll,daily news,2026-07-15T16:51:15-04:00,False,,/money-invest/daily-news/trump-paga-indemnizacion-e-jean-carroll/,242
Elba Reyes,"Los 8 mejores restaurantes de punta cana en 2026, según Tripadvisor",lifestyle,2026-03-11T17:40:07-04:00,False,,/lifestyle/los-8-mejores-restaurantes-de-punta-cana-en-2026-segun-tripadvisor/,242
Jhojhanni Fiorini,El iPhone 18 no será el más caro: el precio del plegable de Apple deja atrás a todos,technology,2026-04-10T13:25:02-04:00,False,,/technology/el-iphone-18-no-sera-el-mas-caro-el-precio-del-plegable-de-apple-deja-atras-a-todos/,240
Karime Rivas,Coinbase supera barrera de los 100.000 millones de dólares,tecnología,2021-02-22T19:59:00-04:00,False,,/tecnologia/coinbase-supera-barrera-de-los-100-000-millones-de-dolares/,240
Andrea Mercedes,Green cards y permisos de trabajo: corte ordena a EE.UU. reactivar miles de solicitudes,daily news,2026-07-08T12:21:13-04:00,False,,/money-invest/daily-news/green-cards-permisos-trabajo-estados-unidos/,238
Jhojhanni Fiorini,¿Cuáles son los países con la gasolina más cara y barata de Latinoamérica y dónde se ubica RD?,internacional,2026-07-22T15:01:40-04:00,False,,/money-invest/daily-news/paises-gasolina-mas-cara-barata-latinoamerica-posicion-rd/,238
Karime Rivas,Georgina Rodríguez apuesta millones por Mimoa: su nuevo negocio que amplía la fortuna,leadership,2026-07-02T11:47:53-04:00,False,,/mercado-women/leadership/goergina-rodriguez-momoa/,238
Elba Reyes,Cosecha histórica en Santo Domingo 2026: República Dominicana destaca con medallas clave en los Juegos Centroamericanos,sport business,2026-07-29T11:58:01-04:00,False,,/empresas/sport-business/cosecha-historica-en-santo-domingo-2026-republica-dominicana-destaca-con-medallas-clave-en-los-juegos-centroamericanos/,237
Miguel Vega,Vozinha triplica su salario tras brillar en el Mundial 2026: así fue su fichaje por Colo Colo,sport business,2026-07-28T11:04:40-04:00,False,,/empresas/sport-business/vozinha-triplica-su-salario-tras-brillar-en-el-mundial-2026-asi-fue-su-fichaje-por-colo-colo/,237
Andrea Mercedes,Nueva cédula en RD: dónde sacarla y en cuáles centros necesitas cita,daily news,2026-04-13T16:04:01-04:00,False,,/money-invest/daily-news/nueva-cedula-en-rd-donde-sacarla-y-en-cuales-centros-necesitas-cita/,236
Jhojhanni Fiorini,El ranking de turismo 2026: los países de América Latina que más crecieron y República Dominicana entre los líderes,turismo,2026-06-05T09:01:53-04:00,False,,/turismo/el-ranking-de-turismo-2026-los-paises-de-america-latina-que-mas-crecieron-y-republica-dominicana-entre-los-lideres/,236
Elba Reyes,Las marcas de lujo más valiosas del mundo en 2025 y quién lidera el ranking,lifestyle,2026-01-27T09:06:17-04:00,False,,/lifestyle/ranking-marcas-lujo-mas-valiosas-2025/,234
Gabriel Rico Albarrán,"Las estrategias del mejor vendedor de la historia, Joe Girard",empresas,2023-05-05T17:58:34-04:00,False,,/empresas/estrategias-para-vender-joe-girard/,234
Karime Rivas,Hermès lanza la mayor colección de alta joyería de su historia con 90 piezas únicas,trends,2026-07-17T10:29:42-04:00,False,,/mercado-women/trends/hermes-lanza-mayor-coleccion-de-joyeria/,234
Elba Reyes,Precio del dólar hoy en República Dominicana este jueves 2 de julio de 2026,república dominicana,2026-07-02T08:16:49-04:00,False,,/money-invest/republica-dominicana/precio-del-dolar-hoy-en-republica-dominicana-este-jueves-2-de-julio-de-2026/,234
revistamercado,Estas son las 44 empresas dominicanas más admiradas,empresas,2021-01-25T07:47:06-04:00,False,,/empresas/estas-son-las-44-empresas-dominicanas-mas-admiradas/,232
Gabriel Rico Albarrán,Mejores Empresas Para Trabajar Región Norte 2026: liderazgo para el futuro del trabajo,daily news,2026-07-02T15:32:05-04:00,False,,/mercado-exchange/mejores-empresas-para-trabajar-region-norte-2026-liderazgo-para-el-futuro-del-trabajo/,232
Karime Rivas,Marileidy Paulino llega invicta a Santo Domingo con un nuevo objetivo: bajar de 47.98,leadership,2026-07-21T12:38:55-04:00,False,,/mercado-women/leadership/marileidy-paulino-invicta-liga-diamante/,229
Andrea Mercedes,Aumentarán las tarifas del transporte público en 47 rutas de República Dominicana desde el lunes,daily news,2026-07-03T09:07:58-04:00,False,,/money-invest/daily-news/aumentaran-las-tarifas-del-transporte-publico-en-47-rutas-de-republica-dominicana-desde-el-lunes/,229
Elba Reyes,"¿Obra maestra o exceso visual? Las críticas de «La Odisea», el nuevo y colosal filme de Christopher Nolan",actualidad,2026-07-16T15:12:29-04:00,False,,/actualidad/obra-maestra-o-exceso-visual-las-criticas-de-la-odisea-el-nuevo-y-colosal-filme-de-christopher-nolan/,228
Jhojhanni Fiorini,"¿Cómo será el iPhone 18 Pro? Hackeo masivo a Foxconn expone su diseño, chip y nuevos colores",devices,2026-07-02T15:04:58-04:00,False,,/technology/devices/como-sera-el-iphone-18-pro-hackeo-masivo-a-foxconn-expone-su-diseno-chip-y-nuevos-colores/,227
Elba Reyes,"RD inicia expedición del pasaporte electrónico: precio, requisitos y citas disponibles",empresas,2026-02-19T15:31:18-04:00,False,,/empresas/rd-inicia-expedicion-del-pasaporte-electronico-precio-requisitos-y-citas-disponibles/,227
Elba Reyes,La hora de la verdad: ¿Podrá México romper finalmente la maldición del quinto partido en su Mundial?,sport business,2026-06-30T16:32:02-04:00,False,,/empresas/sport-business/la-hora-de-la-verdad-podra-mexico-romper-finalmente-la-maldicion-del-quinto-partido-en-su-mundial/,227
Jhojhanni Fiorini,Ranking de Latinoamérica de países con la gasolina más cara y más barata en febrero de 2026,money invest,2026-02-19T13:00:52-04:00,False,,/money-invest/ranking-de-latinoamerica-de-paises-con-la-gasolina-mas-cara-y-mas-barata-en-febrero-de-2026/,226
Elba Reyes,Precio del dólar hoy en República Dominicana este lunes 13 de julio de 2026,república dominicana,2026-07-13T09:25:50-04:00,False,,/money-invest/republica-dominicana/precio-del-dolar-hoy-en-republica-dominicana-este-lunes-13-de-julio-de-2026/,226
Andrea Mercedes,"Calendario de pagos Supérate julio 2026: Cuándo depositan Aliméntate, BonoGas y BonoLuz",daily news,2026-06-30T14:55:49-04:00,False,,/money-invest/daily-news/calendario-de-pagos-superate-julio-2026-cuando-depositan-alimentate-bonogas-y-bonoluz/,225
Elba Reyes,Cuál es la zona más lujosa para vivir en República Dominicana: Los paraísos inmobiliarios más exclusivos,experiencias,2026-07-10T15:00:19-04:00,False,,/lifestyle/experiencias/cual-es-la-zona-mas-lujosa-para-vivir-en-republica-dominicana-los-paraisos-inmobiliarios-mas-exclusivos/,224
Andrea Mercedes,"La FAO confirma que República Dominicana salió del mapa del hambre, aunque 4.7 millones de personas siguen con inseguridad alimentaria",daily news,2026-07-22T11:45:07-04:00,False,,/money-invest/daily-news/republica-dominicana-sale-mapa-hambre-fao-2026/,224
Elba Reyes,¿Cuáles son los hoteles mejor valorados en Punta Cana hoy? La lista oficial de Tripadvisor,turismo,2026-07-02T18:28:56-04:00,False,,/turismo/cuales-son-los-hoteles-mejor-valorados-en-punta-cana-hoy-la-lista-oficial-de-tripadvisor/,224
Ana Sosa,Grupo Nutresa: qué vio Jaime Gilinski en Helados Tío Rico que ya no encajaba en la estrategia de Unilever,business,2026-07-27T05:35:40-04:00,True,,/business/grupo-nutresa-que-vio-jaime-gilinski-en-helados-tio-rico-que-ya-no-encajaba-en-la-estrategia-de-unilever/,223
Karime Rivas,La regla de Ana Botín para conciliar trabajo y familia: planificar su vida hasta con tres años de anticipación,working mothers,2026-07-30T11:45:01-04:00,False,,/mercado-women/working-monthers/como-ana-botin-planifica-vida-personal-y-profesional/,222
SIN_AUTOR,,,,False,404 Client Error: Not Found for url: https://revistamercado.do/money-invest/daily-news/de-que-murio-sam-neill-actor-jurassic-park/,/money-invest/daily-news/de-que-murio-sam-neill-actor-jurassic-park/,222
Elba Reyes,¿Cuántos tipos de cédula hay en RD y qué cambia en cada una?,daily news,2026-04-21T14:28:01-04:00,False,,/money-invest/daily-news/cuantos-tipos-de-cedula-hay-en-rd-y-que-cambia-en-cada-una/,221
Elba Reyes,"Qué hacer en caso de tsunami en República Dominicana, según el COE",daily news,2026-06-25T14:30:39-04:00,False,,/money-invest/daily-news/que-hacer-en-caso-de-tsunami-en-republica-dominicana-segun-el-coe/,220
Edwin Lozada,Partidos del Mundial 2026 hoy: horarios y próximos encuentros,actualidad,2026-06-08T11:48:17-04:00,False,,/actualidad/proximos-partidos-mundial-2026-horarios/,220
Gabriel Rico Albarrán,Venezuela negocia con EE.UU. y el FMI fondos para la reconstrucción tras los terremotos,daily news,2026-07-03T17:27:08-04:00,False,,/money-invest/daily-news/venezuela-negocia-con-ee-uu-y-el-fmi-fondos-para-la-reconstruccion-tras-los-terremotos/,218
Andrea Mercedes,¿Qué pasó en el cielo de Venezuela? Un atardecer rojo genera asombro tras los sismos,daily news,2026-07-01T09:14:33-04:00,False,,/money-invest/daily-news/que-paso-en-el-cielo-de-venezuela-un-atardecer-rojo-genera-asombro-tras-los-sismos/,218
Jhojhanni Fiorini,Elon Musk augura que el dinero no importará en 2036 por el avance de la IA,empresas,2026-07-29T12:53:11-04:00,False,,/empresas/elon-musk-augura-que-el-dinero-no-importara-en-2036-por-el-avance-de-la-ia/,217
Elba Reyes,Anillo de los campeones del Mundial 2026: Cuánto cuesta y de qué está hecho «El Anillo Único”,experiencias,2026-07-17T12:07:21-04:00,False,,/lifestyle/experiencias/anillo-de-los-campeones-del-mundial-2026-cuanto-cuesta-y-de-que-esta-hecho-el-anillo-unico/,217
Jhojhanni Fiorini,Ranking de inflación en Latinoamérica 2026: ¿Cuáles son los países más caros para vivir?,actualidad,2026-07-16T17:31:23-04:00,False,,/actualidad/ranking-de-inflacion-en-latinoamerica-2026-cuales-son-los-paises-mas-caros-para-vivir/,216
Elba Reyes,"El mejor ron dominicano y los 8 rones del mundo que marcan el estándar premium, según expertos",lifestyle,2026-02-05T19:10:14-04:00,False,,/lifestyle/el-mejor-ron-dominicano-y-los-8-rones-del-mundo-que-marcan-el-estandar-premium-segun-expertos/,216
Andrea Mercedes,¿Cuáles son las provincias bajo alerta por lluvias en RD? Pronóstico del clima por el paso de la vaguada,daily news,2026-07-09T15:18:38-04:00,False,,/money-invest/daily-news/cuales-son-las-provincias-bajo-alerta-por-lluvias-en-rd-pronostico-del-clima-por-el-paso-de-la-vaguada/,215
Elba Reyes,De Robert Downey Jr. a Pedro Pascal: ¿De cuánto es la fortuna de las estrellas de Avengers: Doomsday?,experiencias,2026-07-21T11:56:03-04:00,False,,/lifestyle/experiencias/de-robert-downey-jr-a-pedro-pascal-de-cuanto-es-la-fortuna-de-las-estrellas-de-avengers-doomsday/,215
Elba Reyes,Se filtran las imágenes de la Samsung Galaxy Tab S12 Ultra y confirman su diseño continuo,devices,2026-07-16T15:13:04-04:00,False,,/technology/devices/se-filtran-las-imagenes-de-la-samsung-galaxy-tab-s12-ultra-y-confirman-su-diseno-continuo/,215
Andrea Mercedes,"Monorriel de Santo Domingo: por dónde pasará, estaciones y cómo cambiará el tráfico",daily news,2026-03-27T17:00:14-04:00,False,,/money-invest/daily-news/monorriel-de-santo-domingo-por-donde-pasara-estaciones-y-como-cambiara-el-trafico/,215
Andrea Mercedes,¿Está aumentando realmente la cantidad de terremotos en el planeta o es solo una percepción mediática?,cambio climático,2026-07-28T16:34:28-04:00,False,,/money-invest/daily-news/esta-aumentando-realmente-la-cantidad-de-terremotos-en-el-planeta-o-es-solo-una-percepcion-mediatica/,214
Ana Sosa,"Clara, la fintech que convirtió el gasto corporativo en infraestructura financiera",business,2026-07-07T05:40:37-04:00,True,,/empresas/clara-la-fintech-que-convirtio-el-gasto-corporativo-en-infraestructura-financiera/,213
Jhojhanni Fiorini,"Los contratos de imagen de Messi en el Mundial 2026: Adidas, Apple y los millones en juego",sport business,2026-06-16T16:02:09-04:00,False,,/empresas/sport-business/los-contratos-de-imagen-de-messi-en-el-mundial-2026-adidas-apple-y-los-millones-en-juego/,212
Edwin Lozada,Terremoto 7.8 en Filipinas: colapsan estructuras en General Santos y hay alerta de tsunami para 6 países,daily news,2026-06-07T20:01:04-04:00,False,,/money-invest/daily-news/daily-news-terremoto-filipinas-hoy-mindanao-tsunami/,212
Elba Reyes,Precio del dólar hoy en República Dominicana este martes 28 de julio de 2026,república dominicana,2026-07-28T08:52:53-04:00,False,,/money-invest/republica-dominicana/precio-del-dolar-hoy-en-republica-dominicana-este-martes-28-de-julio-de-2026/,211
Jhojhanni Fiorini,"Los 10 mejores restaurantes de Santo Domingo en 2026, según Tripadvisor",lifestyle,2026-03-06T13:12:15-04:00,False,,/lifestyle/los-10-mejores-restaurantes-de-santo-domingo-en-2026-segun-tripadvisor/,210
Jhojhanni Fiorini,¿Cuáles son los países con la gasolina más cara y barata de Latinoamérica y dónde se ubica RD?,internacional,2026-07-22T15:01:40-04:00,False,,/money-invest/daily-news/cuales-son-los-paises-con-la-gasolina-mas-cara-y-barata-de-latinoamerica/,210
Elba Reyes,Precio del dólar hoy en República Dominicana este miércoles 8 de julio de 2026,república dominicana,2026-07-08T08:56:34-04:00,False,,/money-invest/republica-dominicana/precio-del-dolar-hoy-en-republica-dominicana-este-miercoles-8-de-julio-de-2026/,210
Jhojhanni Fiorini,Top 10 cervezas más valiosas del mundo en 2025,brand business,2025-07-21T17:30:49-04:00,False,,/empresas/brand-business/top-10-cervezas-mas-valiosas-del-mundo-en-2025/,209
Karime Rivas,La estrategia de Nolan: por qué La Odisea reunió a las mujeres más rentables de Hollywood,trends,2026-07-20T14:48:59-04:00,False,,/mercado-women/trends/actrices-de-la-odisea/,209
Andrea Mercedes,"RD fue el primer país en enviar rescatistas a Venezuela, pero tuvo que usar una ruta diplomática insólita",daily news,2026-06-26T15:36:16-04:00,False,,/money-invest/daily-news/rd-fue-el-primer-pais-en-enviar-rescatistas-a-venezuela-pero-tuvo-que-usar-una-ruta-diplomatica-insolita/,209
Jhojhanni Fiorini,Más de 80 celulares ya se actualizan a Android 17: Verifica si el tuyo está en la lista oficial,devices,2026-07-17T08:22:21-04:00,False,,/technology/devices/mas-de-80-celulares-ya-se-actualizan-a-android-17-verifica-si-el-tuyo-esta-en-la-lista-oficial/,208
Ana Sosa,El efecto SpaceX: qué buscan los inversionistas en los próximos grandes IPO,business,2026-07-23T04:00:26-04:00,True,,/business/el-efecto-spacex-que-buscan-los-inversionistas-en-los-proximos-grandes-ipo/,206
Elba Reyes,Fortuna de Cristiano Ronaldo en 2026: cuánto dinero tiene el futbolista,sport business,2026-04-14T14:18:54-04:00,False,,/empresas/sport-business/fortuna-de-cristiano-ronaldo-en-2026-cuanto-dinero-tiene-el-futbolista/,204
Karime Rivas,Mónica Varela reabre el debate sobre la exportación del larimar en República Dominicana,leadership,2026-07-23T18:44:12-04:00,False,,/mercado-women/leadership/monica-varela-exportacion-de-larimar/,204
Elba Reyes,"¿Cuáles son los nuevos cambios de WhatsApp para usuarios de iPhone, iPad y CarPlay?",devices,2026-07-24T16:11:06-04:00,False,,/technology/devices/cuales-son-los-nuevos-cambios-de-whatsapp-para-usuarios-de-iphone-ipad-y-carplay/,204
Andrea Mercedes,¿Cómo funcionará la nueva tarifa integrada de RD$35 en el transporte público de República Dominicana?,daily news,2026-07-09T10:03:11-04:00,False,,/money-invest/daily-news/tarifa-integrada-rd35-transporte-publico-rd/,203
Andrea Mercedes,El Niño y el clima extremo: Advierten que la temperatura global podría superar el límite de los 2°C,cambio climático,2026-07-28T17:04:22-04:00,False,,/money-invest/daily-news/el-nino-y-el-clima-extremo-advierten-que-la-temperatura-global-podria-superar-el-limite-de-los-2c/,203
Elba Reyes,Resultados de la Lotería Quiniela Real del jueves 16 julio de 2026,actualidad,2026-07-17T08:34:37-04:00,False,,/actualidad/resultados-de-la-loteria-quiniela-real-del-jueves-16-julio-de-2026/,203
Andrea Mercedes,Elecciones Perú 2026: qué dice la ley si hay empate entre Keiko Fujimori y Roberto Sánchez,daily news,2026-06-09T17:11:14-04:00,False,,/money-invest/daily-news/elecciones-peru-2026-que-dice-la-ley-si-hay-empate-entre-keiko-fujimori-y-roberto-sanchez/,202
Elba Reyes,"Juegos Centroamericanos Santo Domingo 2026: dominicanos que compiten hoy, jueves 30 de julio de 2026",sport business,2026-07-30T11:05:30-04:00,False,,/empresas/sport-business/juegos-centroamericanos-santo-domingo-2026-dominicanos-que-compiten-hoy-jueves-30-de-julio-de-2026/,202
Elba Reyes,¿Por qué esta temblando tanto en el mundo? La explicación científica tras el terremoto de Venezuela,daily news,2026-06-26T12:05:34-04:00,False,,/money-invest/daily-news/por-que-esta-temblando-tanto-en-el-mundo-la-explicacion-cientifica-tras-el-terremoto-de-venezuela/,202
Elba Reyes,Mundial 2026: conoce los cruces confirmados de los Octavos de Final tras los partidos de hoy,sport business,2026-07-06T09:16:40-04:00,False,,/empresas/sport-business/mundial-2026-conoce-los-cruces-confirmados-de-los-octavos-de-final/,201
Elba Reyes,Dominicanos en el exterior renovarán su cédula desde mayo: cómo sacar cita,daily news,2026-04-22T17:32:02-04:00,False,,/money-invest/daily-news/dominicanos-en-el-exterior-renovaran-su-cedula-desde-mayo-como-sacar-cita/,201
Jhojhanni Fiorini,Regulación de rentas cortas en República Dominicana: Claves del nuevo marco legal y fiscal,república dominicana,2026-07-22T05:58:10-04:00,False,,/money-invest/daily-news/regulacion-de-rentas-cortas-en-republica-dominicana-claves-del-nuevo-marco-legal-y-fiscal/,201
Jhojhanni Fiorini,¿Afectaron los terremotos de Venezuela la producción de petróleo? Lo que dice Chevron y PDVSA,empresas,2026-06-25T10:02:49-04:00,False,,/empresas/afectaron-los-terremotos-de-venezuela-la-produccion-de-petroleo-lo-que-dice-chevron-y-pdvsa/,200
Elba Reyes,¿Qué le pasa al hígado si comes piña todos los días? Esto dicen los estudios científicos,salud,2026-01-28T11:21:14-04:00,False,,/medihealth/salud/que-le-pasa-al-higado-si-comes-pina-todos-los-dias-esto-dicen-los-estudios-cientificos/,200
Andrea Mercedes,¿Cuánto costará reconstruir Venezuela tras el terremoto de 2026?,daily news,2026-06-29T16:20:45-04:00,False,,/money-invest/daily-news/cuanto-costara-reconstruir-venezuela-tras-el-terremoto-de-2026/,199
Elba Reyes,"Santo Domingo 2026: Más de 6,000 atletas disputarán medallas en 40 disciplinas en RD",actualidad,2026-07-24T12:07:33-04:00,False,,/actualidad/santo-domingo-2026-mas-de-6000-atletas-disputaran-medallas-en-40-disciplinas-en-rd/,199
SIN_AUTOR,,,,False,404 Client Error: Not Found for url: https://revistamercado.do/lifestyle/de-monaco-a-india-las-10-casas-mas-caras-del-mundo-en-2026/,/lifestyle/de-monaco-a-india-las-10-casas-mas-caras-del-mundo-en-2026/,197
Elba Reyes,Cómo activar las alertas de terremotos de Google en tu celular Android paso a paso,devices,2026-06-25T15:55:40-04:00,False,,/technology/devices/como-activar-las-alertas-de-terremotos-de-google-en-tu-celular-android-paso-a-paso/,197
Elba Reyes,NASA desmiente los colores en la Luna: qué hay detrás de las fotos de Artemis II,ciencia y espacio,2026-04-09T16:54:41-04:00,False,,/technology/ciencia-y-espacio/nasa-desmiente-los-colores-en-la-luna-que-hay-detras-de-las-fotos-de-artemis-ii/,195
Gabriel Rico Albarrán,"Juan Tomás Díaz, líder de proyectos innovadores por y para los dominicanos",empresas,2023-05-03T17:14:43-04:00,False,,/empresas/juan-tomas-diaz-lider-de-proyectos-innovadores-por-y-para-los-dominicanos/,195
Elba Reyes,Resultados de la Lotería Quiniela Real del lunes 27 julio de 2026,actualidad,2026-07-28T08:56:30-04:00,False,,/actualidad/resultados-de-la-loteria-quiniela-real-del-lunes-27-julio-de-2026/,194
Elba Reyes,¿Por qué los terremotos de Venezuela fueron tan destructivos? La falla que llevaba 100 años sin activarse,daily news,2026-06-25T14:19:42-04:00,False,,/money-invest/daily-news/por-que-los-terremotos-de-venezuela-fueron-tan-destructivos-la-falla-que-llevaba-100-anos-sin-activarse/,193
Elba Reyes,Cómo recuperar todas tus conversaciones de WhatsApp paso a paso y sin perder archivos,devices,2026-05-06T13:03:11-04:00,False,,/technology/devices/como-recuperar-todas-tus-conversaciones-de-whatsapp-paso-a-paso-y-sin-perder-archivos/,193
Elba Reyes,Precio del dólar hoy en República Dominicana este miércoles 15 de julio de 2026,república dominicana,2026-07-15T07:53:13-04:00,False,,/money-invest/republica-dominicana/precio-del-dolar-hoy-en-republica-dominicana-este-miercoles-15-de-julio-de-2026/,193
SIN_AUTOR,,,,False,,/products/revista-mercado/,193
Jhojhanni Fiorini,Imperio de negocios: ¿En qué invierten Messi y Cristiano en 2026?,sport business,2026-07-06T16:10:59-04:00,False,,/empresas/sport-business/imperio-de-negocios-en-que-invierten-messi-y-cristiano-en-2026/,193
Elba Reyes,Ranking global: los 15 trabajos mejor pagados del mundo en 2026,empresas,2026-02-04T14:49:04-04:00,False,,/empresas/ranking-global-los-15-trabajos-mejor-pagados-del-mundo-en-2026/,193
Gabriel Rico Albarrán,Cuáles países componen Reino Unido 🇬🇧,actualidad,2023-04-27T09:23:47-04:00,False,,/actualidad/paises-reino-unido/,193
Elba Reyes,Eclipse solar y lunar en agosto: qué días serán y por qué se consideran un punto de quiebre,ciencia y espacio,2026-04-17T15:41:00-04:00,False,,/technology/ciencia-y-espacio/eclipse-solar-y-lunar-en-agosto-que-dias-seran-y-por-que-se-consideran-un-punto-de-quiebre/,192
Andrea Mercedes,¿Cómo sería un Mundial de 64 países? El plan que analiza Infantino para la Copa del Mundo de 2030,sport business,2026-07-13T16:40:44-04:00,False,,/money-invest/daily-news/mundial-64-paises-fifa-2030/,191
Elba Reyes,Los 10 jugadores más caros del Mundial 2026: valor de mercado antes del debut,sport business,2026-06-09T16:02:42-04:00,False,,/empresas/sport-business/los-10-jugadores-mas-caros-del-mundial-2026-valor-de-mercado-antes-del-debut/,190
Andrea Mercedes,Mbappé responde a insultos racistas de senadora paraguaya en el Mundial ,sport business,2026-07-07T16:00:53-04:00,False,,/money-invest/daily-news/mbappe-responde-a-insultos-racistas-de-senadora-paraguaya-en-el-mundial/,190
Jhojhanni Fiorini,Cuánto gana un doctor en República Dominicana: salarios y mercado laboral en 2026,empresas,2026-02-06T16:36:58-04:00,False,,/empresas/cuanto-gana-un-doctor-en-republica-dominicana-salarios-y-mercado-laboral-en-2026/,190
Elba Reyes,Fallece Alex Bueno a los 62 años: ¿de qué murió una de las voces más emblemáticas del merengue y la bachata?,actualidad,2026-06-18T11:54:33-04:00,False,,/actualidad/fallece-alex-bueno-a-los-62-anos-de-que-murio-una-de-las-voces-mas-emblematicas-del-merengue-y-la-bachata/,189
Elba Reyes,Precio del dólar hoy en República Dominicana este viernes 17 de julio de 2026,república dominicana,2026-07-17T08:31:07-04:00,False,,/money-invest/republica-dominicana/precio-del-dolar-hoy-en-republica-dominicana-este-viernes-17-de-julio-de-2026/,189
Elba Reyes,Precio del dólar hoy en República Dominicana este viernes 3 de julio de 2026,república dominicana,2026-07-03T08:40:37-04:00,False,,/money-invest/republica-dominicana/precio-del-dolar-hoy-en-republica-dominicana-este-viernes-3-de-julio-de-2026/,188
Andrea Mercedes,Protestas en Venezuela: Convocan a masiva jornada ciudadana para exigir la salida del Gobierno,daily news,2026-07-06T17:51:56-04:00,False,,/money-invest/daily-news/protestas-en-venezuela-convocan-a-masiva-jornada-ciudadana-para-exigir-la-salida-del-gobierno/,188
Elba Reyes,"Esto gana un ingeniero en República Dominicana en 2026, según el mercado laboral",empresas,2026-02-09T14:37:59-04:00,False,,/empresas/esto-gana-un-ingeniero-en-republica-dominicana-en-2026-segun-el-mercado-laboral/,188
Elba Reyes,Nueva cédula en RD genera confusión: esto significa realmente uno de sus símbolos,daily news,2026-04-17T17:01:12-04:00,False,,/money-invest/daily-news/nueva-cedula-en-rd-genera-confusion-esto-significa-realmente-uno-de-sus-simbolos/,187
Elba Reyes,Precio del dólar hoy en República Dominicana este martes 7 de julio de 2026,república dominicana,2026-07-07T09:16:12-04:00,False,,/money-invest/republica-dominicana/precio-del-dolar-hoy-en-republica-dominicana-este-martes-7-de-julio-de-2026/,187
Darling Gil,Resiliencia para crecer juntos,brand content,2026-07-06T17:24:42-04:00,False,,/empresas/brand-content/resiliencia-para-crecer-juntos/,187
Jhojhanni Fiorini,"Estos serían los países que más crecerán en Latinoamérica en 2026 y 2027, según el Banco Mundial",empresas,2026-02-20T16:51:25-04:00,False,,/empresas/estos-serian-los-paises-que-mas-creceran-en-latinoamerica-en-2026-y-2027-segun-el-banco-mundial/,187
Elba Reyes,Resultados de la Lotería Quiniela Real del martes 30  junio de 2026,actualidad,2026-07-01T08:07:51-04:00,False,,/actualidad/resultados-de-la-loteria-quiniela-real-del-miercoles-01-junio-de-2026/,187
Elba Reyes,¿Quién ganará el Mundial 2026? La proyección de Goldman Sachs para las selecciones latinoamericanas,actualidad,2026-06-02T17:04:43-04:00,False,,/actualidad/quien-ganara-el-mundial-2026-la-proyeccion-de-goldman-sachs-para-las-selecciones-latinoamericanas/,186
Jhojhanni Fiorini,Resultados de las loterías del 7 de junio de 2026 en República Dominicana,actualidad,2026-06-08T08:51:23-04:00,False,,/actualidad/resultados-de-las-loterias-del-7-de-junio-de-2026-en-republica-dominicana/,186
Jhojhanni Fiorini,El truco para recuperar mensajes eliminados o borrados en WhatsApp que pocos conocen,technology,2026-01-28T10:22:32-04:00,False,,/technology/el-truco-para-recuperar-mensajes-eliminados-o-borrados-en-whatsapp-que-pocos-conocen/,186
Elba Reyes,Nuevos emojis para 2027: Conozca los 8 diseños que llegarán a su celular y qué significan,devices,2026-07-17T17:25:46-04:00,False,,/technology/devices/nuevos-emojis-para-2027-conozca-los-8-disenos-que-llegaran-a-su-celular-y-que-significan/,185
Elba Reyes,Qué es ChatGPT Work: El nuevo agente de OpenAI impulsado por GPT-5.6 para automatizar tareas,devices,2026-07-10T15:02:28-04:00,False,,/technology/devices/que-es-chatgpt-work-el-nuevo-agente-de-openai-impulsado-por-gpt-5-6-para-automatizar-tareas/,185
Elba Reyes,"Esto gana una enfermera en República Dominicana en 2026, según el mercado laboral",empresas,2026-02-10T11:38:04-04:00,False,,/empresas/esto-gana-una-enfermera-en-republica-dominicana-en-2026-segun-el-mercado-laboral/,185
Elba Reyes,Precio del dólar hoy en República Dominicana este viernes 24 de julio de 2026,república dominicana,2026-07-24T08:56:18-04:00,False,,/money-invest/republica-dominicana/precio-del-dolar-hoy-en-republica-dominicana-este-viernes-24-de-julio-de-2026/,185
Elba Reyes,Señales que indican que alguien accedió a tu WhatsApp y cómo proteger tu cuenta,technology,2026-01-20T16:53:18-04:00,False,,/technology/senales-que-indican-que-alguien-accedio-a-tu-whatsapp-y-como-proteger-tu-cuenta/,184
Andrea Mercedes,¿Qué pasará con los verifones en las estaciones de combustibles? Anadegas mantiene los pagos con tarjeta,daily news,2026-07-06T09:55:55-04:00,False,,/money-invest/daily-news/que-pasara-con-los-verifones-en-las-estaciones-de-combustibles-anadegas-mantiene-los-pagos-con-tarjeta/,183
Jhojhanni Fiorini,"Partidos de hoy, lunes 27 de julio del 2026 EN VIVO: horarios y dónde ver fútbol",actualidad,2026-07-27T09:22:07-04:00,False,,/actualidad/partidos-de-hoy-lunes-27-de-julio-del-2026-en-vivo-horarios-y-donde-ver-futbol/,183
Jhojhanni Fiorini,¿Cuál es el olor que ahuyenta a las ratas y los ratones de su casa?,salud,2026-03-19T13:20:09-04:00,False,,/medihealth/salud/cual-es-el-olor-que-ahuyenta-a-las-ratas-y-los-ratones-de-su-casa/,182
Andrea Mercedes,Mundial 2026: La predicción de Goldman Sachs para el Mundial: El algoritmo que adivinó el título de España,sport business,2026-07-20T13:05:36-04:00,False,,/money-invest/daily-news/prediccion-goldman-sachs-mundial-2026-espana/,182
Jhojhanni Fiorini,Los países más endeudados de América Latina en 2026: quién lidera la crisis,money invest,2026-04-16T10:00:45-04:00,False,,/money-invest/los-paises-mas-endeudados-de-america-latina-en-2026-quien-lidera-la-crisis/,182
Ana Sosa,¿Qué convirtió un asiento de Wimbledon en un símbolo de estatus?,lifestyle,2026-07-04T06:00:12-04:00,True,,/lifestyle/que-convirtio-un-asiento-de-wimbledon-en-un-simbolo-de-estatus/,181
Elba Reyes,Precio del dólar hoy en República Dominicana este martes 14 de julio de 2026,república dominicana,2026-07-14T08:41:16-04:00,False,,/money-invest/republica-dominicana/precio-del-dolar-hoy-en-republica-dominicana-este-martes-14-de-julio-de-2026/,181
Ana Sosa,¿Por qué algunos países atraen inversiones que otros no logran captar?,business,2026-07-03T06:00:46-04:00,True,,/business/por-que-algunos-paises-consiguen-atraer-inversiones-que-otros-con-incentivos-similares-no-logran-captar/,180
Andrea Mercedes,"Los países que más ganarán con el Mundial 2026: turismo, TV y negocios en cifras",sport business,2026-06-08T16:44:59-04:00,False,,/money-invest/daily-news/los-paises-que-mas-ganaran-con-el-mundial-2026-turismo-tv-y-negocios-en-cifras/,179
Ana Sosa,¿Por qué América Latina produce tantos unicornios?,business,2026-07-02T05:42:42-04:00,True,,/business/por-que-america-latina-produce-tantos-unicornios/,179
Ana Sosa,Globant: la startup argentina a la que la FIFA confió la experiencia digital del Mundial 2026,business,2026-07-10T06:00:51-04:00,True,,/business/globant-la-startup-argentina-a-la-que-la-fifa-confio-la-experiencia-digital-del-mundial-2026/,179
Ana Sosa,El caso KitKat: cómo Nestlé convirtió un robo en una campaña premiada en Cannes Lions,business,2026-07-20T10:42:49-04:00,True,,/business/el-caso-kitkat-como-nestle-convirtio-un-robo-en-una-campana-premiada-en-cannes-lions/,179
Elba Reyes,¿Quién ganará el Mundial 2026? El economista que nunca falla revela a su favorito.,actualidad,2026-05-28T17:36:14-04:00,False,,/actualidad/quien-ganara-el-mundial-2026-el-economista-que-nunca-falla-revela-a-su-favorito/,177
Elba Reyes,El Testigo: así nació el medio dominicano que investiga con inteligencia artificial,cover story,2026-07-28T06:00:38-04:00,False,,/cover-story/el-testigo-asi-nacio-el-medio-dominicano-que-investiga-con-inteligencia-artificial/,177
Elba Reyes,Resultados de Leidsa del sábado 30 de mayo de 2026,actualidad,2026-05-31T07:07:42-04:00,False,,/actualidad/resultados-de-leidsa-del-sabado-30-de-mayo-de-2026/,176
Andrea Mercedes,¿Cómo avanza la transformación de la Policía? Faride Raful responde a las críticas de la oposición,daily news,2026-07-14T17:25:20-04:00,False,,/money-invest/daily-news/reforma-policial-republica-dominicana-faride-raful/,176
Elba Reyes,WhatsApp te delata: así sabrán cuándo usas la app sin abrir chats,technology,2026-04-01T17:40:42-04:00,False,,/technology/whatsapp-te-delata-asi-sabran-cuando-usas-la-app-sin-abrir-chats/,176
Agatha Thomas,"Estas son las carreras universitarias más difíciles, según la Universidad de Oxford",empresas,2026-02-02T09:56:27-04:00,False,,/empresas/estas-son-las-carreras-universitarias-mas-dificiles-segun-la-universidad-de-oxford/,175
Andrea Mercedes,¿Cuáles son los cambios que proponen para el Código Penal dominicano en el Congreso?,daily news,2026-07-13T15:38:55-04:00,False,,/money-invest/daily-news/reforma-policial-rd-cambios-senado/,174
Andrea Mercedes,Resultados de Leidsa del miércoles 6 de mayo de 2026,actualidad,2026-05-07T09:22:42-04:00,False,,/actualidad/resultados-de-leidsa-del-miercoles-6-de-mayo-de-2026/,173
Elba Reyes,El truco del vinagre para saber si tus joyas son de oro auténtico,actualidad,2026-05-06T17:04:04-04:00,False,,/actualidad/el-truco-del-vinagre-para-saber-si-tus-joyas-son-de-oro-autentico/,173
Elba Reyes,Las 10 marcas de bebidas más valiosas del mundo en 2026: Coca-Cola lidera y sorprende el ranking,empresas,2026-02-17T16:00:56-04:00,False,,/empresas/las-10-marcas-de-bebidas-mas-valiosas-del-mundo-en-2026-coca-cola-lidera-y-sorprende-el-ranking/,172
Ana Sosa,Las ciudades que siguen dominando el turismo global en 2026,viajes,2026-05-09T07:00:56-04:00,False,,/lifestyle/viajes/las-ciudades-que-siguen-dominando-el-turismo-global-en-2026/,172
Elba Reyes,Ranking: Las mujeres más poderosas del mundo en 2026,mercado women,2026-01-02T15:45:30-04:00,False,,/mercado-women/ranking-las-mujeres-mas-poderosas-del-mundo-en-2026/,172
Andrea Mercedes,Exigen la renuncia de Gianni Infantino y piden cancelar el Mundial de Clubes,sport business,2026-07-22T16:54:56-04:00,False,,/money-invest/daily-news/javier-tebas-pide-renuncia-gianni-infantino-fifa/,172
Edwin Lozada,"Juegos Centroamericanos Santo Domingo 2026: agenda de hoy, viernes 31 de julio",sport business,2026-07-31T09:54:38-04:00,False,,/empresas/sport-business/juegos-centroamericanos-santo-domingo-2026-dominicanos-que-compiten-hoy-jueves-31-de-julio-de-2026/,171
Jhojhanni Fiorini,¿Dónde trabajar en el extranjero en 2026? Los 10 países con mejores salarios,empresas,2026-02-14T09:33:35-04:00,False,,/empresas/donde-trabajar-en-el-extranjero-en-2026-los-10-paises-con-mejores-salarios/,171
Andrea Mercedes,Resultados de Leidsa del miércoles 3 de junio de 2026,actualidad,2026-06-04T08:45:28-04:00,False,,/actualidad/resultados-de-leidsa-del-miercoles-3-de-junio-de-2026-2/,171
Andrea Mercedes,Resultados de Leidsa del miércoles 27 de mayo de 2026,actualidad,2026-05-28T08:42:52-04:00,False,,/actualidad/resultados-de-leidsa-del-miercoles-27-de-mayo-de-2026/,171
Elba Reyes,Copa del Mundo FIFA 2026: de qué está hecha y cuánto vale el trofeo más famoso del fútbol,lifestyle,2026-06-16T15:10:14-04:00,False,,/lifestyle/copa-del-mundo-fifa-2026-de-que-esta-hecha-y-cuanto-vale-el-trofeo-mas-famoso-del-futbol/,170
Elba Reyes,Cómo ver el Mundial 2026 en vivo: canales oficiales para ver los 104 partidos desde cualquier país,sport business,2026-06-10T16:56:27-04:00,False,,/empresas/sport-business/como-ver-el-mundial-2026-en-vivo-canales-oficiales-para-ver-los-104-partidos-desde-cualquier-pais/,169
Andrea Mercedes,Funeral del Líder Supremo de Irán: Clamor de venganza enciende alarmas globales,daily news,2026-07-06T17:53:18-04:00,False,,/money-invest/daily-news/funeral-del-lider-supremo-de-iran-clamor-de-venganza-enciende-alarmas-globales/,169
Andrea Mercedes,Fallo histórico en RD: El Tribunal Constitucional anula el decreto que regulaba la venta de bebidas alcohólicas,daily news,2026-07-29T16:44:03-04:00,False,,/money-invest/daily-news/fallo-historico-en-rd-el-tribunal-constitucional-anula-el-decreto-que-regulaba-la-venta-de-bebidas-alcoholicas/,169
Jhojhanni Fiorini,Resultados de la lotería nacional de este viernes 16 de mayo de 2026,actualidad,2026-05-17T08:19:05-04:00,False,,/actualidad/resultados-de-la-loteria-nacional-de-este-viernes-16-de-mayo-de-2026/,169
Gabriel Rico Albarrán,"Héctor José Rizek Sued, empresario, mecenas y representante cultural de República Dominicana",empresas,2026-07-13T04:30:23-04:00,False,,/empresas/hector-jose-rizek-sued-empresario-mecenas-y-representante-cultural-de-republica-dominicana/,169
Edwin Lozada,¿Tiene escena postcréditos &#8216;Spider-Man: Brand New Day&#8217;? Esto revela el final de la película,actualidad,2026-07-29T13:13:15-04:00,False,,/actualidad/tiene-escena-postcreditos-spider-man-brand-new-day-explicacion-final/,169
Elba Reyes,Un truco para tener todos los partidos del Mundial 2026 en tu calendario de Google,devices,2026-06-09T15:36:31-04:00,False,,/technology/devices/un-truco-para-tener-todos-los-partidos-del-mundial-2026-en-tu-calendario-de-google/,168
SIN_AUTOR,,,,False,,/products/mercado-region-este/,168
Jhojhanni Fiorini,¿Conviene comprar o mantener acciones de Amazon antes de la presentación de sus resultados trimestrales?,empresas,2026-07-29T12:21:26-04:00,False,,/empresas/conviene-comprar-o-mantener-acciones-de-amazon-antes-de-la-presentacion-de-sus-resultados-trimestrales/,167
Elba Reyes,No tires tu dinero: Los únicos teléfonos de Samsung que realmente vale la pena comprar en 2026,devices,2026-07-07T14:50:18-04:00,False,,/technology/devices/no-tires-tu-dinero-los-unicos-telefonos-de-samsung-que-realmente-vale-la-pena-comprar-en-2026/,167
Rodrigo Muñoz,Microsoft integrará AMD Helios en Azure para impulsar la inteligencia artificial y competir con Nvidia,technology,2026-07-21T12:21:48-04:00,False,,/technology/microsoft-integrara-amd-helios-en-azure-para-impulsar-la-inteligencia-artificial-y-competir-con-nvidia/,167
Miguel Vega,"José Miguel González Cuadra, el «Jumbo Empresario»",empresas,2026-06-09T07:14:36-04:00,False,,/empresas/jose-miguel-gonzalez-cuadra-el-empresario-que-hizo-de-jumbo-algo-mas-que-una-palabra/,167
Jhojhanni Fiorini,"Países con mejor y peor reputación internacional en 2026, según el ranking RepCore Nations",internacional,2026-06-25T10:18:23-04:00,False,,/money-invest/internacional-economia/paises-con-mejor-y-peor-reputacion-internacional-en-2026-segun-el-ranking-repcore-nations/,167
Elba Reyes,Cerca de RD: ¿Cuándo y dónde se celebrará la final de Miss Universo 2026?,actualidad,2026-07-23T17:02:33-04:00,False,,/actualidad/cerca-de-rd-cuando-y-donde-se-celebrara-la-final-de-miss-universo-2026/,166
SIN_AUTOR,,,,False,,/products/mercado-region-norte/,166
Darling Gil,La revolución humana,brand content,2026-07-08T12:08:33-04:00,False,,/empresas/brand-content/la-revolucion-humana/,165
Elba Reyes,¿Cómo sacar el pasaporte dominicano por primera vez en 2026? Guía y requisitos,actualidad,2026-05-18T14:22:29-04:00,False,,/actualidad/como-sacar-el-pasaporte-dominicano-por-primera-vez-en-2026-guia-y-requisitos/,164
Andrea Mercedes,Resultados de Leidsa del miércoles 10 de junio de 2026,actualidad,2026-06-11T08:15:22-04:00,False,,/actualidad/resultados-de-leidsa-del-miercoles-10-de-junio-de-2026/,164
Elba Reyes,“Nadie nos regala nada”: La polémica frase de Lionel Messi tras clasificar a la final del Mundial,sport business,2026-07-16T11:41:45-04:00,False,,/empresas/sport-business/nadie-nos-regala-nada-la-polemica-frase-de-lionel-messi-tras-clasificar-a-la-final-del-mundial/,164
Elba Reyes,Qué datos guarda realmente el chip de la nueva cédula  en RD tras los rumores sobre donación de órganos,daily news,2026-04-20T16:48:24-04:00,False,,/money-invest/daily-news/que-datos-guarda-realmente-el-chip-de-la-nueva-cedula-en-rd-tras-los-rumores-sobre-donacion-de-organos/,164
Andrea Mercedes,¿Qué está pasando en la frontera de Ceuta entre España y Marruecos por la llegada de migrantes?,daily news,2026-07-31T11:03:51-04:00,False,,/money-invest/daily-news/que-esta-pasando-en-la-frontera-de-ceuta-entre-espana-y-marruecos-por-la-llegada-de-migrantes/,164
Elba Reyes,Conciertos en República Dominicana: La cartelera de shows que no te puedes perder este fin de semana,experiencias,2026-07-17T18:12:54-04:00,False,,/lifestyle/experiencias/conciertos-en-republica-dominicana-la-cartelera-de-shows-que-no-te-puedes-perder-este-fin-de-semana/,163
SIN_AUTOR,,,,False,404 Client Error: Not Found for url: https://revistamercado.do/empresas/prueba-desarrollo-5-enganos-nutricionales-en-tiktok-lo-que-debes-saber-para-no-caer-en-la-trampa/,/empresas/prueba-desarrollo-5-enganos-nutricionales-en-tiktok-lo-que-debes-saber-para-no-caer-en-la-trampa/,162
Darling Gil,Mejores Empresas para Trabajar Región Norte 2026: el nuevo epicentro del liderazgo humano en la era de la IA,mercado events,2026-07-02T07:43:14-04:00,False,,/mercado-exchange/mejores-empresas-para-trabajar-region-norte-2026-el-nuevo-epicentro-del-liderazgo-humano-en-la-era-de-la-ia/,162
Ana Sosa,¿Qué cambió en Perú para que Keiko Fujimori ganara la presidencia en su cuarto intento?,política,2026-07-01T05:46:33-04:00,True,,/politica/que-cambio-en-peru-para-que-keiko-fujimori-ganara-la-presidencia-en-su-cuarto-intento/,162
Andrea Mercedes,¿Cuándo se inaugura el paso a desnivel de la Plaza de la Bandera? Fecha clave para el tránsito de Santo Domingo,daily news,2026-07-16T16:48:31-04:00,False,,/money-invest/daily-news/inauguracion-paso-desnivel-plaza-bandera/,161
Jhojhanni Fiorini,Apple elimina el negro en el iPhone 18 Pro: estos serían los nuevos colores,technology,2026-04-07T11:33:39-04:00,False,,/technology/apple-elimina-el-negro-en-el-iphone-18-pro-estos-serian-los-nuevos-colores/,161
Andrea Mercedes,¿Dónde será la final del Mundial 2026? Fecha y estadio confirmado,sport business,2026-06-10T15:18:38-04:00,False,,/money-invest/daily-news/donde-sera-la-final-del-mundial-2026-fecha-y-estadio-confirmado/,161
Elba Reyes,¿Cuántos entrenadores han sido despedidos o renunciaron en el Mundial 2026?,sport business,2026-07-07T13:55:44-04:00,False,,/empresas/sport-business/cuantos-entrenadores-han-sido-despedidos-o-renunciaron-en-el-mundial-2026/,161
Jhojhanni Fiorini,Cesantía laboral en RD: cuánto te corresponde según tu salario y antigüedad,república dominicana,2026-02-10T13:06:00-04:00,False,,/money-invest/republica-dominicana/cesantia-laboral-en-rd-cuanto-te-corresponde-segun-tu-salario-y-antiguedad/,160
Andrea Mercedes,"Desaparecidos por el terremoto en Venezuela 2026: La ONU estima más de 50,000 bajo los escombros",daily news,2026-06-29T09:16:45-04:00,False,,/money-invest/daily-news/desaparecidos-por-el-terremoto-en-venezuela-2026-la-onu-estima-mas-de-50000-bajo-los-escombros/,160
Andrea Mercedes,"Cedulación en RD: horarios extendidos, centros 24 horas y cómo funciona el proceso",daily news,2026-03-24T12:19:16-04:00,False,,/money-invest/daily-news/cedulacion-en-rd-horarios-centros-24-horas-y-como-sacar-tu-cedula-rapido/,160
Jhojhanni Fiorini,"Lista de aranceles de Trump: los 60 países afectados, las tarifas impuestas y el impacto en RD",internacional,2026-07-24T11:21:37-04:00,False,,/money-invest/daily-news/lista-de-aranceles-de-trump-los-60-paises-afectados-las-tarifas-impuestas-y-el-impacto-en-rd/,159
Gabriel Rico Albarrán,Mercado Media Network estrena su primer AutoShow en un mismo escenario con Visión Emprendedora 2026,daily news,2026-07-14T11:15:26-04:00,False,,/mercado-exchange/mercado-media-network-estrena-su-primer-autoshow-en-un-mismo-escenario-con-vision-emprendedora-2026/,159
Rodrigo Muñoz,Ranking: Países más competitivos de América Latina en 2025,money invest,2025-07-16T13:56:26-04:00,False,,/money-invest/ranking-paises-mas-competitivos-de-america-latina-en-2025/,159
Jhojhanni Fiorini,Dólar en República Dominicana hoy 09 de julio de 2026: esta es la tasa oficial de compra y venta,actualidad,2026-07-09T09:57:25-04:00,False,,/actualidad/dolar-en-republica-dominicana-hoy-09-de-julio-de-2026-esta-es-la-tasa-oficial-de-compra-y-venta/,158
Elba Reyes,"Conciertos en República Dominicana este fin de semana: artistas, fechas y escenarios",experiencias,2026-07-23T11:33:59-04:00,False,,/lifestyle/experiencias/conciertos-en-republica-dominicana-este-fin-de-semana-artistas-fechas-y-escenarios/,158
Elba Reyes,Precio del dólar hoy en República Dominicana este viernes 10 de julio de 2026,república dominicana,2026-07-10T08:51:19-04:00,False,,/money-invest/republica-dominicana/precio-del-dolar-hoy-en-republica-dominicana-este-viernes-10-de-julio-de-2026/,157
Rodrigo Muñoz,Ranking: Las 10 empresas con más empleados en el mundo en 2025,empresas,2025-08-11T15:45:41-04:00,False,,/empresas/ranking-las-10-empresas-con-mas-empleados-en-el-mundo-en-2025/,157
Elba Reyes,Tráiler de Avengers: Doomsday: ¿Qué personajes vuelven al UCM en el impactante tráiler de la nueva película de Los Vengadores?,actualidad,2026-07-20T10:43:34-04:00,False,,/actualidad/trailer-de-avengers-doomsday-que-personajes-vuelven-al-ucm-en-el-impactante-trailer-de-la-nueva-pelicula-de-los-vengadores/,157
Andrea Mercedes,Conflicto diplomático con Managua: Nicaragua arremete contra la postura de República Dominicana,daily news,2026-07-27T17:53:27-04:00,False,,/money-invest/daily-news/conflicto-diplomatico-nicaragua-republica-dominicana/,156
Andrea Mercedes,EE. UU. fija para 2027 el juicio contra Nicolás Maduro tras audiencia en tribunal federal,daily news,2026-07-23T11:50:30-04:00,False,,/money-invest/daily-news/juicio-contra-nicolas-maduro-eeuu-junio-2027-3/,156
Karime Rivas,El nuevo rumbo de los «Bengals» de Cincinnati en manos de las hermanas Blackburn,mercado women,2023-06-05T16:47:19-04:00,False,,/mercado-women/bengals-de-cincinnati-hermanas-blackburn/,156
Rodrigo Muñoz,"China lanza Kimi K3, la IA de código abierto que desafía a ChatGPT y Claude",artificial intelligence,2026-07-20T15:37:35-04:00,False,,/technology/artificial-intelligence/china-lanza-kimi-k3-la-ia-de-codigo-abierto-que-desafia-a-chatgpt-y-claude/,155
Andrea Mercedes,¿Por qué colapsaron las viviendas públicas en Venezuela tras el terremoto?,daily news,2026-07-06T15:48:23-04:00,False,,/money-invest/daily-news/por-que-colapsaron-las-viviendas-publicas-en-venezuela-tras-el-terremoto/,155
Elba Reyes,«Spider-Man: Un nuevo día» aprueba en Rotten Tomatoes: Qué dice la crítica sobre el filme de Tom Holland,actualidad,2026-07-29T15:00:59-04:00,False,,/actualidad/spider-man-un-nuevo-dia-aprueba-en-rotten-tomatoes-que-dice-la-critica-sobre-el-filme-de-tom-holland/,155
Jhojhanni Fiorini,"Partidos de hoy, miércoles 29 de julio del 2026 EN VIVO: horarios y dónde ver fútbol",actualidad,2026-07-29T08:16:09-04:00,False,,/actualidad/partidos-de-hoy-miercoles-29-de-julio-del-2026-en-vivo-horarios-y-donde-ver-futbol/,155
Elba Reyes,Resultados de la Lotería Quiniela Real del jueves 2 julio de 2026,actualidad,2026-07-03T08:58:26-04:00,False,,/actualidad/resultados-de-la-loteria-quiniela-real-del-jueves-2-julio-de-2026/,155
Elba Reyes,¿Qué es un doblete sísmico y por qué el terremoto de Venezuela fue tan destructivo?,daily news,2026-06-25T13:07:09-04:00,False,,/money-invest/daily-news/que-es-un-doblete-sismico-y-por-que-el-terremoto-de-venezuela-fue-tan-destructivo/,154
Elba Reyes,Resultados de la Lotería Quiniela Real del domingo 19 julio de 2026,actualidad,2026-07-20T09:00:57-04:00,False,,/actualidad/resultados-de-la-loteria-quiniela-real-del-domingo-19-julio-de-2026/,154
Ana Sosa,Betterfly y los GLP-1: el mercado de US$307.000 millones que un unicornio latinoamericano anticipó antes que nadie,empresas,2026-07-08T06:00:17-04:00,True,,/empresas/betterfly-y-los-glp-1-el-mercado-de-us307-000-millones-que-un-unicornio-latinoamericano-anticipo-antes-que-nadie/,154
SIN_AUTOR,,,,False,404 Client Error: Not Found for url: https://revistamercado.do/empresas/cuales-son-las-familias-mas-ricas-y-poderosas-de-la-republica-dominicana/,/empresas/cuales-son-las-familias-mas-ricas-y-poderosas-de-la-republica-dominicana/,153
Elba Reyes,Poder del pasaporte de RD en 2026: Lista de países que no exigen visa a dominicanos,viajes,2026-07-27T13:13:54-04:00,False,,/lifestyle/viajes/poder-del-pasaporte-de-rd-en-2026-lista-de-paises-que-no-exigen-visa-a-dominicanos/,153
Rodrigo Muñoz,Ranking: Países con mayor deuda externa en América Latina 2025,money invest,2025-08-19T17:54:17-04:00,False,,/money-invest/ranking-paises-con-mayor-deuda-externa-en-america-latina-2025/,153
Jhojhanni Fiorini,Resultados de la lotería de este lunes 25 de mayo de 2026,actualidad,2026-05-26T09:06:02-04:00,False,,/actualidad/resultados-de-la-loteria-del-25-de-mayo-2026-numeros-ganadores-de-nacional-leidsa-loteka-y-mas/,153
Elba Reyes,Resultados de la Lotería Quiniela Real del martes 7 julio de 2026,actualidad,2026-07-08T08:59:42-04:00,False,,/actualidad/resultados-de-la-loteria-quiniela-real-del-martes-7-julio-de-2026/,152
Andrea Mercedes,El costo de vivir en RD subió: cuánto más gasta una familia dominicana cada mes en 2026,daily news,2026-06-16T12:17:29-04:00,False,,/money-invest/daily-news/el-costo-de-vivir-en-rd-subio-cuanto-mas-gasta-una-familia-dominicana-cada-mes-en-2026/,152
Jhojhanni Fiorini,Ranking 2026 de los países con más submarinos nucleares,internacional,2026-02-10T10:37:44-04:00,False,,/money-invest/internacional-economia/ranking-2026-de-los-paises-con-mas-submarinos-nucleares/,152
Andrea Mercedes,Tragedia por los terremotos en Venezuela: La cifra de víctimas mortales supera las 5000 personas,daily news,2026-07-20T15:40:00-04:00,False,,/money-invest/daily-news/terremotos-venezuela-victimas-mortales-rescate/,152
Jhojhanni Fiorini,Resultados de la lotería nacional del domingo 3 de mayo de 2026,actualidad,2026-05-04T08:18:52-04:00,False,,/actualidad/resultados-de-la-loteria-nacional-del-domingo-3-de-mayo-de-2026/,152
Elba Reyes,¿Cuánto tiempo duran las nuevas cédulas en República Dominicana? Así cambia la vigencia según tu edad,daily news,2026-04-27T16:49:06-04:00,False,,/money-invest/daily-news/cuanto-tiempo-duran-las-nuevas-cedulas-en-republica-dominicana-asi-cambia-la-vigencia-segun-tu-edad/,152
Andrea Mercedes,¿Qué establece el Decreto 502-26 y cómo impactará las importaciones en RD?,daily news,2026-07-27T09:48:36-04:00,False,,/money-invest/daily-news/decreto-502-26-impacto-importaciones-rd/,151
Elba Reyes,¿Qué tan grave es la lesión de Junior Caminero? Resultados de los estudios médicos tras el pelotazo de 98 mph,actualidad,2026-07-15T16:02:01-04:00,False,,/actualidad/que-tan-grave-es-la-lesion-de-junior-caminero-resultados-de-los-estudios-medicos-tras-el-pelotazo-de-98-mph/,151
Andrea Mercedes,Nominaciones a los Premios Emmy 2026: Lista completa de las series nominadas en las categorías principales,daily news,2026-07-09T12:11:07-04:00,False,,/money-invest/daily-news/nominaciones-a-los-premios-emmy-2026-lista-completa-de-las-series-nominadas-en-las-categorias-principales/,150
Andrea Mercedes,Seis meses sin elecciones en Venezuela: terremotos y crisis consolidan la incertidumbre política,daily news,2026-07-06T13:06:58-04:00,False,,/money-invest/daily-news/seis-meses-sin-elecciones-en-venezuela-terremotos-y-crisis-consolidan-la-incertidumbre-politica/,150
Elba Reyes,Los 10 mejores hoteles del mundo: El exclusivo rincón de Latinoamérica que conquistó el ranking,hoteles,2026-07-21T16:32:18-04:00,False,,/lifestyle/experiencias/los-10-mejores-hoteles-del-mundo-el-exclusivo-rincon-de-latinoamerica-que-conquisto-el-ranking/,149
Karime Rivas,Latinoamérica lidera el crecimiento de la industria cosmética: las cifras que explican el fenómeno en 2026,career,2026-07-06T10:50:10-04:00,False,,/mercado-women/career/latinoamerica-industria-cosmetica/,149
Ana Sosa,"Francia vs. Inglaterra, Copa del Mundo 2026: qué sigue en juego en el partido por el tercer lugar",sport business,2026-07-18T07:00:25-04:00,True,,/empresas/sport-business/francia-vs-inglaterra-copa-del-mundo-2026-que-sigue-en-juego-en-el-partido-por-el-tercer-lugar/,149
Andrea Mercedes,Apagones en República Dominicana empeoran con el calor: interrupciones aumentaron hasta 20 veces al mes en 2026,noticias rd,2026-06-09T17:31:45-04:00,False,,/actualidad/apagones-en-republica-dominicana-empeoran-con-el-calor-interrupciones-aumentaron-hasta-20-veces-al-mes-en-2026/,149
Elba Reyes,WhatsApp : Cómo chatear con alguien sin agregar su número de teléfono.,devices,2026-06-02T17:38:28-04:00,False,,/technology/devices/whatsapp-como-chatear-con-alguien-sin-agregar-su-numero-de-telefono/,148
Jhojhanni Fiorini,Resultados de la lotería nacional del domingo 26 de abril de 2026,actualidad,2026-04-27T08:53:50-04:00,False,,/actualidad/resultados-de-la-loteria-nacional-del-domingo-26-de-abril-de-2026/,148
Agatha Thomas,WhatsApp deja de funcionar en estos iPhone en 2026: lista de modelos sin soporte,technology,2026-01-30T11:27:21-04:00,False,,/technology/whatsapp-deja-de-funcionar-en-estos-iphone-en-2026-lista-de-modelos-sin-soporte/,148
SIN_AUTOR,,,,False,404 Client Error: Not Found for url: https://revistamercado.do/dining-out/the-best-of-la-zona-colonial-top-6-restaurantes-2025/,/dining-out/the-best-of-la-zona-colonial-top-6-restaurantes-2025/,148
Karime Rivas,La basura de la boda de Taylor Swift se vende por US$25: así nació el insólito negocio,trends,2026-07-17T10:48:34-04:00,False,,/mercado-women/trends/basura-de-la-boda-de-taylor-swift-se-vende/,148
Jhojhanni Fiorini,Los 10 millonarios más ricos de Latinoamérica en 2026: Así marchan sus fortunas a mitad de año,empresas,2026-06-24T08:52:46-04:00,False,,/empresas/los-10-millonarios-mas-ricos-de-latinoamerica-en-2026-asi-marchan-sus-fortunas-a-mitad-de-ano/,148
Darling Gil,"Ciencia, innovación y atención personalizada en medicina estética",salud,2026-08-03T15:30:20-04:00,False,,/empresas/ciencia-innovacion-y-atencion-personalizada-en-medicina-estetica/,148
SIN_AUTOR,,,,False,404 Client Error: Not Found for url: https://revistamercado.do/services/locales-para-eventos-en-republica-dominicana-escenarios-para-tus-mejores-memorias/,/services/locales-para-eventos-en-republica-dominicana-escenarios-para-tus-mejores-memorias/,147
Jhojhanni Fiorini,Conflicto en Irán y el petróleo: ¿Por qué puede subir el precio de la gasolina en RD?,república dominicana,2026-07-22T05:49:00-04:00,False,,/money-invest/daily-news/conflicto-en-iran-y-el-petroleo-por-que-puede-subir-el-precio-de-la-gasolina-en-rd/,147
Karime Rivas,"Quién es Grace Schiodtz, la nueva directora general de Uber Eats México y cuáles son sus retos",executive profiles,2026-07-16T21:00:47-04:00,False,,/mercado-women/executive-profiles/grace-schiodtz-uber-eats-mexico/,147
Darling Gil,Equipos que perduran,brand content,2026-07-06T15:13:12-04:00,False,,/empresas/brand-content/equipos-que-perduran/,145
Miguel Vega,"Mundial 2026: Haaland enfrenta a Inglaterra, el país donde nació",sport business,2026-07-09T14:08:24-04:00,False,,/empresas/sport-business/mundial-2026-haaland-enfrenta-a-inglaterra-el-pais-donde-nacio/,145
Elba Reyes,Estrenos en streaming de julio 2026: Las series y películas que llegan a Netflix y Max en RD,devices,2026-07-03T17:27:40-04:00,False,,/technology/devices/estrenos-en-streaming-de-julio-2026-las-series-y-peliculas-que-llegan-a-netflix-y-max-en-rd/,145
Jhojhanni Fiorini,Ranking: Las 10 cosas más caras que ha creado la humanidad,actualidad,2026-03-04T16:30:47-04:00,False,,/actualidad/ranking-las-10-cosas-mas-caras-que-ha-creado-la-humanidad/,144
Elba Reyes,"Esto gana un abogado en República Dominicana en 2026, según el mercado laboral",empresas,2026-02-05T17:00:58-04:00,False,,/empresas/esto-gana-un-abogado-en-republica-dominicana-en-2026-segun-el-mercado-laboral/,144
Elba Reyes,Los 10 relojes más exclusivos y caros del mundo en 2026,lifestyle,2026-03-02T15:49:10-04:00,False,,/lifestyle/los-10-relojes-mas-exclusivos-y-caros-del-mundo-en-2026/,144
Rodrigo Muñoz,Amazon inicia operaciones en República Dominicana: Todo lo que debes saber,república dominicana,2025-08-28T13:05:43-04:00,False,,/money-invest/republica-dominicana/amazon-inicia-operaciones-en-republica-dominicana-todo-lo-que-debes-saber/,144
Jhojhanni Fiorini,Resultados de la lotería nacional del viernes 1 de mayo de 2026,actualidad,2026-05-02T07:16:36-04:00,False,,/actualidad/resultados-de-la-loteria-nacional-del-viernes-1-de-mayo-de-2026/,143
Gabriel Rico Albarrán,"Croacia, el amuleto de la suerte para Portugal en el Mundial",sport business,2026-07-01T17:59:33-04:00,False,,/empresas/sport-business/croacia-el-amuleto-de-la-suerte-para-portugal-en-el-mundial/,143
Andrea Mercedes,Temblor en Las Terrenas: CNS registra siete movimientos sísmicos adicionales,daily news,2026-07-15T11:54:12-04:00,False,,/money-invest/daily-news/temblor-las-terrenas-siete-sismos-adicionales/,143
Elba Reyes,¿Cuánto recaudó la película de Moana en su estreno? Las cifras de su tibio debut en cines,actualidad,2026-07-13T14:52:29-04:00,False,,/actualidad/cuanto-recaudo-la-pelicula-de-moana-en-su-estreno-las-cifras-de-su-tibio-debut-en-cines/,143
Elba Reyes,¿Cómo funciona la nueva herramienta de WhatsApp para chatear con alguien sin pedirle su número?,devices,2026-07-15T16:43:58-04:00,False,,/technology/devices/como-funciona-la-nueva-herramienta-de-whatsapp-para-chatear-con-alguien-sin-pedirle-su-numero/,143
Andrea Mercedes,"EE. UU. recauda US$ 13,000 millones por petróleo venezolano: ¿Dónde están esos fondos?",daily news,2026-07-23T16:15:52-04:00,False,,/money-invest/daily-news/us-13000-millones-petroleo-venezolano-estados-unidos/,143
Jhojhanni Fiorini,Cómo redactar un informe de experimento: Guía completa 2024 ,gestión,2024-09-11T18:08:51-04:00,False,,/empresas/gestion/como-redactar-un-informe-de-experimento-guia-completa-2024/,143
Elba Reyes,Netflix dejará de funcionar en estos televisores y celulares desde junio de 2026,devices,2026-05-27T11:18:22-04:00,False,,/technology/devices/netflix-dejara-de-funcionar-en-estos-televisores-y-celulares-desde-junio-de-2026/,143
Jhojhanni Fiorini,Calendario lunar 2026: los días que debes evitar para cortarte el cabello ,actualidad,2026-03-16T17:35:21-04:00,False,,/actualidad/calendario-lunar-2026-los-dias-que-debes-evitar-para-cortarte-el-cabello/,142
Andrea Mercedes,Video | El volcán Etna entra en erupción en Sicilia: Cierran aeropuertos por la ceniza,daily news,2026-07-06T17:10:53-04:00,False,,/money-invest/daily-news/video-el-volcan-etna-entra-en-erupcion-en-sicilia-cierran-aeropuertos-por-la-ceniza/,142
Andrea Mercedes,Presupuesto de República Dominicana para 2027: ¿Cuáles serán los sectores prioritarios y qué falta por definir?,daily news,2026-07-08T15:15:24-04:00,False,,/money-invest/daily-news/presupuesto-republica-dominicana-2027/,141
Jhojhanni Fiorini,"Si tu apellido está en esta lista, tu origen es español",lifestyle,2025-12-22T17:30:45-04:00,False,,/lifestyle/si-tu-apellido-esta-en-esta-lista-tu-origen-es-espanol/,140
Andrea Mercedes,¿Por qué está cayendo el dólar en América Latina y hasta cuándo continuará depreciándose?,daily news,2026-07-28T17:41:00-04:00,False,,/money-invest/daily-news/por-que-esta-cayendo-el-dolar-en-america-latina-y-hasta-cuando-continuara-depreciandose/,140
Elba Reyes,WhatsApp: el truco para no aparecer en línea y proteger tu privacidad,technology,2026-03-17T15:52:05-04:00,False,,/technology/whatsapp-el-truco-para-no-aparecer-en-linea-y-proteger-tu-privacidad/,140
Elba Reyes,¿Rosalía en el Mundial 2026? La inesperada propuesta de Aitana a la FIFA tras el pase de España a la final,trends,2026-07-15T13:01:27-04:00,False,,/mercado-women/trends/rosalia-en-el-mundial-2026-la-inesperada-propuesta-de-aitana-a-la-fifa-tras-el-pase-de-espana-a-la-final/,139
Karime Rivas,"Víctor Corniel: “La próxima revolución sanitaria será predictiva, conectada y humana”",mercado events,2026-06-02T19:30:44-04:00,False,,/mercado-exchange/victor-corniel-ia-y-medicina/,138
Andrea Mercedes,Fuerte sismo de magnitud 7.4 sacude México: ¿dónde fue y qué se sabe hasta ahora?,daily news,2026-07-17T12:00:01-04:00,False,,/money-invest/daily-news/sismo-magnitud-74-mexico-chiapas-epicentro/,138
Jhojhanni Fiorini,Celulares que se quedan sin WhatsApp el 1 de julio 2026: Lista completa,devices,2026-06-30T09:10:44-04:00,False,,/technology/devices/celulares-que-se-quedan-sin-whatsapp-el-1-de-julio-2026-lista-completa/,138
Elba Reyes,Esto son los lugares mas seguros para vivir en República Dominicana en 2026,turismo,2026-06-08T17:26:38-04:00,False,,/turismo/esto-son-los-lugares-mas-seguros-para-vivir-en-republica-dominicana-en-2026/,138
Elba Reyes,¿Cuándo empieza el torneo de béisbol LIDOM 2026-2027? Ya hay fecha oficial,actualidad,2026-06-18T16:04:21-04:00,False,,/actualidad/cuando-empieza-el-torneo-de-beisbol-lidom-2026-2027-ya-hay-fecha-oficial/,137
Karime Rivas,Lina García insta a empresarias a pasar de la gestión personal a empresas capaces de crecer,leadership,2026-07-30T11:14:04-04:00,False,,/mercado-women/leadership/lina-garcia-insta-a-gestionar-empresas-con-vision-y-estrategia/,137
Andrea Mercedes,Nayib Bukele será candidato a la reelección en las elecciones presidenciales de 2027 en El Salvador,daily news,2026-07-14T17:50:50-04:00,False,,/money-invest/daily-news/nayib-bukele-reeleccion-elecciones-2027-el-salvador/,137
Andrea Mercedes,¿Qué debes saber sobre las Pruebas Nacionales 2026 y cuándo son en República Dominicana?,daily news,2026-06-19T11:23:57-04:00,False,,/money-invest/daily-news/que-debes-saber-sobre-las-pruebas-nacionales-2026-y-cuando-son-en-republica-dominicana/,136
Ana Sosa,Cómo China utiliza la inteligencia artificial de código abierto para ganar influencia global,business,2026-07-27T10:55:58-04:00,True,,/business/como-china-utiliza-la-inteligencia-artificial-de-codigo-abierto-para-ganar-influencia-global/,136
Elba Reyes,De 17 a 43 años: los jugadores más jóvenes y más viejos del Mundial 2026,actualidad,2026-06-12T11:33:23-04:00,False,,/actualidad/de-17-a-43-anos-los-jugadores-mas-jovenes-y-mas-viejos-del-mundial-2026/,136
Karime Rivas,"Sandra Ortega, la heredera de Inditex que concentra la mayor fortuna y enfrenta a su exgestor",leadership,2026-07-30T12:19:09-04:00,False,,/mercado-women/leadership/sandra-ortega-mayor-heredera-de-inditex-enfrenta-a-su-gestor/,136
Elba Reyes,Precio del dólar hoy en República Dominicana este lunes 20 de julio de 2026,república dominicana,2026-07-20T08:52:11-04:00,False,,/money-invest/republica-dominicana/precio-del-dolar-hoy-en-republica-dominicana-este-lunes-20-de-julio-de-2026/,136
SIN_AUTOR,,,,False,404 Client Error: Not Found for url: https://revistamercado.do/money-invest/daily-news/turismo-lujo-republica-dominicana-nueva-era/,/money-invest/daily-news/turismo-lujo-republica-dominicana-nueva-era/,136
Jhojhanni Fiorini,¿Cuánto cuesta sacar la licencia en República Dominicana?,república dominicana,2026-02-10T16:00:58-04:00,False,,/money-invest/republica-dominicana/cuanto-cuesta-sacar-la-licencia-en-republica-dominicana/,136
Andrea Mercedes,¿El Mundial 2030 tendrá 64 equipos? El anuncio del presidente de la Conmebol que sacude a la FIFA,sport business,2026-07-20T17:29:39-04:00,False,,/money-invest/daily-news/mundial-2030-64-equipos-conmebol-fifa/,135
Jhojhanni Fiorini,Ranking del salario mínimo en Latinoamérica en 2026,money invest,2026-01-02T09:56:50-04:00,False,,/money-invest/ranking-del-salario-minimo-en-latinoamerica-en-2026/,135
Elba Reyes,10 vitaminas y suplementos que ayudan a bajar el colesterol,salud,2026-03-10T10:06:26-04:00,False,,/medihealth/salud/10-vitaminas-y-suplementos-que-ayudan-a-bajar-el-colesterol/,135
Elba Reyes,Precio del dólar hoy en República Dominicana este miércoles 22 de julio de 2026,república dominicana,2026-07-22T08:56:44-04:00,False,,/money-invest/republica-dominicana/precio-del-dolar-hoy-en-republica-dominicana-este-miercoles-22-de-julio-de-2026/,134
Elba Reyes,Cómo quitar Meta AI de WhatsApp y qué puedes hacer para limitarla,technology,2026-03-13T14:43:04-04:00,False,,/technology/como-quitar-meta-ai-de-whatsapp-y-que-puedes-hacer-para-limitarla/,134
Jhojhanni Fiorini,Resultados de la lotería nacional de este miércoles 20 de mayo de 2026,actualidad,2026-05-21T03:57:13-04:00,False,,/actualidad/resultados-de-la-loteria-nacional-de-este-miercoles-20-de-mayo-de-2026/,133
Jhojhanni Fiorini,"Francia vs Marruecos EN VIVO: horario, canales de TV y dónde ver los cuartos de final del Mundial 2026",actualidad,2026-07-09T10:05:37-04:00,False,,/actualidad/francia-vs-marruecos-en-vivo-horario-canales-de-tv-y-donde-ver-los-cuartos-de-final-del-mundial-2026/,133
Elba Reyes,La princesa Leonor termina su formación militar y recibe la Gran Cruz del Mérito Aeronáutico,mercado women,2026-07-10T13:11:54-04:00,False,,/mercado-women/la-princesa-leonor-termina-su-formacion-militar-y-recibe-la-gran-cruz-del-merito-aeronautico/,133
Jhojhanni Fiorini,¿Cuáles son los países con peor tráfico en Latinoamérica? El ranking de los minutos perdidos al día,internacional,2026-07-13T17:04:16-04:00,False,,/money-invest/daily-news/cuales-son-los-paises-con-peor-trafico-en-latinoamerica-el-ranking-de-los-minutos-perdidos-al-dia/,133
Rodrigo Muñoz,Estos son los terremotos más intensos de la historia,actualidad,2025-07-30T10:39:05-04:00,False,,/actualidad/estos-son-los-terremotos-mas-intensos-de-la-historia/,132
Jhojhanni Fiorini,Los 8 médicos empresarios más ricos del mundo,empresas,2025-12-25T15:06:43-04:00,False,,/empresas/los-8-medicos-empresarios-mas-ricos-del-mundo/,132
Rodrigo Muñoz,Papá Andrés: Un tributo al arte del ron premium,experiencias,2024-12-13T15:43:00-04:00,False,,/lifestyle/experiencias/papa-andres-un-tributo-al-arte-del-ron-premium/,131
Elba Reyes,Inglés en Latinoamérica: los países con mejor nivel y quién queda atrás,internacional,2026-03-18T10:25:20-04:00,False,,/money-invest/internacional-economia/ingles-en-latinoamerica-los-paises-con-mejor-nivel-y-quien-queda-atras/,130
Andrea Mercedes,Los 10 países con las playas más limpias del mundo: este es el único destino en LATAM que destaca,viajes,2026-07-09T16:46:14-04:00,False,,/lifestyle/los-10-paises-con-las-playas-mas-limpias-del-mundo-este-es-el-unico-destino-en-latam-que-destaca/,130
Elba Reyes,¿Por qué perdió República Dominicana ante Estados Unidos en baloncesto? Las claves del partido,actualidad,2026-07-06T15:51:43-04:00,False,,/actualidad/por-que-perdio-republica-dominicana-ante-estados-unidos-en-baloncesto-las-claves-del-partido/,130
Elba Reyes,WhatsApp: El truco oficial para cambiar de número sin perder tus chats ni grupos,devices,2026-05-13T16:47:01-04:00,False,,/technology/devices/whatsapp-el-truco-oficial-para-cambiar-de-numero-sin-perder-tus-chats-ni-grupos/,130
Andrea Mercedes,Alerta sanitaria en EE. UU.: Más de 100 contagiados por norovirus en un crucero de California,salud,2026-07-03T16:02:19-04:00,False,,/money-invest/daily-news/alerta-sanitaria-en-ee-uu-mas-de-100-contagiados-por-norovirus-en-un-crucero-de-california/,130
Jhojhanni Fiorini,Resultados de la lotería nacional del lunes 11 de mayo de 2026,actualidad,2026-05-12T09:16:10-04:00,False,,/actualidad/resultados-de-la-loteria-nacional-del-lunes-11-de-mayo-de-2026/,129
Rodrigo Muñoz,Ranking: Las 10 ciudades más caras para vivir con lujo en 2025,lifestyle,2025-08-07T15:30:27-04:00,False,,/lifestyle/ranking-las-10-ciudades-mas-caras-para-vivir-con-lujo-en-2025/,129
Gabriel Rico Albarrán,China y Rusia concluyen maniobras navales y despliegan fuerzas hacia el Pacífico,daily news,2026-07-13T11:47:49-04:00,False,,/money-invest/daily-news/china-y-rusia-concluyen-maniobras-navales-y-despliegan-fuerzas-hacia-el-pacifico/,129
Darling Gil,"Grow here, Go further",brand content,2026-06-24T13:37:01-04:00,False,,/empresas/brand-content/grow-here-go-further/,129
Jhojhanni Fiorini,"Los 10 mejores países para vivir en 2026 según calidad de vida, salud y seguridad",lifestyle,2026-02-06T09:50:53-04:00,False,,/lifestyle/los-10-mejores-paises-para-vivir-en-2026-segun-calidad-de-vida-salud-y-seguridad/,129
Jhojhanni Fiorini,¿Cuáles son los países más visitados de Latinoamérica? El ranking de impacto económico del turismo de atracciones,internacional,2026-07-13T15:23:30-04:00,False,,/money-invest/daily-news/paises-mas-visitados-latinoamerica-ranking-impacto-economico-turismo-atracciones-2024/,128
SIN_AUTOR,,,,False,404 Client Error: Not Found for url: https://revistamercado.do/empresas/sport-business/de-cuanto-es-la-fortuna-de-lionel-messi-y-cuanto-gana-en-inter-miami-en-2026/,/empresas/sport-business/de-cuanto-es-la-fortuna-de-lionel-messi-y-cuanto-gana-en-inter-miami-en-2026/,128
SIN_AUTOR,,,,False,,/rankings/manuel-grullon-2021/,128
Miguel Vega,"Rafael Bisonó, el padre de la vivienda económica en República Dominicana",visión emprendedora,2026-04-16T14:08:33-04:00,False,,/vision-emprendedora/rafael-bisono-el-padre-de-la-vivienda-economica-en-republica-dominicana/,128
Elba Reyes,Precio del dólar hoy en República Dominicana este Jueves 16 de julio de 2026,república dominicana,2026-07-16T08:23:06-04:00,False,,/money-invest/republica-dominicana/precio-del-dolar-hoy-en-republica-dominicana-este-jueves-16-de-julio-de-2026/,128
Andrea Mercedes,"Terremoto en Venezuela 2026 EN VIVO: Última hora de muertos, desaparecidos y réplicas",daily news,2026-06-29T12:19:26-04:00,False,,/money-invest/daily-news/terremoto-en-venezuela-2026-en-vivo-ultima-hora-de-muertos-desaparecidos-y-replicas/,127
SIN_AUTOR,,,,False,404 Client Error: Not Found for url: https://revistamercado.do/dining-out/top-5-hamburguesas-gourmet-en-santo-domingo-2025/,/dining-out/top-5-hamburguesas-gourmet-en-santo-domingo-2025/,127
Rodrigo Muñoz,Ranking: Las 8 ciudades latinoamericanas con más tráfico en 2025,infraestructura,2025-08-04T11:00:03-04:00,False,,/construccion/infraestructura/ranking-las-8-ciudades-latinoamericanas-con-mas-trafico-en-2025/,126
Gabriel Rico Albarrán,Final del Mundial 2026 rompe récord de audiencia con 63 millones de espectadores en EE. UU.,daily news,2026-07-22T12:36:37-04:00,False,,/money-invest/daily-news/final-del-mundial-2026-rompe-record-de-audiencia-con-63-millones-de-espectadores-en-ee-uu/,126
Gabriel Rico Albarrán,"La Unión Europea fortalecerá su alianza con la ASEAN con nuevos acuerdos estratégicos en Vietnam, Filipinas e Indonesia",daily news,2026-07-22T12:37:20-04:00,False,,/money-invest/daily-news/la-union-europea-fortalecera-su-alianza-con-la-asean-con-nuevos-acuerdos-estrategicos-en-vietnam-filipinas-e-indonesia/,126
Elba Reyes,¿Cómo activar el identificador de Android para saber quién llama sin responder?,devices,2026-07-06T17:32:50-04:00,False,,/technology/devices/como-activar-el-identificador-de-android-para-saber-quien-llama-sin-responder/,125
Gabriel Rico Albarrán,"Mbappé, goleador del Mundial 2026 y máximo artillero histórico con 22 tantos",daily news,2026-07-20T15:34:44-04:00,False,,/money-invest/daily-news/mbappe-goleador-del-mundial-2026-y-maximo-artillero-historico-con-22-tantos/,124
Ana Sosa,Elon Musk tendrá que esperar un año para vender acciones de SpaceX,business,2026-07-03T10:20:56-04:00,True,,/business/elon-musk-tendra-que-esperar-un-ano-para-vender-acciones-de-spacex/,124
Elba Reyes,Resultados de la Lotería Quiniela Real del lunes 22 junio de 2026,actualidad,2026-06-23T09:06:03-04:00,False,,/actualidad/resultados-de-la-loteria-quiniela-real-del-lunes-22-junio-de-2026/,124
Jhojhanni Fiorini,Las 7 mejores ideas de ingresos pasivos para ganar dinero en 2026,empresas,2026-03-02T16:52:11-04:00,False,,/empresas/las-7-mejores-ideas-de-ingresos-pasivos-para-ganar-dinero-en-2026/,123
Jhojhanni Fiorini,Resultados de la lotería nacional del martes 24 de marzo de 2026,actualidad,2026-03-25T08:43:43-04:00,False,,/actualidad/resultados-de-la-loteria-nacional-del-martes-24-de-marzo-de-2026/,123
Elba Reyes,Los países con mejor educación del mundo según la OCDE,money invest,2026-03-24T11:05:11-04:00,False,,/money-invest/los-paises-con-mejor-educacion-del-mundo-segun-la-ocde/,123
Edwin Lozada,Las universidades más caras del mundo en 2026: comparativo con cifras oficiales,money invest,2026-02-20T17:41:25-04:00,False,,/money-invest/universidades-mas-caras-del-mundo-2026-cuanto-cuesta-estudiar/,122
SIN_AUTOR,,,,False,404 Client Error: Not Found for url: https://revistamercado.do/services/7-campamentos-de-verano-llamativos-de-republica-dominicana-2024/,/services/7-campamentos-de-verano-llamativos-de-republica-dominicana-2024/,122
Elba Reyes,Así se jugarán los 16avos de final del Mundial 2026: fechas y horarios,sport business,2026-06-29T11:01:39-04:00,False,,/empresas/sport-business/asi-se-jugaran-los-16avos-de-final-del-mundial-2026-fechas-y-horarios/,122
Jhojhanni Fiorini,Las empresas de América Latina aumentan 15% el pago de dividendos en 2026 y el impacto en RD,empresas,2026-07-23T01:35:59-04:00,False,,/empresas/las-empresas-de-america-latina-aumentan-15-el-pago-de-dividendos-en-2026-y-el-impacto-en-rd/,122
Jhojhanni Fiorini,"Cambio de cédula en República Dominicana: cómo actualizar dirección, estado civil y ocupación",república dominicana,2026-02-10T15:00:54-04:00,False,,/money-invest/republica-dominicana/cambio-de-cedula-en-republica-dominicana-como-actualizar-direccion-estado-civil-y-ocupacion/,122
Rodrigo Muñoz,El nuevo Código Penal de República Dominicana: ¿Qué cambió y qué se quedó afuera?,república dominicana,2025-08-04T10:25:24-04:00,False,,/money-invest/republica-dominicana/el-nuevo-codigo-penal-de-republica-dominicana-que-cambio-y-que-se-quedo-afuera/,121
Ana Sosa,Por qué IBM pone a prueba su inteligencia artificial en Wimbledon antes de llevarla a las empresas,business,2026-07-09T10:43:18-04:00,True,,/business/por-que-ibm-pone-a-prueba-su-inteligencia-artificial-en-wimbledon-antes-de-llevarla-a-las-empresas/,121
SIN_AUTOR,,,,False,,/rankings/portada-mejores-empresas-para-trabajar-en-rd-2019/,121
Andrea Mercedes,Temblor de 5.0 en RD: ¿dónde ocurrió y qué zonas sintieron el movimiento?,daily news,2026-06-26T13:08:09-04:00,False,,/money-invest/daily-news/temblor-de-5-0-en-rd-donde-ocurrio-y-que-zonas-sintieron-el-movimiento/,121
Edwin Lozada,España se corona campeona del Mundial 2026 tras vencer a Argentina,sport business,2026-07-19T18:25:29-04:00,False,,/money-invest/daily-news/records-espana-campeona-mundial-2026/,121
Karime Rivas,Las atletas favoritas de los Juegos Centroamericanos y del Caribe 2026: quiénes son y por qué llegan como candidatas al oro,trends,2026-07-22T12:40:07-04:00,False,,/mercado-women/trends/atletas-favoritas-de-los-juegos-centroamericanos/,121
Elba Reyes,Estos son los equipos más valiosos de la MLB en 2026 y cuánto valen,sport business,2026-03-20T17:00:54-04:00,False,,/empresas/sport-business/estos-son-los-equipos-mas-valiosos-de-la-mlb-en-2026-y-cuanto-valen/,120
Elba Reyes,Nombres de usuario en WhatsApp 2026: Cómo crear el tuyo y ocultar tu número,devices,2026-06-29T14:55:57-04:00,False,,/technology/devices/nombres-de-usuario-en-whatsapp-2026-como-crear-el-tuyo-y-ocultar-tu-numero/,120
Edwin Lozada,España se corona campeona del Mundial 2026 tras vencer a Argentina,sport business,2026-07-19T18:25:29-04:00,False,,/money-invest/daily-news/espana-campeona-mundial-2026-argentina-ferran-torres/,120
Andrea Mercedes,¿Cómo afectará el retiro de los verifones en las gasolineras de RD? El impacto en los consumidores,daily news,2026-07-03T15:47:38-04:00,False,,/money-invest/daily-news/como-afectara-el-retiro-de-los-verifones-en-las-gasolineras-de-rd-el-impacto-en-los-consumidores/,120
Elba Reyes,Rubén Vargas hizo historia: el primer dominicano en marcar un gol en una Copa del Mundo,sport business,2026-06-19T16:12:56-04:00,False,,/empresas/sport-business/ruben-vargas-hizo-historia-el-primer-dominicano-en-marcar-un-gol-en-una-copa-del-mundo/,120
Elba Reyes,¿Se verá el eclipse solar de agosto de 2026 en República Dominicana? Fechas y horarios oficiales,actualidad,2026-07-14T13:03:09-04:00,False,,/actualidad/se-vera-el-eclipse-solar-de-agosto-de-2026-en-republica-dominicana-fechas-y-horarios-oficiales/,120
Elba Reyes,¿Quién ganará el Mundial 2026? El ranking de favoritos a un mes del debut,actualidad,2026-05-12T16:08:15-04:00,False,,/actualidad/quien-ganara-el-mundial-2026-el-ranking-de-favoritos-a-un-mes-del-debut/,120
Ana Sosa,Peter Thiel y los líderes tecnológicos que mantienen a sus hijos lejos de las pantallas,business,2026-07-13T11:06:08-04:00,True,,/business/peter-thiel-y-los-lideres-tecnologicos-que-mantienen-a-sus-hijos-lejos-de-las-pantallas/,120
Andrea Mercedes,RD se suma a las críticas internacionales contra Daniel Ortega y Nicaragua responde,daily news,2026-07-23T09:48:44-04:00,False,,/money-invest/daily-news/republica-dominicana-condena-daniel-ortega-nicaragua-responde/,119
Jhojhanni Fiorini,OpenAI revela que su modelo de IA ejecutó un ciberataque autónomo a otra empresa,artificial intelligence,2026-07-22T13:51:17-04:00,False,,/technology/artificial-intelligence/openai-revela-que-su-modelo-de-ia-ejecuto-un-ciberataque-autonomo-a-otra-empresa/,119
Andrea Mercedes,¿Irán planeaba asesinar a Trump? Esto es lo que reveló la inteligencia de Israel,daily news,2026-07-10T09:46:52-04:00,False,,/money-invest/daily-news/iran-planeaba-asesinar-trump-inteligencia-israel/,119
Miguel Vega,España vs Bélgica: 5 claves del duelo por cuartos del Mundial 2026,sport business,2026-07-09T14:05:19-04:00,False,,/empresas/sport-business/espana-belgica-cuartos-mundial-2026-claves-duelo/,119
Rodrigo Muñoz,Los mejores libros para comprender el poder,mercadoteca,2024-10-04T14:38:50-04:00,False,,/lifestyle/mercadoteca/los-mejores-libros-para-comprender-el-poder/,119
Elba Reyes,Precio del dólar hoy en República Dominicana este jueves 30 de julio de 2026,república dominicana,2026-07-30T08:51:45-04:00,False,,/money-invest/republica-dominicana/precio-del-dolar-hoy-en-republica-dominicana-este-jueves-30-de-julio-de-2026/,118
Jhojhanni Fiorini,Ranking de los países más productivos de Latinoamérica,money invest,2025-10-15T15:38:16-04:00,False,,/money-invest/ranking-de-los-paises-mas-productivos-de-latinoamerica/,118
Elba Reyes,"¿Quién será el campeón del Mundial 2026? Esto predijo una supercomputadora tras simular 10,000 partidos",sport business,2026-06-10T14:59:39-04:00,False,,/empresas/sport-business/quien-sera-el-campeon-del-mundial-2026-esto-predijo-una-supercomputadora-tras-simular-10000-partidos/,118
Gabriel Rico Albarrán,Lamine Yamal afirma que Francia no le tiene miedo a ninguna selección,sport business,2026-07-03T17:27:00-04:00,False,,/empresas/sport-business/lamine-yamal-afirma-que-francia-no-le-tiene-miedo-a-ninguna-seleccion/,118
pferreras,4 principios para cultivar una tolerancia que beneficie la salud,medihealth,2021-12-21T09:00:44-04:00,False,,/medihealth/4-principios-para-cultivar-una-tolerancia-que-beneficie-la-salud/,117
Andrea Mercedes,¿Quiénes saldrán temprano este viernes? Gobierno anuncia horario especial por los Juegos Centroamericanos y del Caribe 2026,sport business,2026-07-24T10:43:06-04:00,False,,/money-invest/daily-news/empleados-publicos-saldran-temprano-juegos-centroamericanos-2026/,117
SIN_AUTOR,,,,False,,/products/vision-emprendedora/,117
Elba Reyes,¿Cuándo es mejor viajar a Punta Cana? La guía por temporadas para pagar menos y disfrutar más,turismo,2026-06-07T12:00:56-04:00,False,,/turismo/cuando-es-mejor-viajar-a-punta-cana-la-guia-por-temporadas-para-pagar-menos-y-disfrutar-mas/,117
Jhojhanni Fiorini,"Los dos países de América Latina que serán potencias mundiales en 2075, según Goldman Sachs",empresas,2026-07-08T17:10:57-04:00,False,,/empresas/los-dos-paises-de-america-latina-que-seran-potencias-mundiales-en-2075-segun-goldman-sachs/,116
Elba Reyes,Cómo hacen dinero los millonarios: 7 claves prácticas para latinos,empresas,2026-02-24T16:58:04-04:00,False,,/empresas/como-hacen-dinero-los-millonarios-7-claves-practicas-para-latinos/,116
Miguel Vega,Rusia lanza un ataque masivo contra fábricas militares y puertos de Ucrania,actualidad,2026-07-30T13:37:11-04:00,False,,/internacional/rusia-lanza-un-ataque-masivo-contra-fabricas-militares-y-puertos-de-ucrania/,116
Elba Reyes,«El fútbol no está en venta»: La UEFA estalla contra la FIFA por su plan de privatizar parte del Mundial,sport business,2026-07-29T16:49:41-04:00,False,,/money-invest/daily-news/el-futbol-no-esta-en-venta-la-uefa-estalla-contra-la-fifa-por-su-plan-de-privatizar-parte-del-mundial/,116
Andrea Mercedes,¿Cuántos edificios fueron dañados por los terremotos en Venezuela? La NASA tiene una estimación,daily news,2026-06-30T09:48:01-04:00,False,,/money-invest/daily-news/cuantos-edificios-fueron-danados-por-los-terremotos-en-venezuela-la-nasa-tiene-una-estimacion/,116
Gabriel Rico Albarrán,"Ucrania ataca dos refinerías rusas y deja sin luz a 1,4 millones en Crimea",daily news,2026-07-14T11:11:32-04:00,False,,/money-invest/daily-news/ucrania-golpea-refinerias-rusas-en-los-urales-y-a-orillas-del-mar-negro/,116
Elba Reyes,¿Dónde viven los dominicanos en el exterior? Los datos del nuevo Registro Sociodemográfico 2026,viajes,2026-07-17T17:45:54-04:00,False,,/lifestyle/viajes/donde-viven-los-dominicanos-en-el-exterior-los-datos-del-nuevo-registro-sociodemografico-2026/,115
Elba Reyes,Nueva función de voz en ChatGPT: La tecnología conversacional que imita el habla humana,devices,2026-07-27T16:13:33-04:00,False,,/technology/devices/nueva-funcion-de-voz-en-chatgpt-la-tecnologia-conversacional-que-imita-el-habla-humana/,115
Jhojhanni Fiorini,Pasaporte Dominicano en el Global Passport Index 2026: ¿Qué puesto ocupa y a cuántos países entra sin visa?,república dominicana,2026-07-02T15:00:31-04:00,False,,/money-invest/republica-dominicana/pasaporte-dominicano-en-el-global-passport-index-2026-que-puesto-ocupa-y-a-cuantos-paises-entra-sin-visa/,115
Elba Reyes,República Dominicana entre los 3 países más visitados de Latinoamérica en 2026,experiencias,2026-07-28T14:29:45-04:00,False,,/lifestyle/experiencias/republica-dominicana-entre-los-3-paises-mas-visitados-de-latinoamerica-en-2026/,115
Jhojhanni Fiorini,Resultados de las loterías del 14 de junio de 2026 en República Dominicana,actualidad,2026-06-15T09:20:12-04:00,False,,/actualidad/resultados-de-las-loterias-del-14-de-junio-de-2026-en-republica-dominicana/,115
Elba Reyes,Resultados de la Lotería Quiniela Real del lunes 13 julio de 2026,actualidad,2026-07-14T09:01:36-04:00,False,,/actualidad/resultados-de-la-loteria-quiniela-real-del-lunes-13-julio-de-2026/,115
Darling Gil,Juntos somos mejores,brand content,2026-07-06T15:09:27-04:00,False,,/empresas/brand-content/juntos-somos-mejores/,114
Gabriel Rico Albarrán,Inglaterra jugará con el reloj: la «ventana de las 36 horas» para sobrevivir a la altura del Azteca,sport business,2026-07-03T17:27:26-04:00,False,,/empresas/sport-business/inglaterra-jugara-con-el-reloj-la-ventana-de-las-36-horas-para-sobrevivir-a-la-altura-del-azteca/,114
Jhojhanni Fiorini,Resultados de la lotería nacional del domingo 05 de abril de 2026,actualidad,2026-04-06T08:33:40-04:00,False,,/actualidad/resultados-de-la-loteria-nacional-del-domingo-05-de-abril-de-2026/,114
Ana Sosa,China recupera un cohete reutilizable y acelera la carrera espacial contra SpaceX,business,2026-07-14T09:55:30-04:00,True,,/business/china-recupera-un-cohete-reutilizable-y-acelera-la-carrera-espacial-contra-spacex/,114
Rodrigo Muñoz,Ranking: Estos son los países más ricos y prósperos de Latinoamérica,money invest,2025-03-17T11:32:34-04:00,False,,/money-invest/ranking-estos-son-los-paises-mas-ricos-y-prosperos-de-latinoamerica/,113
Elba Reyes,Mariel Aybar impulsa el empoderamiento financiero femenino con Balanza,cover story,2026-07-29T06:00:26-04:00,True,,/cover-story/mariel-aybar-impulsa-el-empoderamiento-financiero-femenino-con-balanza/,113
Rodrigo Muñoz,Los linajes del poder: Las dinastías reales más ricas del mundo,lifestyle,2025-08-22T14:28:18-04:00,False,,/lifestyle/los-linajes-del-poder-las-dinastias-reales-mas-ricas-del-mundo/,113
Elba Reyes,Los mejores autos del mundo en 2026: El ranking oficial de las expertas globales,automóviles,2026-07-03T15:25:45-04:00,False,,/lifestyle/automoviles/los-mejores-autos-del-mundo-en-2026-el-ranking-oficial-de-las-expertas-globales/,113
Andrea Mercedes,Delcy Rodríguez revela afección de salud en plena crisis por el terremoto,daily news,2026-07-03T12:14:30-04:00,False,,/money-invest/daily-news/delcy-rodriguez-revela-afeccion-de-salud-en-plena-crisis-por-el-terremoto/,113
Gabriel Rico Albarrán,"Francia registra más de 2,000 muertes extra durante la semana de la ola de calor, un 30 % más de lo habitual",daily news,2026-07-03T17:27:15-04:00,False,,/money-invest/daily-news/francia-registra-mas-de-2000-muertes-extra-durante-la-semana-de-la-ola-de-calor-un-30-mas-de-lo-habitual/,112
Andrea Mercedes,"Videos | Así fue el momento del impactante terremoto de 7,1 que sacudió Japón",daily news,2026-07-28T10:50:54-04:00,False,,/money-invest/daily-news/videos-terremoto-7-1-japon-kumamoto/,112
Jhojhanni Fiorini,"Ranking global 2026: así se reparte el poder digital entre Nike, Adidas y Puma",empresas,2026-02-25T17:30:22-04:00,False,,/empresas/ranking-global-2026-asi-se-reparte-el-poder-digital-entre-nike-adidas-y-puma/,112
Jhojhanni Fiorini,Resultados de las loterías del martes 2 de junio de 2026 en República Dominicana,actualidad,2026-06-03T09:10:17-04:00,False,,/actualidad/resultados-de-las-loterias-del-martes-2-de-junio-de-2026-en-republica-dominicana/,112
Ana Sosa,¿Qué hace que la Hamptons Fine Art Fair sea mucho más que una feria de arte?,experiencias,2026-07-10T17:08:04-04:00,True,,/lifestyle/que-hace-que-la-hamptons-fine-art-fair-sea-mucho-mas-que-una-feria-de-arte/,111
Gabriel Rico Albarrán,Siete películas de Tim Burton con la temática ideal para Halloween,vida en la cima,2021-10-31T09:23:25-04:00,False,,/vida-en-la-cima/siete-peliculas-de-tim-burton-con-la-tematica-ideal-para-halloween/,110
Elba Reyes,10 funciones de WhatsApp para dejar de perder tiempo (y ganar eficiencia) en 2026,devices,2026-05-19T17:25:39-04:00,False,,/technology/devices/10-funciones-de-whatsapp-para-dejar-de-perder-tiempo-y-ganar-eficiencia-en-2026/,110
Ana Sosa,El problema de la IA no es la tecnología. Es el retorno de la inversión.,business,2026-07-06T10:38:05-04:00,True,,/business/el-problema-de-la-ia-no-es-la-tecnologia-es-el-retorno-de-la-inversion/,110
Jhojhanni Fiorini,Las monedas más fuertes de América Latina frente al dólar a inicios de 2026,money invest,2026-01-31T13:05:32-04:00,False,,/money-invest/las-monedas-mas-fuertes-de-america-latina/,110
Jhojhanni Fiorini,Resultados de la lotería nacional del jueves 7 de mayo de 2026,actualidad,2026-05-08T08:52:02-04:00,False,,/actualidad/resultados-de-la-loteria-nacional-del-jueves-7-de-mayo-de-2026/,110
Andrea Mercedes,Visa Schengen para República Dominicana: ¿Por qué el país sigue bajo el régimen de visado?,daily news,2026-06-04T14:00:28-04:00,False,,/money-invest/daily-news/visa-schengen-para-republica-dominicana-por-que-el-pais-sigue-bajo-el-regimen-de-visado/,110
Andrea Mercedes,¿Cuál es el virus contagioso que podría propagarse con el regreso de viajeros del Mundial 2026?,sport business,2026-07-24T15:37:27-04:00,False,,/money-invest/daily-news/sarampion-tras-mundial-2026-alerta-reintroduccion/,109
SIN_AUTOR,,,,False,404 Client Error: Not Found for url: https://revistamercado.do/travel/playa-rincon-guia-completa/,/travel/playa-rincon-guia-completa/,109
Jhojhanni Fiorini,Resultados de la lotería nacional de este viernes 15 de mayo de 2026,actualidad,2026-05-16T07:48:22-04:00,False,,/actualidad/resultados-de-la-loteria-nacional-de-este-viernes-15-de-mayo-de-2026/,109
Ana Sosa,¿Tiene China acceso a la máquina que puede cambiar el equilibrio tecnológico mundial?,business,2026-07-07T11:57:42-04:00,True,,/business/tiene-china-acceso-a-la-maquina-que-puede-cambiar-el-equilibrio-tecnologico-mundial/,109
Jhojhanni Fiorini,El iPhone más económico y duradero que puedes comprar en 2026: Por qué este modelo viejo sigue valiendo la pena,devices,2026-07-08T17:23:10-04:00,False,,/technology/devices/el-iphone-mas-economico-y-duradero-que-puedes-comprar-en-2026-por-que-este-modelo-viejo-sigue-valiendo-la-pena/,108
Andrea Mercedes,Nueva factura eléctrica en RD: este es el monto real sin subsidio sale a la luz,daily news,2026-04-24T16:39:25-04:00,False,,/money-invest/daily-news/nueva-factura-electrica-en-rd-este-es-el-monto-real-sin-subsidio-sale-a-la-luz/,108
Andrea Mercedes,Fallece a los 75 años Bonnie Tyler: ¿de qué murió la voz de “Total Eclipse of the Heart”?,daily news,2026-07-09T09:32:26-04:00,False,,/money-invest/daily-news/bonnie-tyler-de-que-murio-total-eclipse-of-the-heart/,108
Andrea Mercedes,¿Afectará tu bolsillo? Lo que debes saber sobre la nueva Ley de Residuos y sus costos ocultos,daily news,2026-06-30T17:07:46-04:00,False,,/money-invest/daily-news/afectara-tu-bolsillo-lo-que-debes-saber-sobre-la-nueva-ley-de-residuos-y-sus-costos-ocultos/,108
Ana Sosa,La inteligencia artificial factura miles de millones. ¿Basta para justificar la inversión?,business,2026-07-29T11:35:09-04:00,True,,/business/la-inteligencia-artificial-factura-miles-de-millones-basta-para-justificar-la-inversion/,108
Ana Sosa,Backrooms: por qué Hollywood ahora invierte en creadores de YouTube,lifestyle,2026-07-30T10:22:27-04:00,True,,/business/backrooms-por-que-hollywood-ahora-invierte-en-creadores-de-youtube/,108
Jhojhanni Fiorini,Ranking de presidentes de EEUU con más deportaciones ,actualidad,2025-08-30T09:00:40-04:00,False,,/actualidad/ranking-de-presidentes-de-eeuu-con-mas-deportaciones/,108
Karime Rivas,"Quién es Livia Chanes, la nueva CEO de Nubank para América Latina",leadership,2026-07-20T19:23:12-04:00,False,,/mercado-women/leadership/livia-chanes-ceo-nubank-latam/,108
Miguel Vega,"Japón evalúa los daños tras un terremoto de magnitud 7,1 en Kumamoto",actualidad,2026-07-28T11:03:49-04:00,False,,/internacional/japon-evalua-los-danos-tras-un-terremoto-de-magnitud-71-en-kumamoto/,107
Elba Reyes,Mundial 2026: estos son los cruces confirmados para los 16avos de final,sport business,2026-06-26T10:53:11-04:00,False,,/empresas/sport-business/mundial-2026-estos-son-los-cruces-confirmados-para-los-16avos-de-final/,107
SIN_AUTOR,,,,False,,/event/mejores-empresa-para-trabajar/,107
Miranda Cross,Santo Domingo avanza 20 puestos en el “Índice Global del Ecosistema de Startups 2026”.,affairs,2026-07-08T13:03:44-04:00,False,,/market-order/affairs/santo-domingo-avanza-20-puestos-en-el-indice-global-del-ecosistema-de-startups-2026/,107
Edwin Lozada,"Josefina Navarro: liderazgo, reputación y visión femenina en Banco BHD",mercado women,2026-02-13T16:09:24-04:00,False,,/mercado-women/josefina-navarro-banco-bhd-liderazgo-reputacion/,107
Andrea Mercedes,Crisis sanitaria en Venezuela por terremoto: Hospitales colapsados tras el sismo,salud,2026-07-03T12:58:32-04:00,False,,/money-invest/daily-news/crisis-sanitaria-en-venezuela-por-terremoto-hospitales-colapsados-tras-el-sismo/,107
Andrea Mercedes,Viajar será más caro en 2026: el aumento silencioso que pagarás la próxima vez que salga de RD,viajes,2026-06-23T15:35:44-04:00,False,,/money-invest/daily-news/viajar-sera-mas-caro-en-2026-el-aumento-silencioso-que-pagaras-la-proxima-vez-que-salga-de-rd/,107
Elba Reyes,Horario del Metro de Santo Domingo: apertura y cierre del sistema,república dominicana,2026-02-10T11:14:33-04:00,False,,/money-invest/republica-dominicana/horario-del-metro-de-santo-domingo-apertura-y-cierre-del-sistema/,107
Jhojhanni Fiorini,Monorriel vs Metro: cuál es la diferencia real y cuál conviene para Santo Domingo,república dominicana,2026-03-27T17:53:31-04:00,False,,/money-invest/republica-dominicana/monorriel-vs-metro-cual-es-la-diferencia-real-y-cual-conviene-para-santo-domingo/,106
Jhojhanni Fiorini,Ranking 2026: Estos son los mejores países para emigrar y el lugar que ocupa Latam,money invest,2026-05-14T12:11:39-04:00,False,,/money-invest/ranking-2026-estos-son-los-mejores-paises-para-emigrar-y-el-lugar-que-ocupa-latam/,106
Andrea Mercedes,Saldo mortal en los festejos de México vs. Ecuador 2026: Tres personas fallecen en CDMX,sport business,2026-07-01T16:54:18-04:00,False,,/money-invest/daily-news/saldo-mortal-en-los-festejos-de-mexico-vs-ecuador-2026-tres-personas-fallecen-en-cdmx/,106
Elba Reyes,"Catástrofe incontrolable: Aumentan a 3,685 los muertos en Venezuela tras el devastador doble sismo",daily news,2026-07-08T14:45:33-04:00,False,,/money-invest/daily-news/catastrofe-incontrolable-aumentan-a-3685-los-muertos-en-venezuela-tras-el-devastador-doble-sismo/,106
Elba Reyes,¿Cómo quedó el Juego de Estrellas 2026 de la MLB y cómo les fue a los dominicanos?,actualidad,2026-07-15T12:53:10-04:00,False,,/actualidad/como-quedo-el-juego-de-estrellas-2026-de-la-mlb-y-como-les-fue-a-los-dominicanos/,106
Andrea Mercedes,Récord de audiencia: La final del Mundial 2026 alcanza 60 millones de televidentes en EE. UU.,sport business,2026-07-23T17:57:03-04:00,False,,/money-invest/daily-news/final-mundial-2026-record-audiencia-estados-unidos/,105
Elba Reyes,Las 10 mujeres empresarias más exitosas del mundo que construyeron imperios millonarios,mercado women,2026-03-11T14:50:36-04:00,False,,/mercado-women/las-10-mujeres-empresarias-mas-exitosas-del-mundo-que-construyeron-imperios-millonarios/,105
Elba Reyes,Resultados de la Lotería Quiniela Real del domingo 12  julio de 2026,actualidad,2026-07-13T09:30:40-04:00,False,,/actualidad/resultados-de-la-loteria-quiniela-real-del-domingo-12-julio-de-2026/,105
Elba Reyes,ShakiBecca y la FIFA: la polémica detrás de la doble de Shakira en el Mundial 2026,actualidad,2026-06-15T17:31:10-04:00,False,,/actualidad/shakira-fue-reemplazada-por-una-doble-en-el-mundial-2026/,105
Elba Reyes,Resultados de la Lotería Quiniela Real del martes 14 julio de 2026,actualidad,2026-07-15T08:02:08-04:00,False,,/actualidad/resultados-de-la-loteria-quiniela-real-del-martes-14-julio-de-2026/,105
Elba Reyes,Terremoto hoy en RD: Ranking de los terremotos más poderosos que han sacudido la República Dominicana,república dominicana,2026-02-16T15:30:02-04:00,False,,/money-invest/republica-dominicana/ranking-los-terremotos-mas-poderosos-que-han-sacudido-la-republica-dominicana/,104
Gabriel Rico Albarrán,🔴 EN VIVO | Mejores Empresas Para Trabajar Summit 2026,daily news,2026-06-30T09:34:21-04:00,False,,/mercado-exchange/en-vivo-mejores-empresas-para-trabajar-summit-2026/,104
Jhojhanni Fiorini,Resultados de las loterías del 31 de mayo de 2026 en República Dominicana ,actualidad,2026-06-01T08:21:52-04:00,False,,/actualidad/resultados-de-las-loterias-del-31-de-mayo-de-2026-en-republica-dominicana/,104
Karime Rivas,Keiko Fujimori asume la presidencia de Perú con un país dividido y una amenaza inesperada,leadership,2026-07-28T11:08:00-04:00,False,,/mercado-women/leadership/keiko-fujimori-asume-la-presidencia-hoy-en-peru/,104
Andrea Mercedes,Reforma policial República Dominicana 2026: Por qué no avanza la ley en el Congreso Nacional y plazos para perimir,daily news,2026-06-24T15:41:59-04:00,False,,/money-invest/daily-news/reforma-policial-republica-dominicana-2026-por-que-no-avanza-la-ley-en-el-congreso-nacional-y-plazos-para-perimir/,104
Elba Reyes,¿Cuándo puedo renovar mi pasaporte en RD? Nueva disposición elimina límites de fecha,daily news,2026-05-12T14:10:55-04:00,False,,/money-invest/daily-news/cuando-puedo-renovar-mi-pasaporte-en-rd-nueva-disposicion-elimina-limites-de-fecha/,104
Jhojhanni Fiorini,Los 10 países más endeudados con el FMI en Latinoamérica y el desafío de pagar en 2026,money invest,2026-02-09T11:30:59-04:00,False,,/money-invest/los-10-paises-mas-endeudados-con-el-fmi-en-latinoamerica-y-el-desafio-de-pagar-en-2026/,104
Jhojhanni Fiorini,¿Cuáles son las 10 economías con el mayor PIB nominal en el mundo?,internacional,2026-07-29T17:46:50-04:00,False,,/money-invest/daily-news/cuales-son-las-10-economias-con-el-mayor-pib-nominal-en-el-mundo/,104
Andrea Mercedes,Hallan sin vida a la madre de una famosa actriz venezolana tras el terremoto,actualidad,2026-07-07T09:38:52-04:00,False,,/actualidad/hallan-sin-vida-a-la-madre-de-una-famosa-actriz-venezolana-tras-el-terremoto/,103
Jhojhanni Fiorini,Resultados de la lotería nacional del jueves 23 de abril de 2026,actualidad,2026-04-24T09:00:33-04:00,False,,/actualidad/resultados-de-la-loteria-nacional-del-jueves-23-de-abril-de-2026/,103
Miguel Vega,Rusia espera una nueva propuesta de paz para Ucrania tras el fracaso del acuerdo con EE. UU.,actualidad,2026-07-24T18:39:47-04:00,False,,/internacional/rusia-espera-una-nueva-propuesta-de-paz-para-ucrania-tras-el-fracaso-del-acuerdo-con-ee-uu/,103
Ana Sosa,Richard Branson: levantarse a las 5 de la mañana no garantiza el éxito,business,2026-07-15T11:54:39-04:00,True,,/business/richard-branson-levantarse-a-las-5-de-la-manana-no-garantiza-el-exito/,103
Andrea Mercedes,Revés judicial en la Casa Blanca: Trump deberá pagar 5 millones de dólares a la escritora E. Jean Carroll,daily news,2026-06-30T17:47:46-04:00,False,,/money-invest/daily-news/reves-judicial-en-la-casa-blanca-trump-debera-pagar-5-millones-de-dolares-a-la-escritora-e-jean-carroll/,103
Andrea Mercedes,Rayo impacta aeropuerto de Venezuela en plena emergencia nacional: esto ocurrió,daily news,2026-06-30T11:15:08-04:00,False,,/money-invest/daily-news/rayo-impacta-aeropuerto-de-venezuela-en-plena-emergencia-nacional-esto-ocurrio/,103
Andrea Mercedes,¿Por qué suben los pasajes de avión? Las claves del nuevo impuesto aéreo del Gobierno dominicano,daily news,2026-07-13T17:35:53-04:00,False,,/money-invest/daily-news/nuevo-impuesto-aereo-republica-dominicana-pasajes-avion/,103
Elba Reyes,¿Qué países piden visa a los dominicanos en 2026 y cuáles no?,turismo,2026-06-09T10:40:50-04:00,False,,/turismo/que-paises-piden-visa-a-los-dominicanos-en-2026-y-cuales-no/,103
Karime Rivas,Rita Abinader de Lulo: “El mayor logro de una madre es formar seres humanos capaces de amar”,leadership,2026-05-31T07:10:52-04:00,False,,/mercado-women/leadership/rita-abinader-eentrevista-exclusiva/,102
Andrea Mercedes,Los grandes hoteles de lujo en Cuba se quedan vacíos por la presión de Estados Unidos,daily news,2026-07-07T17:30:28-04:00,False,,/money-invest/daily-news/los-grandes-hoteles-de-lujo-en-cuba-se-quedan-vacios-por-la-presion-de-estados-unidos/,102
Andrea Mercedes,RD prohíbe la importación de bienes hechos con trabajo forzoso bajo el Decreto 502-26,daily news,2026-07-24T12:53:15-04:00,False,,/money-invest/daily-news/decreto-502-26-trabajo-forzoso-importacion-bienes-rd/,102
Jhojhanni Fiorini,Resultados de la lotería de este viernes 22 de mayo de 2026,actualidad,2026-05-23T07:38:37-04:00,False,,/actualidad/resultados-de-la-loteria-de-este-viernes-22-de-mayo-de-2026/,102
Karime Rivas,Fraysis Moronta: el desafío corporativo está en formar a quienes harán posible el futuro,executive profiles,2026-06-30T20:32:28-04:00,False,,/mercado-women/executive-profiles/fraysis-moronta-formar-al-personal/,102
Elba Reyes,¿Cuáles son los lugares más costosos para viajar? La lista definitiva del turismo de ultra lujo,experiencias,2026-07-15T17:56:04-04:00,False,,/lifestyle/experiencias/cuales-son-los-lugares-mas-costosos-para-viajar-la-lista-definitiva-del-turismo-de-ultra-lujo/,102
Elba Reyes,Anuncios de Marvel en Comic-Con 2026: Ryan Gosling como Ghost Rider y nuevo Pantera Negra,actualidad,2026-07-27T16:33:40-04:00,False,,/actualidad/anuncios-de-marvel-en-comic-con-2026-ryan-gosling-como-ghost-rider-y-nuevo-pantera-negra/,102
Agatha Thomas,La función que debes desactivar en tu televisor para mejorar la calidad de imagen,technology,2026-01-26T08:00:42-04:00,False,,/technology/la-funcion-que-debes-desactivar-en-tu-televisor-para-mejorar-la-calidad-de-imagen/,102
Jhojhanni Fiorini,"Los países de América Latina con mayor esperanza de vida, según datos de la ONU",internacional,2026-02-02T10:45:32-04:00,False,,/money-invest/internacional-economia/los-paises-de-america-latina-con-mayor-esperanza-de-vida-segun-datos-de-la-onu/,101
Andrea Mercedes,¿Cómo fue el operativo de seguridad en el partido Argentina-Inglaterra? La lupa sobre los drones y la tensión por Malvinas,sport business,2026-07-15T16:26:06-04:00,False,,/money-invest/daily-news/operativo-seguridad-argentina-inglaterra-mundial-2026/,101
Jhojhanni Fiorini,Inyección millonaria a la economía: La Inversión Extranjera Directa rompe marcas en República Dominicana,república dominicana,2026-07-29T13:06:05-04:00,False,,/money-invest/daily-news/inyeccion-millonaria-a-la-economia-la-inversion-extranjera-directa-rompe-marcas-en-republica-dominicana/,101
Jhojhanni Fiorini,Resultados de las loterías del 9 de junio de 2026 en República Dominicana,actualidad,2026-06-10T10:35:47-04:00,False,,/actualidad/resultados-de-las-loterias-del-9-de-junio-de-2026-en-republica-dominicana/,101
Jhojhanni Fiorini,Ranking de educación en Latinoamérica: Los 10 países con mayor porcentaje de población con escolaridad completa,internacional,2026-07-28T16:31:48-04:00,False,,/money-invest/daily-news/ranking-de-educacion-en-latinoamerica-los-10-paises-con-mayor-porcentaje-de-poblacion-con-escolaridad-completa/,100
Jhojhanni Fiorini,"iPhone 18 Pro: precio, fecha de lanzamiento y características filtradas ",technology,2026-03-07T09:57:41-04:00,False,,/technology/iphone-18-pro-precio-fecha-de-lanzamiento-y-caracteristicas-filtradas/,100
Jhojhanni Fiorini,"Los países de América Latina que más crecerán en 2026, según las proyecciones del PIB",money invest,2026-01-15T13:45:55-04:00,False,,/money-invest/los-paises-de-america-latina-que-mas-creceran-en-2026-segun-las-proyecciones-del-pib/,100
Elba Reyes,"De oficio técnico a empresa escalable: planificación, sacrificio familiar y capacitación constante",cover story,2026-07-25T08:00:36-04:00,False,,/cover-story/de-oficio-tecnico-a-empresa-escalable-planificacion-sacrificio-familiar-y-capacitacion-constante/,100
Andrea Mercedes,¿Qué funcionarios del gabinete económico de RD evaluará o cambiará el presidente Luis Abinader?,daily news,2026-07-27T16:42:49-04:00,False,,/money-invest/daily-news/gabinete-economico-rd-funcionarios-evaluara-abinader/,100
Rodrigo Muñoz,Los 5 mejores libros clásicos de la literatura dominicana,mercadoteca,2025-09-26T13:38:38-04:00,False,,/lifestyle/mercadoteca/los-5-mejores-libros-clasicos-de-la-literatura-dominicana/,100
Jhojhanni Fiorini,La revolución del dinero digital en RD: Así creció el sistema que transformó las transferencias bancarias,finanzas,2026-07-16T17:25:13-04:00,False,,/market-brief/finanzas/la-revolucion-del-dinero-digital-en-rd-asi-crecio-el-sistema-que-transformo-las-transferencias-bancarias/,100
Andrea Mercedes,Abinader resalta que el crecimiento económico de RD exige más inversión en infraestructura y comercio,daily news,2026-07-16T09:35:10-04:00,False,,/money-invest/daily-news/abinader-crecimiento-economico-infraestructura-rd/,99
Ana Sosa,Elon Musk y Sam Altman se acusan de engañar a inversionistas mientras OpenAI y SpaceX compiten por el liderazgo de la IA,business,2026-07-14T10:40:21-04:00,True,,/business/elon-musk-y-sam-altman-se-acusan-de-enganar-a-inversionistas-mientras-openai-y-spacex-compiten-por-el-liderazgo-de-la-ia/,99
Elba Reyes,¿Dónde lloverá hoy en República Dominicana? El pronóstico de la vaguada para este jueves,actualidad,2026-07-23T15:56:36-04:00,False,,/actualidad/donde-llovera-hoy-en-republica-dominicana-el-pronostico-de-la-vaguada-para-este-jueves/,99
Jhojhanni Fiorini,De una fotografía histórica a la final del Mundial 2026: la increíble historia que une a Lionel Messi y Lamine Yamal,sport business,2026-07-17T11:06:42-04:00,False,,/empresas/sport-business/de-una-fotografia-historica-a-la-final-del-mundial-2026-la-increible-historia-que-une-a-lionel-messi-y-lamine-yamal/,99
Miguel Vega,"Pepín Corripio, legado empresarial y humano en República Dominicana",perfiles,2026-03-12T18:03:29-04:00,False,,/empresas/pepin-corripio-legado-empresarial-y-humano-en-republica-dominicana/,99
Elba Reyes,Santo Domingo este fin de semana: los mejores planes para disfrutar la ciudad,experiencias,2026-07-17T16:34:45-04:00,False,,/lifestyle/experiencias/santo-domingo-este-fin-de-semana-los-mejores-planes-para-disfrutar-la-ciudad/,98
Elba Reyes,¿Cuánto dinero tiene Juan Soto? Esta es su fortuna tras su contrato histórico,sport business,2026-04-12T12:00:32-04:00,False,,/empresas/sport-business/cuanto-dinero-tiene-juan-soto-esta-es-su-fortuna-tras-su-contrato-historico/,98
Miguel Vega,La tragedia migratoria en Ceuta deja 34 muertos tras una entrada masiva desde Marruecos,daily news,2026-07-31T11:13:35-04:00,False,,/internacional/la-tragedia-migratoria-en-ceuta-deja-34-muertos-tras-una-entrada-masiva-desde-marruecos/,98
Jhojhanni Fiorini,Latinoamérica domina el consumo de Coca-Cola y deja atrás a Estados Unidos,empresas,2026-02-25T13:40:29-04:00,False,,/empresas/latinoamerica-domina-el-consumo-de-coca-cola-y-deja-atras-a-estados-unidos/,98
Jhojhanni Fiorini,Carlos Durán: De youtuber a emprendedor visionario,mercado events,2025-07-17T11:55:01-04:00,False,,/mercado-exchange/carlos-duran-de-youtuber-a-emprendedor-visionario/,98
Elba Reyes,República Dominicana: los destinos que más eligen los viajeros en 2026,viajes,2026-06-18T11:19:48-04:00,False,,/turismo/republica-dominicana-los-destinos-que-mas-eligen-los-viajeros-en-2026/,98
Elba Reyes,Cinco destinos ideales para el romance y los viajes en pareja en República Dominicana,experiencias,2026-07-07T15:28:31-04:00,False,,/lifestyle/experiencias/cinco-destinos-ideales-para-el-romance-y-los-viajes-en-pareja-en-republica-dominicana/,98
Elba Reyes,¿Qué tan felices son los dominicanos? El lugar que ocupa el país en el ranking global de bienestar,experiencias,2026-07-16T12:15:34-04:00,False,,/lifestyle/experiencias/que-tan-felices-son-los-dominicanos-el-lugar-que-ocupa-el-pais-en-el-ranking-global-de-bienestar/,97
Karime Rivas,Biviana Riveiro cambia la agenda de inversión por el tablero financiero de Fiduciaria Reservas,leadership,2026-07-29T21:30:21-04:00,False,,/mercado-women/leadership/biviana-riveiro-fiduciaria-reservas/,97
Gabriel Rico Albarrán,Japón despliega en Venezuela un equipo médico de ayuda humanitaria tras los terremotos,daily news,2026-07-01T17:59:58-04:00,False,,/money-invest/daily-news/japon-despliega-en-venezuela-un-equipo-medico-de-ayuda-humanitaria-tras-los-terremotos/,97
SIN_AUTOR,,,,False,404 Client Error: Not Found for url: https://revistamercado.do/money-invest/top-10-familias-mas-ricas-del-mundo-quienes-lideran-y-cuanto-dinero-tienen/,/money-invest/top-10-familias-mas-ricas-del-mundo-quienes-lideran-y-cuanto-dinero-tienen/,97
Elba Reyes,"Apple lanza «Apple Upgrade»: El programa para arrendar iPhone, Mac y iPad por cuotas mensuales",devices,2026-07-29T16:27:20-04:00,False,,/technology/devices/apple-lanza-apple-upgrade-el-programa-para-arrendar-iphone-mac-y-ipad-por-cuotas-mensuales/,97
Jhojhanni Fiorini,Freno al gigante de la moda: La desaceleración de Shein que pone en jaque su millonaria valoración bursátil,empresas,2026-07-27T13:36:35-04:00,False,,/empresas/freno-al-gigante-de-la-moda-la-desaceleracion-de-shein-que-pone-en-jaque-su-millonaria-valoracion-bursatil/,96
Elba Reyes,Así está el precio de la vivienda en República Dominicana en 2026,money invest,2026-01-22T14:43:03-04:00,False,,/money-invest/asi-esta-el-precio-de-la-vivienda-en-republica-dominicana-en-2026/,96
Elba Reyes,Mundial 2026: Cuándo se juegan los dieciseisavos de final y quiénes podrían enfrentarse,sport business,2026-06-25T11:53:27-04:00,False,,/empresas/sport-business/mundial-2026-cuando-se-juegan-los-dieciseisavos-de-final-y-quienes-podrian-enfrentarse/,96
Jhojhanni Fiorini,¿Quién vendió más smartphones en 2025: Apple o Samsung? Así quedó el ranking mundial,technology,2026-02-05T14:01:54-04:00,False,,/technology/quien-vendio-mas-smartphones-en-2025-apple-o-samsung-asi-quedo-el-ranking-mundial/,96
Andrea Mercedes,¿Por qué el presidente de Turquía regaló un arma a los líderes de la OTAN? El significado oculto de su obsequio,daily news,2026-07-09T17:43:19-04:00,False,,/money-invest/daily-news/por-que-el-presidente-de-turquia-regalo-un-arma-a-los-lideres-de-la-otan-el-significado-oculto-de-su-obsequio/,96
Jhojhanni Fiorini,Shakira y Burna Boy alcanzan el número 1 del mundo con su éxito «Dai Dai»,trends,2026-07-03T15:43:34-04:00,False,,/mercado-women/shakira-y-burna-boy-alcanzan-el-numero-1-del-mundo-con-su-exito-dai-dai/,96
Elba Reyes,"Estrenos Disney Plus julio 2026: El diablo viste a la moda 2, Soy Luna y más",actualidad,2026-06-30T16:17:04-04:00,False,,/actualidad/estrenos-disney-plus-julio-2026-el-diablo-viste-a-la-moda-2-soy-luna-y-mas/,95
Elba Reyes,¿Por qué hace tanto calor en RD este verano y hasta cuándo durarán las temperaturas extremas?,actualidad,2026-06-22T12:50:19-04:00,False,,/actualidad/por-que-hace-tanto-calor-en-rd-este-verano-y-hasta-cuando-duraran-las-temperaturas-extremas/,95
Ana Sosa,Mundial 2026: el fútbol creó un activo publicitario que no existía y Coca-Cola fue la primera en ponerle precio,business,2026-07-31T05:36:05-04:00,True,,/business/mundial-2026-el-futbol-creo-un-activo-publicitario-que-no-existia-y-coca-cola-fue-la-primera-en-ponerle-precio/,95
Jhojhanni Fiorini,Las 7 claves que dejó Visión Emprendedora 2025 ,mercado events,2025-07-16T12:04:40-04:00,False,,/mercado-exchange/las-7-claves-que-dejo-vision-emprendedora-2025/,95
Jhojhanni Fiorini,¿Cuánto crudo vende Venezuela a Estados Unidos? Las cifras de la EIA sobre el repunte petrolero en 2026,internacional,2026-07-10T09:46:19-04:00,False,,/money-invest/daily-news/cuanto-crudo-vende-venezuela-a-estados-unidos-las-cifras-de-la-eia-sobre-el-repunte-petrolero-en-2026/,95
Elba Reyes,"La herencia de Chadwick Boseman, actor de &#8216;Pantera Negra&#8217;, desata conflicto entre sus hermanos y viuda",actualidad,2026-07-24T15:45:50-04:00,False,,/actualidad/la-herencia-de-chadwick-boseman-actor-de-pantera-negra-desata-conflicto-entre-sus-hermanos-y-viuda/,95
Elba Reyes,Cédula en RD desde mayo: esta es la lista de documentos obligatorios para el trámite,daily news,2026-04-27T13:15:16-04:00,False,,/money-invest/daily-news/cedula-en-rd-desde-mayo-esta-es-la-lista-de-documentos-obligatorios-para-el-tramite/,94
SIN_AUTOR,,,,False,,/event/tech-summit-2026/,94
Darling Gil,Cambios para mejorar,market brief,2026-07-06T11:49:34-04:00,False,,/market-brief/cambios-para-mejorar/,94
Gabriel Rico Albarrán,Las 4 lecciones que dejó el evento Visión Emprendedora 2026,daily news,2026-07-29T07:00:19-04:00,False,,/mercado-exchange/lecciones-que-dejo-el-evento-vision-emprendedora-2026/,94
Gabriel Rico Albarrán,"Mercado AutoShow + Visión Emprendedora, donde convergen movilidad, innovación y emprendimiento",daily news,2026-07-24T10:02:00-04:00,False,,/mercado-exchange/mercado-autoshow-vision-emprendedora-donde-convergen-movilidad-innovacion-y-emprendimiento/,94
Jhojhanni Fiorini,Resultados de la lotería de este jueves 21 de mayo de 2026,actualidad,2026-05-22T07:21:55-04:00,False,,/actualidad/resultados-de-la-loteria-de-este-jueves-21-de-mayo-de-2026/,94
Jhojhanni Fiorini,"Inversión extranjera en RD alcanzará récord histórico de US$ 5,200 millones en 2026",república dominicana,2026-07-03T15:50:23-04:00,False,,/money-invest/daily-news/inversion-extranjera-en-rd-alcanzara-record-historico-de-us-5200-millones-en-2026/,94
Darling Gil,Como se construye la ventaja digital,technology,2026-07-27T11:19:35-04:00,False,,/technology/como-se-construye-la-ventaja-digital/,94
Andrea Mercedes,Policías arrestados en Venezuela por robo: ¿Qué se llevaron de la ayuda humanitaria del terremoto?,daily news,2026-07-02T16:55:12-04:00,False,,/money-invest/daily-news/policias-arrestados-en-venezuela-por-robo-que-se-llevaron-de-la-ayuda-humanitaria-del-terremoto/,94
Jhojhanni Fiorini,Nervio vago: qué es y cómo afecta tu salud física y emocional ,medihealth,2024-09-12T15:28:24-04:00,False,,/medihealth/nervio-vago-que-es/,94
Jhojhanni Fiorini,Resultados de la lotería nacional del domingo 10 de mayo de 2026,actualidad,2026-05-11T09:05:10-04:00,False,,/actualidad/resultados-de-la-loteria-nacional-del-domingo-10-de-mayo-de-2026/,94
Andrea Mercedes,"Terremoto en Venezuela: Sepultan a las víctimas identificadas tras superar los 3,000 muertos",daily news,2026-07-06T16:42:30-04:00,False,,/money-invest/daily-news/terremoto-en-venezuela-sepultan-a-las-victimas-identificadas-tras-superar-los-3000-muertos/,94
Karime Rivas,Princesa Leonor: El poder del traje como símbolo de liderazgo,working mothers,2024-12-25T23:06:08-04:00,False,,/mercado-women/working-monthers/princesa-leonor-traje/,93
Andrea Mercedes,Se cierra la «ventana de vida» en Venezuela: ¿Cuántos días puede resistir una persona atrapada?,daily news,2026-06-30T14:55:39-04:00,False,,/money-invest/daily-news/se-cierra-la-ventana-de-vida-en-venezuela-cuantos-dias-puede-resistir-una-persona-atrapada/,93
Andrea Mercedes,¿Cómo funcionará el pasaje único? Claves y precios de la unificación de tarifas del transporte en RD,daily news,2026-07-14T15:35:25-04:00,False,,/money-invest/daily-news/pasaje-unico-rd-tarifa-integrada-transporte-publico/,93
SIN_AUTOR,,,,False,404 Client Error: Not Found for url: https://revistamercado.do/shopping/conoce-6-boutiques-de-mujer-en-santo-domingo-que-transformaran-tu-closet/,/shopping/conoce-6-boutiques-de-mujer-en-santo-domingo-que-transformaran-tu-closet/,93
Gabriel Rico Albarrán,🔴 EN VIVO | Mejores Empresas Para Trabajar Región Norte 2026,daily news,2026-07-02T11:34:45-04:00,False,,/mercado-exchange/en-vivo-mejores-empresas-para-trabajar-region-norte-2026/,93
Jhojhanni Fiorini,Resultados de la lotería nacional del martes 5 de mayo de 2026,actualidad,2026-05-06T09:01:41-04:00,False,,/actualidad/resultados-de-la-loteria-nacional-del-martes-5-de-mayo-de-2026/,93
Karime Rivas,México 71: el Mundial femenino que la FIFA dejó fuera de la historia,executive profiles,2026-07-09T11:09:50-04:00,False,,/mercado-women/executive-profiles/mexico-71-primer-mundial-de-futbol-femenino/,93
Elba Reyes,¿Cuáles universidades piden la nota de las Pruebas Nacionales como requisito de admisión este 2026?,actualidad,2026-07-17T16:58:17-04:00,False,,/actualidad/cuales-universidades-piden-la-nota-de-las-pruebas-nacionales-como-requisito-de-admision-este-2026/,92
Elba Reyes,Resultados de la Lotería Quiniela Real del lunes 6 julio de 2026,actualidad,2026-07-07T10:13:02-04:00,False,,/actualidad/resultados-de-la-loteria-quiniela-real-del-lunes-6-julio-de-2026/,92
Miranda Cross,La Casa Blanca Ha liderado al Real Madrid en una etapa que ya se considera la más exitosa de la historia del club,retratos,2026-07-10T08:00:59-04:00,False,,/market-order/retratos/la-casa-blanca-ha-liderado-al-real-madrid-en-una-etapa-que-ya-se-considera-la-mas-exitosa-de-la-historia-del-club/,92
Jhojhanni Fiorini,Cómo eliminar un ratón de tu casa sin matarlo y de forma efectiva,medihealth,2026-02-23T17:26:13-04:00,False,,/medihealth/como-eliminar-un-raton-de-tu-casa-sin-matarlo-y-de-forma-efectiva/,92
Karime Rivas,Silvana Tenreyro: el perfil de la economista argentina que asumirá como economista jefe del FMI,executive profiles,2026-07-14T18:43:04-04:00,False,,/mercado-women/executive-profiles/silvana-tenreyro-economista-jefe-fmi/,92
Andrea Mercedes,¿Qué regiones de América Latina afectará el fenómeno de El Niño este año?,cambio climático,2026-06-02T17:51:56-04:00,False,,/money-invest/daily-news/que-regiones-de-america-latina-afectara-el-fenomeno-de-el-nino-este-ano/,92
Rodrigo Muñoz,Ranking: Los 10 países más seguros de América Latina,internacional,2025-03-03T14:57:54-04:00,False,,/money-invest/internacional-economia/ranking-los-10-paises-mas-seguros-de-america-latina/,92
SIN_AUTOR,,,,False,404 Client Error: Not Found for url: https://revistamercado.do/dining-out/for-meat-lovers-los-mejores-restaurantes-de-carne-en-santo-domingo/,/dining-out/for-meat-lovers-los-mejores-restaurantes-de-carne-en-santo-domingo/,91
Elba Reyes,¿A qué hora canta Shakira en el Mundial 2026 y cómo verla en vivo desde República Dominicana?,sport business,2026-06-09T17:12:02-04:00,False,,/empresas/sport-business/a-que-hora-canta-shakira-en-el-mundial-2026-y-como-verla-en-vivo-desde-republica-dominicana/,91
Jhojhanni Fiorini,La estrategia de Nvidia con la industria japonesa para dominar la inteligencia artificial aplicada a robots,empresas,2026-07-16T17:52:39-04:00,False,,/empresas/la-estrategia-de-nvidia-con-la-industria-japonesa-para-dominar-la-inteligencia-artificial-aplicada-a-robots/,91
Elba Reyes,Así es el exclusivo baúl de Louis Vuitton que resguarda la copa del Mundial 2026,experiencias,2026-07-16T14:46:35-04:00,False,,/lifestyle/experiencias/asi-es-el-exclusivo-baul-de-louis-vuitton-que-resguarda-la-copa-del-mundial-2026/,91
Ana Sosa,Bernard Arnault niega una disputa entre sus hijos por el control de LVMH,business,2026-07-28T11:33:49-04:00,True,,/business/bernard-arnault-niega-una-disputa-entre-sus-hijos-por-el-control-de-lvmh/,91
Andrea Mercedes,Países del Golfo preparan ola de endeudamiento para crear rutas alternativas a Ormuz,daily news,2026-07-24T16:20:17-04:00,False,,/money-invest/daily-news/paises-golfo-endeudamiento-rutas-alternativas-ormuz/,91
Andrea Mercedes,"Subsidio eléctrico en RD se acerca a los RD$50,000 millones en solo cuatro meses",daily news,2026-05-19T14:27:06-04:00,False,,/money-invest/daily-news/subsidio-electrico-en-rd-se-acerca-a-los-rd50000-millones-en-solo-cuatro-meses/,91
Andrea Mercedes,Una semana de dolor: El devastador saldo de muertos y daños materiales que dejó el sismo en Venezuela,daily news,2026-07-02T15:38:10-04:00,False,,/money-invest/daily-news/una-semana-de-dolor-el-devastador-saldo-de-muertos-y-danos-materiales-que-dejo-el-sismo-en-venezuela/,91
SIN_AUTOR,,,,False,,/who-is-who/priscilla-kelly-leon/,90
Elba Reyes,WhatsApp deja de funcionar en agosto 2026: Celulares sin soporte y lista de modelos,devices,2026-07-31T12:27:34-04:00,False,,/technology/devices/whatsapp-deja-de-funcionar-en-agosto-2026-celulares-sin-soporte-y-lista-de-modelos/,90
Jhojhanni Fiorini,Ranking 2026: este es el país que superó a México en poder militar en la región,internacional,2026-03-26T16:17:59-04:00,False,,/money-invest/internacional-economia/ranking-2026-este-es-el-pais-que-supero-a-mexico-en-poder-militar-en-la-region/,90
Elba Reyes,Los países más difíciles de visitar del mundo: visas casi imposibles y fuertes restricciones,internacional,2026-02-03T17:20:29-04:00,False,,/money-invest/internacional-economia/los-paises-mas-dificiles-de-visitar-del-mundo-visas-casi-imposibles-y-fuertes-restricciones/,90
Jhojhanni Fiorini,Por qué República Dominicana y Centroamérica lideran el mapa de las zonas francas en la región,república dominicana,2026-07-16T09:08:13-04:00,False,,/money-invest/daily-news/por-que-republica-dominicana-y-centroamerica-lideran-el-mapa-de-las-zonas-francas-en-la-region/,90
Jhojhanni Fiorini,"Estos son los países de América Latina con el mayor déficit de vivienda, según Hábitat para la Humanidad",internacional,2026-07-16T17:37:53-04:00,False,,/money-invest/daily-news/estos-son-los-paises-de-america-latina-con-el-mayor-deficit-de-vivienda-segun-habitat-para-la-humanidad/,90
Karime Rivas,Rosa Hernández de Grullón llega a Irlanda: los retos de fortalecer una relación bilateral con alto potencial,leadership,2026-07-24T12:41:21-04:00,False,,/mercado-women/leadership/rosa-hernandez-de-grullon-embajadora-de-irlanda/,90
Karime Rivas,Gloria Reyes es ratificada al frente del COMMCA: estas serán las prioridades regionales hasta 2029,leadership,2026-07-24T11:57:58-04:00,False,,/mercado-women/leadership/gloria-reyes-reelecta-commca-representando-rd/,90
SIN_AUTOR,,,,False,,/event/transporte-logistica-y-zonas-francas-summit-2026/,90
Elba Reyes,Resultados de la Lotería Quiniela Real del miércoles 29 julio de 2026,actualidad,2026-07-30T09:03:57-04:00,False,,/actualidad/resultados-de-la-loteria-quiniela-real-del-miercoles-29-julio-de-2026/,90
Andrea Mercedes,Histórica suspensión: el peligroso fenómeno climático que obligó a suspender la fiesta del 4 de Julio en EEUU en algunas ciudades,cambio climático,2026-07-03T14:17:09-04:00,False,,/money-invest/daily-news/historica-suspension-el-peligroso-fenomeno-climatico-que-obligo-a-suspender-la-fiesta-del-4-de-julio-en-eeuu-en-algunas-ciudades/,90
Jhojhanni Fiorini,"Qué es la Sun Valley Conference, el exclusivo “campamento para multimillonarios” que se celebra cada verano",empresas,2026-07-13T15:07:19-04:00,False,,/empresas/que-es-la-sun-valley-conference-el-exclusivo-campamento-para-multimillonarios-que-se-celebra-cada-verano/,89
Elba Reyes,¿Cuánto dinero acumuló «The Odyssey» en taquilla y qué récord histórico rompió el fin de semana?,actualidad,2026-07-20T11:44:13-04:00,False,,/actualidad/cuanto-dinero-acumulo-the-odyssey-en-taquilla-y-que-record-historico-rompio-el-fin-de-semana/,89
Ana Sosa,La caída en bolsa de IBM reabre la mayor duda sobre la inteligencia artificial,business,2026-07-16T11:34:01-04:00,True,,/business/la-caida-en-bolsa-de-ibm-reabre-la-mayor-duda-sobre-la-inteligencia-artificial/,89
Ana Sosa,"Nike supera a Wall Street, pero su verdadera prueba es en este Mundial FIFA 2026",empresas,2026-07-01T11:43:25-04:00,True,,/empresas/nike-supera-a-wall-street-pero-su-verdadera-prueba-es-en-este-mundial-fifa-2026/,89
Jhojhanni Fiorini,¿Cómo funciona la estafa del mensaje falso de Amazon? El truco para no perder tu cuenta ni dinero,devices,2026-07-17T08:13:24-04:00,False,,/technology/devices/como-funciona-la-estafa-del-mensaje-falso-de-amazon-el-truco-para-no-perder-tu-cuenta-ni-dinero/,89
Darling Gil,Americas Investment Forum sirve de escenario para reconocer excelencia de empresas de inversión en RD,daily news,2026-07-02T12:16:16-04:00,False,,/money-invest/daily-news/americas-investment-forum-sirve-de-escenario-para-reconocer-excelencia-de-empresas-de-inversion-en-rd/,89
Elba Reyes,Punto verde en WhatsApp: Qué significa y cómo evitar que aparezca en tu perfil,devices,2026-07-22T14:29:48-04:00,False,,/technology/devices/punto-verde-en-whatsapp-que-significa-y-como-evitar-que-aparezca-en-tu-perfil/,89
Elba Reyes,Cómo eliminar las fotos que te envían por WhatsApp para liberar espacio en tu celular,devices,2026-07-10T15:10:35-04:00,False,,/technology/devices/como-eliminar-las-fotos-que-te-envian-por-whatsapp-para-liberar-espacio-en-tu-celular/,89
Darling Gil,Lucy Doughty: filantropía con impacto en educación y salud,executive profiles,2026-03-11T15:10:00-04:00,False,,/mercado-women/executive-profiles/lucy-doughty-filantropia/,88
Jhojhanni Fiorini,Alerta en las gasolineras: El pacto geopolítico secreto que determinará si el precio del petróleo se dispara,internacional,2026-07-10T14:37:17-04:00,False,,/money-invest/daily-news/alerta-en-las-gasolineras-el-pacto-geopolitico-secreto-que-determinara-si-el-precio-del-petroleo-se-dispara/,88
Andrea Mercedes,Abinader inaugura el túnel de la Plaza de la Bandera: así transformará el tránsito en Santo Domingo,daily news,2026-07-20T09:25:15-04:00,False,,/money-invest/daily-news/abinader-inaugura-tunel-plaza-bandera-transito-santo-domingo/,88
Jhojhanni Fiorini,Ranking del precio de la gasolina en Latinoamérica en 2026 país por país,money invest,2026-01-14T14:14:20-04:00,False,,/money-invest/ranking-del-precio-de-la-gasolina-en-latinoamerica-en-2026-pais-por-pais/,88
Jhojhanni Fiorini,Ranking 2026: estas son las marcas de restaurantes más valiosas del mundo,empresas,2026-02-17T10:37:48-04:00,False,,/empresas/ranking-2026-estas-son-las-marcas-de-restaurantes-mas-valiosas-del-mundo/,88
Jhojhanni Fiorini,¿Podría quebrar Meta? La histórica multa récord que pone en peligro a la empresa de Mark Zuckerberg,empresas,2026-07-08T13:38:59-04:00,False,,/empresas/meta-quiebra-multa-record-mark-zuckerberg/,88
Elba Reyes,Resultados de la Lotería Quiniela Real del domingo 28 junio de 2026,actualidad,2026-06-29T07:41:23-04:00,False,,/actualidad/resultados-de-la-loteria-quiniela-real-del-domingo-28-junio-de-2026/,88
Jhojhanni Fiorini,Las 10 petroleras más poderosas del mundo que dominan la economía global,empresas,2026-04-07T16:49:35-04:00,False,,/empresas/las-10-petroleras-mas-poderosas-del-mundo-que-dominan-la-economia-global/,87
Andrea Mercedes,"Paquete financiero en RD: El Congreso da luz verde a US$ 10,000 millones en endeudamiento",daily news,2026-07-27T12:46:21-04:00,False,,/money-invest/daily-news/prestamos-aprobados-congreso-rd-endeudamiento-2026/,87
Andrea Mercedes,EE. UU. clasifica a Cuba como «amenaza» a la seguridad nacional y exige reformas inmediatas,daily news,2026-07-21T12:22:06-04:00,False,,/money-invest/daily-news/eeuu-clasifica-cuba-amenaza-seguridad-nacional/,87
Jhojhanni Fiorini,Los 5 factores que salvan a la economía de América Latina mientras el resto del mundo tiembla,empresas,2026-07-09T17:32:04-04:00,False,,/empresas/los-5-factores-que-salvan-a-la-economia-de-america-latina-mientras-el-resto-del-mundo-tiembla/,87
Elba Reyes,"Estas son las 10 marcas más valiosas del mundo en 2026, según Brand Finance",empresas,2026-01-22T14:27:39-04:00,False,,/empresas/estas-son-las-10-marcas-mas-valiosas-del-mundo-en-2026-segun-brand-finance/,87
Elba Reyes,Cuánto cuesta ser Miss República Dominicana: El precio de una corona supera el millón de pesos,actualidad,2026-07-30T15:02:17-04:00,False,,/actualidad/cuanto-cuesta-ser-miss-republica-dominicana-el-precio-de-una-corona-supera-el-millon-de-pesos/,87
Rodrigo Muñoz,"Pável Dúrov, fundador de Telegram, es buscado por Rusia por presuntos delitos de terrorismo",actualidad,2026-07-29T13:16:08-04:00,False,,/actualidad/pavel-durov-fundador-de-telegram-es-buscado-por-rusia-por-presuntos-delitos-de-terrorismo/,86
Elba Reyes,Fallece a los 73 años José Bello: ¿de qué murió el ícono de la salsa dominicana e intérprete de “La palabra amigo”?,actualidad,2026-06-23T11:53:53-04:00,False,,/actualidad/fallece-a-los-73-anos-jose-bello-de-que-murio-el-icono-de-la-salsa-dominicana-e-interprete-de-la-palabra-amigo/,86
Andrea Mercedes,¿Cómo funciona el Corredor Interoceánico de México que transportó 900 vehículos en 72 horas evitando el Canal de Panamá?,daily news,2026-07-29T12:39:15-04:00,False,,/money-invest/daily-news/como-funciona-el-corredor-interoceanico-de-mexico-que-transporto-900-vehiculos-en-72-horas-evitando-el-canal-de-panama/,86
Andrea Mercedes,Clima en República Dominicana: Temperatura llega a 38.5°C y alertan por efectos de onda tropical,daily news,2026-07-20T17:15:02-04:00,False,,/money-invest/daily-news/clima-republica-dominicana-onda-tropical-temperaturas-altas/,86
revistamercado,"Antonio Espaillat, el &#8216;game changer&#8217; de los medios dominicanos",empresas,2022-04-18T06:00:48-04:00,False,,/empresas/antono-espaillat-medios-rd/,86
Andrea Mercedes,Nueva cédula en RD: lo que debes hacer antes de abril para no quedar fuera del sistema,daily news,2026-03-19T17:15:24-04:00,False,,/money-invest/daily-news/nueva-cedula-en-rd-lo-que-debes-hacer-antes-de-abril-para-no-quedar-fuera-del-sistema/,86
Andrea Mercedes,Adiós al tapón en la 27 de Febrero: Abinader confirma la entrega del esperado túnel de la Plaza de la Bandera,daily news,2026-07-13T16:58:55-04:00,False,,/money-invest/daily-news/tunel-plaza-bandera-inauguracion-abinader-2/,86
Jhojhanni Fiorini,Visión Emprendedora 2025: inspiración y reconocimiento al talento dominicano,mercado events,2025-07-15T20:18:40-04:00,False,,/mercado-exchange/vision-emprendedora-2025-inspiracion-y-reconocimiento-al-talento-dominicano/,86
Karime Rivas,El ocaso de Benetton: ¿Cómo pasó de ícono global a víctima del fast fashion?,executive profiles,2025-01-30T10:48:26-04:00,False,,/mercado-women/executive-profiles/benetton-en-quiebra/,86
Andrea Mercedes,¿Quién va ganando en Perú con el 99.5% de votos contados? Fujimori se acerca a la victoria,daily news,2026-06-19T16:24:00-04:00,False,,/money-invest/daily-news/quien-va-ganando-en-peru-con-el-99-5-de-votos-contados-fujimori-se-acerca-a-la-victoria/,86
Gabriel Rico Albarrán,"Mutaciones genéticas, un portal directo a la ansiedad",medihealth,2023-01-08T16:00:55-04:00,False,,/medihealth/mutaciones-geneticas-ansiedad/,85
Karime Rivas,Yuribell Chez asume la gerencia general de Casas del XVI en medio del auge del turismo de lujo,executive profiles,2026-07-15T17:47:34-04:00,False,,/mercado-women/executive-profiles/yuribell-chez-gerencia-de-casas-del-xvi/,85
Jhojhanni Fiorini,"Salario de Navidad, cesantía y el nuevo tope del ISR: los 3 cambios laborales clave de la Ley 30 26 en RD",república dominicana,2026-06-23T08:35:35-04:00,False,,/money-invest/daily-news/salario-de-navidad-cesantia-y-el-nuevo-tope-del-isr-los-3-cambios-laborales-clave-de-la-ley-30-26-en-rd/,85
Elba Reyes,Las 10 mejores películas de Tim Burton que debes ver en 2026,lifestyle,2026-02-18T10:40:09-04:00,False,,/lifestyle/las-10-mejores-peliculas-de-tim-burton-que-debes-ver-en-2026/,85
SIN_AUTOR,,,,False,404 Client Error: Not Found for url: https://revistamercado.do/lifestyle/dentro-del-legado-ambani-poder-lujo-y-fortuna/,/lifestyle/dentro-del-legado-ambani-poder-lujo-y-fortuna/,85
Andrea Mercedes,Bukele tercer mandato El Salvador 2026: Anuncia su precandidatura oficial,daily news,2026-06-30T16:54:59-04:00,False,,/money-invest/daily-news/bukele-tercer-mandato-el-salvador-2026-anuncia-su-precandidatura-oficial/,84
Jhojhanni Fiorini,"República Dominicana apuesta más de RD$ 9,000 millones para convertir a Santo Domingo 2026 en un referente deportivo",finanzas,2026-07-24T10:58:48-04:00,False,,/market-brief/finanzas/republica-dominicana-apuesta-mas-de-rd-9000-millones-para-convertir-a-santo-domingo-2026-en-un-referente-deportivo/,84
Andrea Mercedes,Resultados de Leidsa del sábado 16 de mayo de 2026,actualidad,2026-05-17T10:18:48-04:00,False,,/actualidad/resultados-de-leidsa-del-sabado-16-de-mayo-de-2026/,84
Jhojhanni Fiorini,iPhone 18 Pro Max: ¿Por qué será el modelo más potente (y costoso) de Apple?,actualidad,2026-05-11T19:25:33-04:00,False,,/actualidad/iphone-18-pro-max-por-que-sera-el-modelo-mas-potente-y-costoso-de-apple/,84
Ana Sosa,¿Por qué un cheque robado puede terminar costándote mucho más dinero?,business,2026-07-01T11:18:50-04:00,True,,/business/por-que-un-cheque-robado-puede-terminar-costandote-mucho-mas-dinero/,84
Jhojhanni Fiorini,Riesgo País 2026: El ranking del EMBI en América Latina al cierre de mayo,internacional,2026-06-02T14:12:16-04:00,False,,/money-invest/internacional-economia/riesgo-pais-2026-el-ranking-del-embi-en-america-latina-al-cierre-de-mayo/,83
Miguel Vega,Manuel Estrella: la trayectoria de un empresario visionario,empresas,2026-05-27T06:00:15-04:00,False,,/empresas/manuel-estrella-la-trayectoria-de-un-empresario-visionario/,83
Elba Reyes,Taquilla global junio 2026: Toy Story 5 aplasta el estreno de Supergirl en cines,actualidad,2026-06-29T17:02:29-04:00,False,,/actualidad/taquilla-global-junio-2026-toy-story-5-aplasta-el-estreno-de-supergirl-en-cines/,83
Jhojhanni Fiorini,¿Cómo puede América Latina convertirse en el mayor proveedor de SAF para las aerolíneas del mundo?,empresas,2026-07-20T20:46:49-04:00,False,,/empresas/como-puede-america-latina-convertirse-en-el-mayor-proveedor-de-saf-para-las-aerolineas-del-mundo/,83
Miguel Vega,Estas fueron las 10 navieras que dominaron el comercio mundial en 2025,e-commerce,2026-02-16T14:05:01-04:00,False,,/empresas/10-navieras-mas-grandes-del-mundo-2025/,83
Ana Sosa,Marine Le Pen podrá competir por la presidencia de Francia tras recuperar su elegibilidad,política,2026-07-09T09:39:04-04:00,True,,/politica/marine-le-pen-podra-competir-por-la-presidencia-de-francia-tras-recuperar-su-elegibilidad/,83
Elba Reyes,"Google Home con Gemini: precio, funciones y fecha de venta del nuevo altavoz inteligente",devices,2026-06-18T15:31:52-04:00,False,,/technology/devices/google-home-con-gemini-precio-funciones-y-fecha-de-venta-del-nuevo-altavoz-inteligente/,83
SIN_AUTOR,,,,False,404 Client Error: Not Found for url: https://revistamercado.do/empresas/quienes-son-los-20-billonarios-mas-ricos-de-america-latina/,/empresas/quienes-son-los-20-billonarios-mas-ricos-de-america-latina/,83
Elba Reyes,Todo sobre la muñeca L.O.L. Surprise de Rosalía: Precio oficial y cómo conseguirla antes de que se agote,trends,2026-07-08T15:16:19-04:00,False,,/mercado-women/trends/todo-sobre-la-muneca-l-o-l-surprise-de-rosalia-precio-oficial-y-como-conseguirla-antes-de-que-se-agote/,83
Rodrigo Muñoz,AMD invertirá US$5.000 millones en Anthropic para competir con Nvidia en IA,artificial intelligence,2026-07-24T18:43:54-04:00,False,,/technology/artificial-intelligence/amd-invertira-us5-000-millones-en-anthropic-para-competir-con-nvidia-en-ia/,83
SIN_AUTOR,,,,False,,/rankings_cat/mejores-empresas-para-trabajar-region-norte/,83
Jhojhanni Fiorini,Resultados de la lotería nacional del lunes 13 de abril de 2026,actualidad,2026-04-14T08:44:56-04:00,False,,/actualidad/resultados-de-la-loteria-nacional-del-lunes-13-de-abril-de-2026/,82
Gabriel Rico Albarrán,La Commonwealth. Que países la conforman,actualidad,2023-05-04T10:19:05-04:00,False,,/actualidad/commonwealth-que-paises-la-conforman/,82
Jhojhanni Fiorini,Resultados de la lotería nacional del lunes 06 de abril de 2026,actualidad,2026-04-07T09:08:40-04:00,False,,/actualidad/resultados-de-la-loteria-nacional-del-lunes-06-de-abril-de-2026/,82
Jhojhanni Fiorini,Resultados de la lotería de este sábado 23 de mayo de 2026,actualidad,2026-05-24T08:43:50-04:00,False,,/actualidad/resultados-de-la-loteria-de-este-sabado-23-de-mayo-de-2026/,82
Jhojhanni Fiorini,Las 20 carreras mejor pagadas del mundo en 2026: hasta US$ 370.000 al año,empresas,2026-02-18T11:34:35-04:00,False,,/empresas/las-20-carreras-mejor-pagadas-del-mundo-en-2026-hasta-us-370-000-al-ano/,82
Jhojhanni Fiorini,Cómo evitar que entren cucarachas por la puerta de tu casa: métodos efectivos que sí funcionan,salud,2026-02-18T13:20:01-04:00,False,,/medihealth/salud/como-evitar-que-entren-cucarachas-por-la-puerta-de-tu-casa-metodos-efectivos-que-si-funcionan/,82
Gabriel Rico Albarrán,Las empresas militares privadas más activas,de la revista,2023-10-21T08:29:53-04:00,False,,/mercado/las-empresas-militares-privadas-mas-activas/,82
Jhojhanni Fiorini,"Partidos del Mundial 2026 HOY, lunes 6 de julio: horarios en RD, canales TV y dónde ver fútbol en vivo",actualidad,2026-07-06T08:13:31-04:00,False,,/actualidad/partidos-del-mundial-2026-hoy-lunes-6-de-julio-horarios-en-rd-canales-tv-y-donde-ver-futbol-en-vivo/,82
Ana Sosa,La inédita reestructuración de la deuda de Venezuela,business,2026-07-03T09:31:41-04:00,True,,/business/la-inedita-reestructuracion-de-la-deuda-de-venezuela/,81
Jhojhanni Fiorini,"Canasta básica RD ronda RD$ 50,000: qué productos subieron más según el Banco Central",finanzas,2026-06-19T10:39:09-04:00,False,,/market-brief/finanzas/canasta-basica-rd-ronda-rd-50000-que-productos-subieron-mas-segun-el-banco-central/,81
Jhojhanni Fiorini,"¿Cuántas horas debes trabajar para ganar US$ 1,000? El ranking global por países",internacional,2026-07-06T15:33:43-04:00,False,,/money-invest/daily-news/cuantas-horas-debes-trabajar-para-ganar-us-1000-el-ranking-global-por-paises/,81
Andrea Mercedes,Qué está pasando en la Cumbre de la OTAN hoy: Las exigencias de Trump que sacuden la seguridad global,daily news,2026-07-08T17:10:25-04:00,False,,/money-invest/daily-news/que-esta-pasando-en-la-cumbre-de-la-otan-hoy-las-exigencias-de-trump-que-sacuden-la-seguridad-global/,81
Andrea Mercedes,Nuevas restricciones migratorias en EE.UU. 2026: ¿Cómo afectan a los ciudadanos de República Dominicana?,daily news,2026-07-17T16:15:16-04:00,False,,/money-invest/daily-news/restricciones-migratorias-eeuu-2026-dominicanos/,80
Ana Sosa,"Aunque la guerra en Irán termine, hacer negocios seguirá siendo más caro",business,2026-07-16T10:54:32-04:00,True,,/business/aunque-la-guerra-en-iran-termine-hacer-negocios-seguira-siendo-mas-caro/,80
SIN_AUTOR,,,,False,,/event/vision-emprendedora-2025/,80
Elba Reyes,"Cambio de cédula en RD: cómo actualizar dirección, estado civil y ocupación",daily news,2026-04-28T16:46:21-04:00,False,,/money-invest/daily-news/cambio-de-cedula-en-rd-como-actualizar-direccion-estado-civil-y-ocupacion/,80
Darling Gil,La ginecóloga que acompaña mujeres a reconectar con su cuerpo,medihealth,2026-04-16T17:08:39-04:00,False,,/empresas/brand-content/la-ginecologa-que-acompana-mujeres-a-reconectar-con-su-cuerpo/,80
Andrea Mercedes,VIDEO| Los festejos en el Obelisco por el pase de Argentina a la final del Mundial terminaron en vioencia y robos,sport business,2026-07-16T12:17:20-04:00,False,,/money-invest/daily-news/video-festejos-obelisco-final-mundial-violencia-robosargentina/,80
Andrea Mercedes,Tensión en el Caribe: Trump promete impedir que China se apodere del Canal de Panamá,daily news,2026-07-02T16:29:44-04:00,False,,/money-invest/daily-news/tension-en-el-caribe-trump-promete-impedir-que-china-se-apodere-del-canal-de-panama/,80
Jhojhanni Fiorini,Códigos secretos de Netflix: Cómo desbloquear las categorías ocultas y mejorar la calidad de video,devices,2026-07-18T07:28:07-04:00,False,,/technology/devices/codigos-secretos-de-netflix-como-desbloquear-las-categorias-ocultas-y-mejorar-la-calidad-de-video/,80
SIN_AUTOR,,,,False,404 Client Error: Not Found for url: https://revistamercado.do/travel/agencias-de-viaje-en-republica-dominicana-como-te-ayudan-y-a-cuales-acudir/,/travel/agencias-de-viaje-en-republica-dominicana-como-te-ayudan-y-a-cuales-acudir/,80
Andrea Mercedes,¿Cuánto cuesta vivir en RD según tu región e ingresos? La canasta básica en mayo 2026,daily news,2026-06-19T16:44:01-04:00,False,,/money-invest/daily-news/cuanto-cuesta-vivir-en-rd-segun-tu-region-e-ingresos-la-canasta-basica-en-mayo-2026/,80
Elba Reyes,Precio del dólar hoy en República Dominicana este martes 21 de julio de 2026,república dominicana,2026-07-21T08:50:10-04:00,False,,/money-invest/republica-dominicana/precio-del-dolar-hoy-en-republica-dominicana-este-martes-21-de-julio-de-2026/,80
Jhojhanni Fiorini,¿Por qué te pueden negar la visa americana? El comunicado oficial de la embajada que tumba los mitos más comunes,internacional,2026-07-09T15:09:50-04:00,False,,/money-invest/daily-news/por-que-te-pueden-negar-la-visa-americana-el-comunicado-oficial-de-la-embajada-que-tumba-los-mitos-mas-comunes/,79
Edwin Lozada,Argentina vs. Argelia: a qué hora juega Messi en República Dominicana y dónde verlo en vivo,actualidad,2026-06-16T08:05:51-04:00,False,,/actualidad/argentina-vs-argelia-a-que-hora-juega-messi-en-republica-dominicana-y-donde-verlo-en-vivo/,79
Karime Rivas,Raquelle Pedraza: la mexicana que intervino el vestuario de Shakira para la final del Mundial,executive profiles,2026-07-21T20:26:23-04:00,False,,/mercado-women/executive-profiles/raquelle-pedraza-intervino-vestuario-shakira-en-la-final/,78
Rodrigo Muñoz,China responde a los nuevos aranceles de EE. UU. y acusa a Washington de manipulación política,money invest,2026-07-27T13:51:50-04:00,False,,/money-invest/china-responde-a-los-nuevos-aranceles-de-ee-uu-y-acusa-a-washington-de-manipulacion-politica/,78
Gabriel Rico Albarrán,"Con nuevas características, así luce el billete renovado de RD $2,000",actualidad,2021-12-02T11:19:01-04:00,False,,/actualidad/billete-2000-pesos-caracteristicas-seguridad-banco-central/,78
Jhojhanni Fiorini,Las empresas más valiosas de Europa por capitalización bursátil en 2026,empresas,2026-02-05T17:30:39-04:00,False,,/empresas/las-empresas-mas-valiosas-de-europa-por-capitalizacion-bursatil-en-2026/,78
Ana Sosa,Europa mantiene su sistema biométrico de fronteras pese a las críticas de aerolíneas y aeropuertos,business,2026-07-09T10:16:18-04:00,True,,/business/europa-mantiene-su-sistema-biometrico-de-fronteras-pese-a-las-criticas-de-aerolineas-y-aeropuertos/,78
Andrea Mercedes,Cómo sacar la nueva cédula en RD: JCE abre plataforma para citas online,daily news,2026-04-09T14:08:31-04:00,False,,/money-invest/daily-news/como-sacar-la-nueva-cedula-en-rd-jce-abre-plataforma-para-citas-online/,78
Jhojhanni Fiorini,Industrias Macier: 40 años de innovación dominicana,brand content,2024-08-27T15:45:48-04:00,False,,/vision-emprendedora/industrias-macier-40-anos-de-innovacion-dominicana/,78
Jhojhanni Fiorini,India supera a China como el país con más habitantes del mundo,internacional,2025-10-28T16:14:48-04:00,False,,/money-invest/internacional-economia/india-supera-a-china-como-el-pais-con-mas-habitantes-del-mundo/,78
Ana Sosa,Dentro del mundo de fantasía de Donald Trump,política,2026-07-06T09:13:15-04:00,True,,/politica/dentro-del-mundo-de-fantasia-de-donald-trump/,78
Andrea Mercedes,Luis Abinader anuncia que el Gobierno publicará la fórmula para fijar los precios de los combustibles,daily news,2026-07-13T13:09:03-04:00,False,,/money-invest/daily-news/formula-precios-combustibles-abinader-rd/,78
Jhojhanni Fiorini,El fenómeno de El Niño amenaza al cacao: ¿subirá el precio del chocolate en República Dominicana?,finanzas,2026-06-23T08:31:37-04:00,False,,/market-brief/finanzas/el-fenomeno-de-el-nino-amenaza-al-cacao-subira-el-precio-del-chocolate-en-republica-dominicana/,77
Elba Reyes,"Las 7 obras de arte más caras del mundo en 2026: valor, historia y mercado",lifestyle,2026-01-13T09:29:18-04:00,False,,/lifestyle/las-7-obras-de-arte-mas-caras-del-mundo-en-2026-valor-historia-y-mercado/,77
Miguel Vega,Terremoto en Japón paraliza fábricas de chips y amenaza la cadena mundial de semiconductores,internacional,2026-07-30T13:33:35-04:00,False,,/empresas/terremoto-en-japon-paraliza-fabricas-de-chips-y-amenaza-la-cadena-mundial-de-semiconductores/,77
Rodrigo Muñoz,"Capacidad para 12,000 personas, tecnología de punta: Así será Arena de Santo Domingo",lifestyle,2025-06-04T14:02:05-04:00,False,,/lifestyle/capacidad-para-12000-personas-tecnologia-de-punta-asi-sera-arena-de-santo-domingo/,76
Ana Sosa,Estados Unidos anuncia aranceles del 50 % a productos canadienses y eleva la tensión comercial,business,2026-07-22T11:50:37-04:00,True,,/business/estados-unidos-anuncia-aranceles-del-50-a-productos-canadienses-y-eleva-la-tension-comercial/,76
Ana Sosa,¿Por qué la nueva gira de Karol G es mucho más que una serie de conciertos?,business,2026-06-27T07:00:50-04:00,True,,/business/que-hay-detras-del-modelo-innovador-de-live-nation-entertainment-lo-que-la-proxima-gira-de-karol-g-va-a-revelar-en-america-latina/,76
Darling Gil,"Disciplina Corporativa, Compliance y nuevo Código Penal ¿Está su empresa lista para el nuevo Código Penal?",brand content,2026-06-03T19:30:10-04:00,False,,/empresas/brand-content/disciplina-corporativa-compliance-y-nuevo-codigo-penal-esta-su-empresa-lista-para-el-nuevo-codigo-penal/,76
Elba Reyes,"Estas 5 carreras universitarias están saturadas en RD y ganan menos que otras, según ANJE",empresas,2026-02-04T17:41:27-04:00,False,,/empresas/estas-5-carreras-universitarias-estan-saturadas-en-rd-y-ganan-menos-que-otras-segun-anje/,76
Ashley Presinal,Se puede armonizar la vida profesional y empresarial con la familia,sector fondo de pensiones,2026-03-06T17:28:46-04:00,False,,/empresas/liderazgo-femenino-sistema-pensiones-kirsis-jaquez/,76
SIN_AUTOR,,,,False,404 Client Error: Not Found for url: https://revistamercado.do/entertainment/spots-para-ver-juegos-de-laliga-en-republica-dominicana/,/entertainment/spots-para-ver-juegos-de-laliga-en-republica-dominicana/,76
Elba Reyes,Las 10 ciudades con mejor calidad de vida en el mundo para vivir y trabajar,experiencias,2026-07-13T16:22:52-04:00,False,,/lifestyle/experiencias/las-10-ciudades-con-mejor-calidad-de-vida-en-el-mundo-para-vivir-y-trabajar/,76
Elba Reyes,Ultra-lujo en el Caribe: Los 5 resorts más caros de República Dominicana en 2026,experiencias,2026-06-01T12:29:00-04:00,False,,/lifestyle/experiencias/ultra-lujo-en-el-caribe-los-5-resorts-mas-caros-de-republica-dominicana-en-2026/,76
Jhojhanni Fiorini,Los celulares que prefieren los magnates tecnológicos y por qué no todos usan iPhone,lifestyle,2026-02-26T15:20:00-04:00,False,,/lifestyle/los-celulares-que-prefieren-los-magnates-tecnologicos-y-por-que-no-todos-usan-iphone/,76
Jhojhanni Fiorini,Banco BHD avanza en su transformación digital,brand content,2025-04-09T14:36:37-04:00,False,,/money-invest/banco-bhd-avanza-en-su-transformacion-digital/,76
Andrea Mercedes,¿Por qué se reactivaron las exportaciones de larimar y cuáles son las reglas para su comercialización?,daily news,2026-07-21T12:35:06-04:00,False,,/money-invest/daily-news/exportaciones-larimar-reglas-comercializacion/,76
Andrea Mercedes,Los precios del petróleo se disparan a nivel mundial por la guerra en Medio Oriente,daily news,2026-07-14T15:19:29-04:00,False,,/money-invest/daily-news/precios-petroleo-guerra-medio-oriente-ormuz/,76
Andrea Mercedes,¿Qué pasó con las viviendas que construyó Hugo Chávez tras el terremoto en Venezuela?,daily news,2026-06-29T15:35:45-04:00,False,,/money-invest/daily-news/que-paso-con-las-viviendas-que-construyo-hugo-chavez-tras-el-terremoto-en-venezuela/,76
Elba Reyes,Precio del iPhone 18 Pro: Por qué el próximo gama alta de Apple costaría menos de lo esperado,devices,2026-06-24T15:28:30-04:00,False,,/technology/devices/precio-del-iphone-18-pro-por-que-el-proximo-gama-alta-de-apple-costaria-menos-de-lo-esperado/,76
Elba Reyes,"WhatsApp ya no es 100% gratis, estos son los cambios que tendrá la app en el  2026",technology,2026-03-02T12:00:36-04:00,False,,/technology/whatsapp-ya-no-es-100-gratis-estos-son-los-cambios-que-tendra-la-app-en-el-2026/,76
Ana Sosa,4 instrucciones que pueden revelarte lo que los chatbots realmente saben de ti,artificial intelligence,2026-07-28T11:03:38-04:00,True,,/business/4-instrucciones-que-pueden-revelarte-lo-que-los-chatbots-realmente-saben-de-ti/,75
Ana Sosa,El capitalismo de Elon Musk que Adam Smith no aprobaría,business,2026-07-13T10:03:22-04:00,True,,/business/el-capitalismo-de-elon-musk-que-adam-smith-no-aprobaria/,75
SIN_AUTOR,,,,False,,/cover-story/conoce-a-los-emprendedores-que-estan-transformando-la-republica-dominicana/,75
Darling Gil,"Cultura laboral, IA, bienestar y habilidades blandas",mejores empresas para trabajar,2026-06-30T09:37:09-04:00,False,,/ediciones-especiales/cultura-laboral-ia-bienestar-y-habilidades-blandas/,75
Jhojhanni Fiorini,La demanda de Apple amenaza los planes secretos de OpenAI de lanzar un rival para el iPhone,empresas,2026-07-14T18:11:59-04:00,False,,/empresas/la-demanda-de-apple-amenaza-los-planes-secretos-de-openai-de-lanzar-un-rival-para-el-iphone/,75
Darling Gil,Reconocimiento a la excelencia,sector industrias,2026-06-12T16:04:41-04:00,False,,/empresas/brand-content/reconocimiento-a-la-excelencia/,75
Elba Reyes,"Éxodo de lujo: El boom inmobiliario de USD 3,200 millones que transforma la costa de Florida con capital de California",experiencias,2026-07-23T12:08:05-04:00,False,,/lifestyle/experiencias/exodo-de-lujo-el-boom-inmobiliario-de-usd-3200-millones-que-transforma-la-costa-de-florida-con-capital-de-california/,75
Andrea Mercedes,Tragedia nacional: El devastador balance de muetos tras los sismos que azotaron Venezuela,daily news,2026-07-07T12:28:08-04:00,False,,/money-invest/daily-news/tragedia-nacional-el-devastador-balance-de-muetos-tras-los-sismos-que-azotaron-venezuela/,75
Jhojhanni Fiorini,¿Puede Cristiano Ronaldo ganar el Mundial 2026 a los 41 años?,sport business,2026-06-17T12:45:40-04:00,False,,/empresas/sport-business/puede-cristiano-ronaldo-ganar-el-mundial-2026-a-los-41-anos/,75
Rodrigo Muñoz,Las 6 aperturas de hoteles de lujo en República Dominicana en 2025,hoteles,2025-06-20T10:47:12-04:00,False,,/lifestyle/hoteles/las-6-aperturas-de-hoteles-de-lujo-en-republica-dominicana-en-2025/,75
Elba Reyes,Las 10 ciudades de Estados Unidos donde se necesita un menor salario para cubrir el costo de vida,viajes,2026-07-13T16:21:22-04:00,False,,/lifestyle/viajes/las-10-ciudades-de-estados-unidos-donde-se-necesita-un-menor-salario-para-cubrir-el-costo-de-vida/,75
Jhojhanni Fiorini,Los 10 mejores libros de finanzas personales y negocios 2024,lifestyle,2024-09-11T18:05:09-04:00,False,,/lifestyle/los-10-mejores-libros-de-finanzas-personales-y-negocios-2024/,74
Gabriel Rico Albarrán,Exportaciones de Taiwán crecen 47.1 % por el boom de la IA,technology,2026-07-09T14:08:42-04:00,False,,/technology/exportaciones-de-taiwan-crecen-47-1-por-el-boom-de-la-ia/,74
Andrea Mercedes,¿Por qué el regreso a clases será más caro en 2026? Estas son las principales alzas,daily news,2026-07-22T10:20:22-04:00,False,,/money-invest/daily-news/regreso-clases-2026-aumento-costos-republica-dominicana/,74
Andrea Mercedes,Los precios de los alimentos bajan en el mundo: El impacto de la tregua EE. UU. e Irán,daily news,2026-07-03T16:57:16-04:00,False,,/money-invest/daily-news/los-precios-de-los-alimentos-bajan-en-el-mundo-el-impacto-de-la-tregua-ee-uu-e-iran/,74
Karime Rivas,¿Y si el autismo pudiera revertirse? La ciencia abre un camino inesperado,salud,2025-07-01T13:54:08-04:00,False,,/medihealth/salud/autismo-pudiera-revetirse/,74
Gabriel Rico Albarrán,Netflix actualiza sus precios. ¿Cuánto cuesta el servicio en RD?,actualidad,2023-10-19T12:27:42-04:00,False,,/actualidad/precios-netflix-rd-tarifas-mensuales-planes/,74
Rodrigo Muñoz,El yate de oro: La historia detrás del History Supreme,lifestyle,2024-09-20T12:05:03-04:00,False,,/lifestyle/el-yate-de-oro-la-historia-detras-del-history-supreme/,74
Andrea Mercedes,Resultados de Leidsa del sábado 9 de mayo de 2026,actualidad,2026-05-11T09:31:23-04:00,False,,/actualidad/resultados-de-leidsa-del-sabado-9-de-mayo-de-2026/,74
Ana Sosa,Un título por defender. Un continente por representar. Un campeón que sigue en pie.,sport business,2026-07-09T05:47:29-04:00,True,,/empresas/sport-business/un-titulo-por-defender-un-continente-por-representar-un-campeon-que-sigue-en-pie/,74
Darling Gil,CLERHP impulsa un nuevo modelo inmobiliario desde Larimar City &#038; Resort,sector inmobiliario,2026-05-28T11:06:08-04:00,False,,/empresas/clerhp-impulsa-un-nuevo-modelo-inmobiliario-desde-larimar-city-resort/,74
Karime Rivas,Frida Kahlo: 5 lecciones de liderazgo que siguen vigentes a 119 años de su nacimiento,trends,2026-07-08T17:38:19-04:00,False,,/mercado-women/trends/frida-kahlo-lecciones-de-liderazgo/,74
Elba Reyes,Elon Musk lanza X Money: La nueva plataforma de servicios financieros y pagos de la red X,devices,2026-07-29T15:48:31-04:00,False,,/technology/devices/elon-musk-lanza-x-money-la-nueva-plataforma-de-servicios-financieros-y-pagos-de-la-red-x/,73
Ana Sosa,"Estados Unidos, México y Canadá abren la negociación que pondrá a prueba su acuerdo comercial",política,2026-07-03T10:02:01-04:00,True,,/politica/estados-unidos-mexico-y-canada-abren-la-negociacion-que-pondra-a-prueba-su-acuerdo-comercial/,73
Elba Reyes,WhatsApp 2026: Cómo vaciar la «papelera oculta» que devora los gigas de tu móvil,devices,2026-05-11T17:03:11-04:00,False,,/technology/devices/whatsapp-2026-como-vaciar-la-papelera-oculta-que-devora-los-gigas-de-tu-movil/,73
Elba Reyes,¿Cuánto cuesta la boda de Taylor Swift? El millonario presupuesto revelado por CNN,trends,2026-07-02T16:36:20-04:00,False,,/mercado-women/trends/cuanto-cuesta-la-boda-de-taylor-swift-el-millonario-presupuesto-revelado-por-cnn/,73
Jhojhanni Fiorini,Proyecciones de Citi para el dólar en Latinoamérica: El rumbo de las monedas de la región en 2026 y 2027,empresas,2026-07-13T10:11:22-04:00,False,,/empresas/proyecciones-de-citi-para-el-dolar-en-latinoamerica-el-rumbo-de-las-monedas-de-la-region-en-2026-y-2027/,73
Rodrigo Muñoz,Ranking: Los 10 mejores CEOs del mundo en 2025,empresas,2025-02-17T16:12:47-04:00,False,,/empresas/ranking-los-10-mejores-ceos-del-mundo-en-2025/,73
Andrea Mercedes,La OTAN evalúa suspender su cumbre de 2027 para evitar nuevos choques y tensiones con Donald Trump,daily news,2026-07-08T18:02:32-04:00,False,,/money-invest/daily-news/cumbre-otan-2027/,72
Rodrigo Muñoz,Las mejores playas de República Dominicana que no te puedes perder,viajes,2025-04-04T15:34:50-04:00,False,,/lifestyle/viajes/las-mejores-playas-de-republica-dominicana-que-no-te-puedes-perder/,72
Jhojhanni Fiorini,Resultados de la lotería nacional del jueves 09 de abril de 2026,actualidad,2026-04-10T08:43:53-04:00,False,,/actualidad/resultados-de-la-loteria-nacional-del-jueves-09-de-abril-de-2026/,72
Elba Reyes,"Quién es Melissa Pérez Guerrero, la nueva gerente de Inversiones Santa Cruz y referente del liderazgo femenino",mercado women,2026-07-13T13:36:13-04:00,False,,/mercado-women/quien-es-melissa-perez-guerrero-la-nueva-gerente-de-inversiones-santa-cruz-y-referente-del-liderazgo-femenino/,72
Darling Gil,IA para una salud más humana,sector call center,2026-06-12T12:37:00-04:00,False,,/empresas/brand-content/ia-para-una-salud-mas-humana/,72
Jhojhanni Fiorini,El nuevo edificio más alto de Latinoamérica: ¿Dónde se construye y cuánto medirá?,internacional,2026-07-03T15:28:06-04:00,False,,/money-invest/daily-news/el-nuevo-edificio-mas-alto-de-latinoamerica-donde-se-construye-y-cuanto-medira/,72
Elba Reyes,Ranking Numbeo 2026: El país latino que superó a potencias en calidad de vida,internacional,2026-05-19T11:20:09-04:00,False,,/money-invest/internacional-economia/ranking-numbeo-2026-el-pais-latino-que-supero-a-potencias-en-calidad-de-vida/,72
SIN_AUTOR,,,,False,,/products/rd-country-report/,72
SIN_AUTOR,,,,False,404 Client Error: Not Found for url: https://revistamercado.do/store/cabinet-tabaco-boutique/,/store/cabinet-tabaco-boutique/,72
Andrea Mercedes,Alerta en la Copa del Mundo: Temperaturas extremas en EE. UU. amenazan los partidos de eliminación directa,sport business,2026-07-01T12:29:46-04:00,False,,/money-invest/daily-news/alerta-en-la-copa-del-mundo-temperaturas-extremas-en-ee-uu-amenazan-los-partidos-de-eliminacion-directa/,72
Andrea Mercedes,"Consorcio dominico-mexicano se adjudica el monorriel de Santo Domingo por RD$28,985 millones",daily news,2026-03-27T12:32:28-04:00,False,,/money-invest/daily-news/consorcio-dominico-mexicano-se-adjudica-el-monorriel-de-santo-domingo-por-rd28985-millones/,71
Andrea Mercedes,¿Cuántos empleados públicos hay en RD? La proporción frente a la población total,daily news,2026-07-22T13:55:48-04:00,False,,/money-invest/daily-news/empleados-publicos-republica-dominicana-2026/,71
Elba Reyes,Ranking de los vuelos más largos del mundo: trayectos de más de 15 horas,lifestyle,2026-01-30T09:19:02-04:00,False,,/lifestyle/ranking-de-los-vuelos-mas-largos-del-mundo-trayectos-de-mas-de-15-horas/,71
Andrea Mercedes,Revelan reporte financiero de Trump: Campos de golf y marcas generan cifras multimillonarias,empresas,2026-07-02T17:55:36-04:00,False,,/empresas/revelan-reporte-financiero-de-trump-campos-de-golf-y-marcas-generan-cifras-multimillonarias/,71
Ana Sosa,¿Puede la vida nocturna revitalizar la economía de las ciudades?,business,2026-07-16T09:36:05-04:00,True,,/business/puede-la-vida-nocturna-revitalizar-la-economia-de-las-ciudades/,71
