ruta,autor,seccion,items_pass,items_aplicables,pct_cumplimiento,semaforo,item_h1_70_170,item_title_50_65,item_meta_desc_150_170,item_meta_desc_no_repite_h1,item_primer_parrafo_180,item_h2_estructura,item_listas_tablas,item_extension_400,item_tags_1_5,item_enlaces_min_2,item_enlace_parrafo_1_3,item_ancla_valida,item_imagen_1200px,item_imagen_alt
/empresas/sport-business/medallero-juegos-centroamericanos-2026-en-vivo/,Edwin Lozada,sport business,9,13,69.2,🟡,True,True,False,True,True,False,,True,False,True,True,True,True,False
/empresas/sport-business/quien-ganara-la-copa-del-mundo-las-probabilidades-de-argentina-inglaterra-y-espana-segun-opta/,Jhojhanni Fiorini,sport business,8,13,61.5,🟡,True,False,False,True,True,True,,True,True,True,False,False,True,False
/money-invest/daily-news/monorriel-de-santo-domingo-asi-conectara-al-distrito-nacional-con-sde-en-18-minutos/,Andrea Mercedes,daily news,11,13,84.6,🟢,True,True,False,True,True,True,,True,True,True,True,True,True,False
/money-invest/daily-news/cuanto-pagaras-por-una-transferencia-bancos-explican-como-funciona-el-nuevo-impuesto-de-0-20/,Andrea Mercedes,daily news,10,13,76.9,🟡,True,True,False,True,True,False,,True,True,True,True,True,True,False
/money-invest/daily-news/aislamiento-base-tecnologia-edificios-antisismicos/,Andrea Mercedes,daily news,10,13,76.9,🟡,True,False,False,True,True,True,,True,True,True,True,True,True,False
/empresas/sport-business/fortuna-de-gianni-infantino-cuanto-gana-el-presidente-de-la-fifa-y-como-construyo-su-patrimonio-antes-del-mundial-2026/,Jhojhanni Fiorini,sport business,9,13,69.2,🟡,True,False,False,True,True,True,,True,True,True,False,False,True,True
/money-invest/daily-news/mundial-2030-y-2034-donde-y-cuando-se-jugaran-las-proximas-ediciones-de-la-copa-del-mundo/,Andrea Mercedes,sport business,10,13,76.9,🟡,True,False,False,True,True,True,,True,True,True,True,True,True,False
/technology/devices/iphone-18-filtraciones-revelan-su-precio-cambios-en-las-camaras-y-fecha-de-lanzamiento/,Elba Reyes,devices,9,13,69.2,🟡,True,True,False,True,True,False,,True,True,True,True,False,True,False
/money-invest/daily-news/espana-trofeo-original-mundial-2026/,Edwin Lozada,sport business,6,13,46.2,🔴,False,True,False,True,True,False,,True,True,False,False,False,True,False
/empresas/sport-business/mundial-2026-asi-quedo-el-cuadro-de-los-cuartos-de-final-tras-los-octavos-fecha-y-hora-para-ver-los-partidos/,Elba Reyes,sport business,8,13,61.5,🟡,True,False,False,True,True,False,,True,True,True,True,False,True,False
/actualidad/resultados-de-las-loterias-del-26-de-julio-de-2026-en-republica-dominicana/,Jhojhanni Fiorini,actualidad,6,13,46.2,🔴,True,False,False,True,False,False,,False,True,True,True,True,False,False
/technology/devices/iphone-18-pro-max-las-20-funciones-y-especificaciones-filtradas-antes-de-su-lanzamiento/,Elba Reyes,devices,9,13,69.2,🟡,True,True,False,True,True,False,,True,True,True,True,False,True,False
/money-invest/daily-news/que-famosos-murieron-en-el-terremoto-de-venezuela-lista-de-artistas-afectados-y-desaparecidos/,Andrea Mercedes,daily news,10,13,76.9,🟡,True,False,False,True,True,True,,True,True,True,True,True,True,False
/technology/devices/el-iphone-18-pro-max-tendria-cuatro-camaras-las-novedades-del-proximo-telefono-de-apple/,Elba Reyes,devices,10,13,76.9,🟡,True,False,True,True,True,False,,True,True,True,True,True,True,False
/technology/devices/cuando-sale-el-iphone-18-y-que-cambios-traera-el-nuevo-telefono-de-apple/,Jhojhanni Fiorini,devices,9,13,69.2,🟡,True,False,False,True,True,True,,True,True,True,True,False,True,False
/technology/devices/como-sera-el-iphone-18-pro-todo-sobre-las-polemicas-modificaciones-fisicas-que-planea-apple/,Elba Reyes,devices,9,13,69.2,🟡,True,True,False,True,True,False,,True,True,True,True,False,True,False
/actualidad/resultados-de-leidsa-del-miercoles-1-de-julio-de-2026-en-republica-dominicana/,Andrea Mercedes,actualidad,9,13,69.2,🟡,True,True,False,True,True,False,,False,True,True,True,True,False,True
/money-invest/daily-news/autopista-ambar-santiago-puerto-plata-rd/,Andrea Mercedes,daily news,10,13,76.9,🟡,True,True,False,True,True,False,,True,True,True,True,True,True,False
/actualidad/resultados-de-leidsa-del-sabado-18-de-julio-de-2026-en-republica-dominicana/,Elba Reyes,actualidad,8,13,61.5,🟡,True,False,False,True,True,False,,False,True,True,True,True,False,True
/actualidad/mundial-2026-por-que-piden-repetir-la-final-del-mundial-entre-argentina-y-francia/,Elba Reyes,actualidad,10,13,76.9,🟡,True,True,False,True,True,False,,True,True,True,True,True,True,False
/money-invest/daily-news/de-quien-son-las-malvinas-realmente-las-claves-para-entender-la-disputa-entre-argentina-y-el-reino-unido/,Elba Reyes,daily news,8,13,61.5,🟡,True,False,False,True,True,False,,True,True,True,True,False,True,False
/empresas/sport-business/quien-ganara-la-copa-del-mundo-2026-asi-marcha-el-power-ranking-de-selecciones-en-los-cuartos-de-final/,Elba Reyes,sport business,9,13,69.2,🟡,True,True,False,True,True,False,,True,True,True,True,False,True,False
/empresas/sport-business/mundial-2026-asi-quedo-el-cuadro-de-los-octavos-de-final-tras-los-ultimos-resultados/,Elba Reyes,sport business,10,13,76.9,🟡,True,True,False,True,True,False,,True,True,True,True,True,True,False
/money-invest/daily-news/cuantos-partidos-le-quedan-al-mundial-2026-fechas-horarios-y-el-calendario-oficial-de-la-fase-final/,Andrea Mercedes,sport business,9,13,69.2,🟡,True,True,False,True,True,False,,False,True,True,True,True,True,False
/actualidad/resultados-de-las-loterias-del-29-de-junio-de-2026-en-republica-dominicana-2/,Jhojhanni Fiorini,actualidad,4,13,30.8,🔴,True,False,False,True,False,False,,False,True,False,False,True,False,False
/actualidad/resultados-de-leidsa-del-miercoles-22-de-julio-de-2026-en-republica-dominicana/,Andrea Mercedes,actualidad,9,13,69.2,🟡,True,True,False,True,True,False,,False,True,True,True,True,False,True
/actualidad/resultados-de-las-loterias-del-12-de-julio-de-2026-en-republica-dominicana/,Jhojhanni Fiorini,actualidad,6,13,46.2,🔴,True,False,False,True,False,False,,False,True,True,True,True,False,False
/actualidad/por-que-los-dias-en-la-tierra-pasaran-a-durar-25-horas-y-a-partir-de-que-fecha-segun-la-ciencia/,Elba Reyes,actualidad,10,13,76.9,🟡,True,True,False,True,True,False,,True,True,True,True,False,True,True
/actualidad/resultados-de-leidsa-del-miercoles-29-de-julio-de-2026-en-republica-dominicana/,Andrea Mercedes,actualidad,9,13,69.2,🟡,True,True,False,True,True,False,,False,True,True,True,True,False,True
/actualidad/resultados-de-las-loterias-del-02-de-julio-de-2026-en-republica-dominicana/,Jhojhanni Fiorini,actualidad,6,13,46.2,🔴,True,False,False,True,False,False,,False,True,True,True,True,False,False
/empresas/sport-business/el-equipo-ideal-del-mundial-2026-los-jugadores-elegidos-por-la-fifa/,Elba Reyes,sport business,9,13,69.2,🟡,False,True,True,True,True,False,,True,True,True,True,False,True,False
/actualidad/resultados-de-las-loterias-del-28-de-julio-de-2026-en-republica-dominicana/,Jhojhanni Fiorini,actualidad,6,13,46.2,🔴,True,False,False,True,False,False,,False,True,True,True,True,False,False
/actualidad/quienes-son-los-favoritos-para-ganar-el-balon-de-oro-2026-y-cuales-son-sus-estadisticas/,Elba Reyes,actualidad,9,13,69.2,🟡,True,True,False,True,True,False,,True,True,True,True,False,True,False
/empresas/sport-business/mundial-de-futbol-2030-donde-se-jugara-sedes-confirmadas-y-cuando-empieza-el-torneo-centenario/,Elba Reyes,sport business,9,13,69.2,🟡,True,True,False,True,True,False,,True,True,True,True,False,True,False
/money-invest/daily-news/abinader-promulga-la-reforma-fiscal-estas-son-las-principales-medidas-de-la-ley-30-26/,Andrea Mercedes,daily news,11,13,84.6,🟢,True,True,False,True,True,True,,True,True,True,True,True,True,False
/actualidad/resultados-de-leidsa-del-sabado-11-de-julio-de-2026-en-republica-dominicana/,Andrea Mercedes,actualidad,8,13,61.5,🟡,True,False,False,True,True,False,,False,True,True,True,True,False,True
/turismo/paises-a-los-que-puedes-viajar-sin-visa-desde-republica-dominicana-en-abril-2026/,Elba Reyes,turismo,8,13,61.5,🟡,True,False,False,True,True,False,,True,True,True,True,False,True,False
/money-invest/daily-news/monorriel-santo-domingo-cambia-ruta-nuevo-trazado/,Andrea Mercedes,daily news,10,13,76.9,🟡,True,True,False,True,True,False,,True,True,True,True,True,True,False
/actualidad/resultados-de-las-loterias-del-07-de-julio-de-2026-en-republica-dominicana/,Jhojhanni Fiorini,actualidad,6,13,46.2,🔴,True,False,False,True,False,False,,False,True,True,True,True,False,False
/actualidad/resultados-de-las-loterias-del-09-de-julio-de-2026-en-republica-dominicana/,Jhojhanni Fiorini,actualidad,6,13,46.2,🔴,True,False,False,True,False,False,,False,True,True,True,True,False,False
/actualidad/resultados-de-las-loterias-del-15-de-julio-de-2026-en-republica-dominicana/,Jhojhanni Fiorini,actualidad,6,13,46.2,🔴,True,False,False,True,False,False,,False,True,True,True,True,False,False
/actualidad/resultados-de-las-loterias-del-05-de-julio-de-2026-en-republica-dominicana/,Jhojhanni Fiorini,actualidad,6,13,46.2,🔴,True,False,False,True,False,False,,False,True,True,True,True,False,False
/actualidad/resultados-de-leidsa-del-sabado-27-de-junio-de-2026/,Andrea Mercedes,actualidad,8,13,61.5,🟡,False,True,False,True,True,False,,False,True,True,True,True,False,True
/money-invest/daily-news/records-espana-campeona-mundial-2026-2/,Edwin Lozada,sport business,5,13,38.5,🔴,True,False,False,True,False,False,,True,True,False,False,True,False,False
/actualidad/cierres-viales-por-el-tunel-de-la-plaza-de-la-bandera-rutas-alternas-y-desvios-hoy/,Andrea Mercedes,noticias rd,10,13,76.9,🟡,True,True,False,True,True,False,,True,True,True,True,True,True,False
/actualidad/resultados-de-leidsa-del-miercoles-15-de-julio-de-2026-en-republica-dominicana/,Andrea Mercedes,actualidad,9,13,69.2,🟡,True,True,False,True,True,False,,False,True,True,True,True,False,True
/turismo/las-mejores-playas-de-latinoamerica-2026-por-que-republica-dominicana-lidera-el-ranking-mundial/,Elba Reyes,turismo,9,13,69.2,🟡,True,False,False,True,True,False,,True,True,True,True,False,True,True
/actualidad/partidos-del-mundial-2026-hoy-martes-7-de-julio-horarios-y-donde-ver-futbol-en-vivo/,Jhojhanni Fiorini,actualidad,8,13,61.5,🟡,True,False,False,True,True,True,,False,True,True,False,True,True,False
/actualidad/resultados-de-las-loterias-del-06-de-julio-de-2026-en-republica-dominicana/,Jhojhanni Fiorini,actualidad,6,13,46.2,🔴,True,False,False,True,False,False,,False,True,True,True,True,False,False
/money-invest/daily-news/japon-predijo-el-terremoto-de-venezuela-el-informe-de-hace-20-anos-que-el-gobierno-ignoro/,Andrea Mercedes,daily news,10,13,76.9,🟡,True,False,False,True,True,True,,True,True,True,True,True,True,False
/actualidad/resultados-de-las-loterias-del-19-de-julio-de-2026-en-republica-dominicana/,Jhojhanni Fiorini,actualidad,6,13,46.2,🔴,True,False,False,True,False,False,,False,True,True,True,True,False,False
/money-invest/daily-news/expertos-advierten-gran-terremoto-republica-dominicana/,Andrea Mercedes,daily news,10,13,76.9,🟡,True,True,False,True,True,True,,True,True,True,True,False,True,False
/technology/como-saber-si-te-bloquearon-en-whatsapp-las-senales-que-si-lo-confirman/,Elba Reyes,technology,9,13,69.2,🟡,True,False,False,True,True,False,,True,True,True,True,False,True,True
/technology/devices/en-que-colores-saldra-el-iphone-18-pro-max-las-filtraciones-del-nuevo-celular/,Elba Reyes,devices,10,13,76.9,🟡,True,True,False,True,True,False,,True,True,True,True,False,True,True
/actualidad/resultados-de-las-loterias-del-28-de-junio-de-2026-en-republica-dominicana/,Jhojhanni Fiorini,actualidad,6,13,46.2,🔴,True,False,False,True,False,False,,False,True,True,True,True,False,False
/actualidad/hay-escena-post-creditos-en-la-odisea-esto-debes-saber-antes-de-salir-del-cine/,Elba Reyes,actualidad,9,13,69.2,🟡,True,True,False,True,True,False,,True,True,True,True,False,True,False
/actualidad/resultados-de-leidsa-del-sabado-25-de-julio-de-2026-en-republica-dominicana/,Andrea Mercedes,actualidad,8,13,61.5,🟡,True,False,False,True,True,False,,False,True,True,True,True,False,True
/money-invest/daily-news/tiembla-el-caribe-lo-que-se-sabe-de-los-temblores-registrados-en-la-zona-sur-de-rd/,Elba Reyes,daily news,10,13,76.9,🟡,True,True,False,True,True,False,,True,True,True,True,False,True,True
/actualidad/resultados-de-las-loterias-del-13-de-julio-de-2026-en-republica-dominicana/,Jhojhanni Fiorini,actualidad,6,13,46.2,🔴,True,False,False,True,False,False,,False,True,True,True,True,False,False
/empresas/sport-business/cuanto-dinero-gana-el-campeon-del-mundial-2026-el-millonario-premio-de-la-fifa-bajo-la-lupa/,Jhojhanni Fiorini,sport business,8,13,61.5,🟡,True,False,False,True,True,True,,True,True,True,False,False,True,False
/technology/como-verificar-en-que-dispositivos-esta-abierta-tu-cuenta-de-whatsapp/,Elba Reyes,technology,9,13,69.2,🟡,False,False,False,True,True,False,,True,True,True,True,True,True,True
/actualidad/resultados-de-leidsa-del-miercoles-8-de-julio-de-2026-en-republica-dominicana/,Andrea Mercedes,actualidad,9,13,69.2,🟡,True,True,False,True,True,False,,False,True,True,True,True,False,True
/empresas/sport-business/agenda-hoy-juegos-centroamericanos-santo-domingo-2026/,Edwin Lozada,sport business,8,13,61.5,🟡,True,True,False,True,True,False,,False,False,True,True,True,True,False
/money-invest/daily-news/renuncia-gianni-infantino-escandalo-fifa-trump-mundial-2026/,Andrea Mercedes,sport business,10,13,76.9,🟡,True,True,False,True,True,False,,True,True,True,True,True,True,False
/money-invest/daily-news/caida-de-altice-hoy-en-republica-dominicana-que-pasa-con-las-llamadas-e-internet/,Andrea Mercedes,daily news,10,13,76.9,🟡,True,True,False,True,True,False,,True,True,True,True,True,True,False
/empresas/cuando-sale-el-samsung-galaxy-s27-cuanto-costara-y-que-cambios-trae/,Jhojhanni Fiorini,devices,8,13,61.5,🟡,True,False,False,True,True,True,,True,True,True,False,False,True,False
/money-invest/daily-news/como-ver-juegos-centroamericanos-santo-domingo-2026-rd/,Andrea Mercedes,sport business,10,13,76.9,🟡,True,True,False,True,True,False,,True,True,True,True,True,True,False
/actualidad/calendario-lunar-julio-2026-mejores-dias-para-cortarse-el-cabello-y-depilarse/,Elba Reyes,actualidad,9,13,69.2,🟡,True,False,False,True,True,False,,True,True,True,True,True,True,False
/empresas/sport-business/juegos-centroamericanos-santo-domingo-2026-dominicanos-que-compiten-hoy-y-sus-horarios/,Elba Reyes,sport business,9,13,69.2,🟡,True,True,False,True,True,False,,True,True,True,True,False,True,False
/money-invest/daily-news/elecciones-presidenciales-en-brasil-2026-quien-va-ganando-entre-lula-y-bolsonaro/,Andrea Mercedes,daily news,10,13,76.9,🟡,True,True,False,True,True,False,,True,True,True,True,True,True,False
/actualidad/a-que-hora-empieza-la-inauguracion-de-los-juegos-centroamericanos-santo-domingo-2026-y-donde-verla-en-rd/,Elba Reyes,actualidad,10,13,76.9,🟡,True,True,False,True,True,True,,True,True,True,True,False,True,False
/empresas/sport-business/cuanto-dinero-gana-una-seleccion-por-clasificar-a-octavos-de-final-del-mundial-2026/,Jhojhanni Fiorini,sport business,9,13,69.2,🟡,True,False,False,True,True,True,,True,True,True,False,False,True,True
/empresas/sport-business/cuadro-de-octavos-de-final-del-mundial-2026-partidos-cruces-y-fechas-confirmadas/,Elba Reyes,sport business,9,13,69.2,🟡,True,True,False,True,True,False,,True,True,True,False,False,True,True
/money-invest/daily-news/el-monorriel-de-santo-domingo-y-el-sistema-de-santiago-lideraran-el-presupuesto-de-2027/,Andrea Mercedes,daily news,10,13,76.9,🟡,True,True,False,True,True,False,,True,True,True,True,True,True,False
/technology/devices/cuanto-costara-el-iphone-18-pro-max-en-republica-dominicana-filtraciones-de-su-precio-estimado/,Elba Reyes,devices,12,13,92.3,🟢,True,True,True,True,True,False,,True,True,True,True,True,True,True
/technology/devices/filtracion-del-iphone-18-pro-imagenes-revelan-su-aspecto-real-y-nuevo-color/,Jhojhanni Fiorini,devices,9,13,69.2,🟡,True,False,False,True,True,True,,True,True,True,False,False,True,True
/money-invest/daily-news/reforma-fiscal-ley-30-26-a-partir-de-que-salario-se-paga-impuesto-y-que-productos-suben-de-precio-en-rd/,Andrea Mercedes,daily news,10,13,76.9,🟡,True,False,False,True,True,True,,True,True,True,True,True,True,False
/lifestyle/como-esta-el-sargazo-en-punta-cana-y-el-caribe-dominicano-estado-actual-de-las-costas-en-julio-de-2026/,Andrea Mercedes,experiencias,11,13,84.6,🟢,True,True,False,True,True,True,,True,True,True,True,True,True,False
/empresas/sport-business/mundial-2026-conoce-los-cruces-confirmados-de-los-octavos-de-final-tras-los-partidos-de-hoy/,Elba Reyes,sport business,10,13,76.9,🟡,True,True,False,True,True,True,,True,True,True,True,False,True,False
/money-invest/daily-news/el-adios-definitivo-por-que-di-maria-decidio-no-estar-en-el-mundial-2026/,Andrea Mercedes,sport business,10,13,76.9,🟡,True,True,False,True,True,False,,True,True,True,True,True,True,False
/technology/devices/es-posible-que-alguien-vea-mis-conversaciones-de-whatsapp/,Elba Reyes,devices,7,13,53.8,🔴,False,False,False,True,True,False,,True,True,True,True,False,True,False
/actualidad/resultados-de-las-loterias-del-14-de-julio-de-2026-en-republica-dominicana/,Jhojhanni Fiorini,actualidad,7,13,53.8,🔴,True,True,False,True,False,False,,False,True,True,True,True,False,False
/actualidad/tension-en-el-mundial-2026-los-detalles-del-incomodo-cruce-entre-shakira-pique-y-clara-chia/,Elba Reyes,actualidad,10,13,76.9,🟡,True,True,True,True,True,False,,True,True,True,True,False,True,False
/money-invest/daily-news/ciudad-aeropuerto-jorge-chavez-lima-40-millones-pasajeros/,Andrea Mercedes,daily news,10,13,76.9,🟡,True,True,False,True,True,False,,True,True,True,True,True,True,False
/technology/devices/donde-ver-el-mundial-2026-en-republica-dominicana-gratis/,Elba Reyes,devices,8,13,61.5,🟡,False,True,False,True,True,False,,True,True,True,True,False,True,False
/lifestyle/estos-son-los-paises-a-los-que-los-dominicanos-pueden-viajar-sin-visa-en-2026/,Elba Reyes,lifestyle,9,13,69.2,🟡,True,False,False,True,True,False,,True,True,True,True,False,True,True
/technology/devices/el-iphone-18-pro-sera-mas-grueso-las-filtraciones-revelan-las-medidas-exactas-y-el-nuevo-tamano-de-su-bateria/,Jhojhanni Fiorini,devices,11,13,84.6,🟢,True,True,False,True,True,True,,True,True,True,True,True,True,False
/technology/devices/me-han-bloqueado-en-whatsapp-el-truco-definitivo-para-confirmarlo-en-2026/,Elba Reyes,devices,9,13,69.2,🟡,True,False,False,True,True,False,,True,True,True,True,False,True,True
/actualidad/resultados-de-las-loterias-del-30-de-julio-de-2026-en-republica-dominicana/,Jhojhanni Fiorini,actualidad,7,13,53.8,🔴,True,True,False,True,False,False,,False,True,True,True,True,False,False
/technology/devices/se-filtra-el-iphone-18-pro-un-cuarto-color-sorpresa-llegara-al-nuevo-buque-insignia-de-apple/,Jhojhanni Fiorini,devices,9,13,69.2,🟡,True,False,False,True,True,True,,True,True,True,True,False,True,False
/money-invest/daily-news/rescate-de-nino-de-3-anos-en-el-terremoto-de-venezuela-sobrevivio-140-horas-bajo-escombros/,Andrea Mercedes,daily news,10,13,76.9,🟡,True,True,False,True,True,False,,True,True,True,True,True,True,False
/lifestyle/quienes-serian-los-artistas-del-festival-presidente-2026-en-diciembre-en-santo-domingo/,Andrea Mercedes,experiencias,9,13,69.2,🟡,True,False,False,True,True,False,,True,True,True,True,True,True,False
/money-invest/daily-news/que-debes-saber-sobre-el-cambio-de-la-cedula-en-republica-dominicana/,Elba Reyes,daily news,8,13,61.5,🟡,False,False,False,True,True,False,,True,True,True,True,True,True,False
/empresas/sport-business/mundial-2026-cruces-de-semifinales-equipos-clasificados-y-fechas-de-los-partidos/,Elba Reyes,sport business,10,13,76.9,🟡,True,True,False,True,True,False,,True,True,True,True,False,True,True
/technology/devices/modo-infiel-en-whatsapp-como-funciona-el-codigo-secreto-para-esconder-conversaciones/,Elba Reyes,devices,10,13,76.9,🟡,True,True,False,True,True,False,,True,True,True,True,False,True,True
/money-invest/daily-news/que-documentos-necesitas-para-la-nueva-cedula-en-rd-pasos-y-requisitos/,Elba Reyes,daily news,8,13,61.5,🟡,True,False,False,True,True,True,,False,True,True,True,False,True,False
/technology/que-significa-centro-de-llegada-en-temu-y-por-que-tu-pedido-se-queda-ahi/,Elba Reyes,technology,10,13,76.9,🟡,True,False,False,True,True,False,,True,True,True,True,True,True,True
/technology/devices/merecera-la-pena-comprar-el-iphone-18-dos-funciones-clave-de-ia-se-quedan-fuera/,Elba Reyes,devices,11,13,84.6,🟢,True,True,False,True,True,False,,True,True,True,True,True,True,True
/technology/devices/lista-oficial-de-samsung-los-25-galaxy-que-actualizaran-a-one-ui-9-y-android-17/,Elba Reyes,devices,10,13,76.9,🟡,True,True,False,True,False,True,,True,True,True,True,False,True,True
/market-brief/finanzas/estas-son-las-tarjetas-de-credito-mas-exclusivas-del-mundo/,Rodrigo Muñoz,finanzas,5,13,38.5,🔴,False,True,False,True,True,False,,True,False,True,False,False,False,False
/money-invest/daily-news/ley-residuos-solidos-rd-ley-36-26-cambios-contribuciones/,Andrea Mercedes,daily news,9,13,69.2,🟡,True,False,False,True,True,False,,True,True,True,True,True,True,False
/empresas/sport-business/tabla-de-goleadores-del-mundial-2026-quien-lidera-la-bota-de-oro/,Elba Reyes,sport business,11,13,84.6,🟢,False,True,False,True,True,True,,True,True,True,True,True,True,True
/money-invest/daily-news/como-cambia-la-ley-de-la-policia-nacional-en-rd-los-nuevos-limites-de-las-requisas-y-los-rangos-modificados/,Andrea Mercedes,daily news,10,13,76.9,🟡,True,True,False,True,True,False,,True,True,True,True,True,True,False
/money-invest/internacional-economia/ranking-de-divisas-2026-las-monedas-mas-fuertes-y-debiles-de-america-latina/,Jhojhanni Fiorini,internacional,8,13,61.5,🟡,True,False,False,True,True,True,,True,True,True,False,False,True,False
/money-invest/daily-news/paises-mas-endeudados-con-el-fmi-en-latinoamerica-2026-asi-quedo-el-ranking/,Jhojhanni Fiorini,internacional,8,13,61.5,🟡,True,False,False,True,True,True,,True,True,True,False,False,True,False
/empresas/las-marcas-de-lujo-mas-valiosas-en-2024/,Rodrigo Muñoz,empresas,9,13,69.2,🟡,False,False,False,True,True,False,,True,True,True,True,True,True,True
/money-invest/daily-news/se-dejara-de-pagar-con-tarjeta-en-las-gasolineras-anadegas-anuncia-protesta-por-altas-comisiones-bancarias/,Andrea Mercedes,daily news,11,13,84.6,🟢,True,True,False,True,True,True,,True,True,True,True,True,True,False
/money-invest/daily-news/quien-es-ruben-vargas-el-futbolista-de-origen-dominicano-que-clasifico-a-suiza-en-el-mundial-2026/,Andrea Mercedes,sport business,10,13,76.9,🟡,True,True,False,True,True,False,,True,True,True,True,True,True,False
/empresas/sport-business/noruega-vs-inglaterra-mundial-2026-una-tardo-28-anos-en-volver-la-otra-lleva-60-intentando-ser-campeona-de-nuevo/,Ana Sosa,sport business,7,13,53.8,🔴,True,False,False,True,True,False,,True,False,True,False,True,True,False
/money-invest/daily-news/cuanto-gano-espana-mundial-2026/,Edwin Lozada,sport business,6,13,46.2,🔴,False,False,False,True,True,False,,True,True,False,False,False,True,True
/money-invest/daily-news/uber-compra-pedidosya-delivery-america-latina/,Andrea Mercedes,daily news,9,13,69.2,🟡,True,True,False,True,True,False,,True,True,True,True,False,True,False
/money-invest/daily-news/juegos-centroamericanos-santo-domingo-2026-guia-calendario-boletos-sedes/,Andrea Mercedes,sport business,9,13,69.2,🟡,True,True,False,True,False,False,,True,True,True,True,True,True,False
/technology/devices/precios-del-galaxy-z-fold-8-y-z-flip-8-la-filtracion-que-confirma-un-fuerte-aumento/,Jhojhanni Fiorini,devices,8,13,61.5,🟡,True,False,False,True,True,True,,True,True,True,False,False,True,False
/actualidad/resultados-de-las-loterias-del-17-de-junio-de-2026-en-republica-dominicana/,Jhojhanni Fiorini,actualidad,6,13,46.2,🔴,True,False,False,True,False,False,,False,True,True,True,True,False,False
/money-invest/internacional-economia/ranking-de-los-paises-mas-corruptos-de-latinoamerica-en-2026/,Jhojhanni Fiorini,internacional,8,13,61.5,🟡,False,True,False,True,True,False,,True,True,True,True,False,True,False
/technology/devices/como-saber-si-leyeron-mi-mensaje-sin-el-doble-check-azul-trucos-de-whatsapp-2026/,Elba Reyes,devices,8,13,61.5,🟡,True,False,False,True,True,False,,True,True,True,True,False,True,False
/money-invest/daily-news/monorriel-de-santo-domingo-cuando-comenzaran-las-obras-y-como-sera-la-primera-etapa/,Andrea Mercedes,daily news,9,13,69.2,🟡,True,False,False,True,True,False,,True,True,True,True,True,True,False
/money-invest/daily-news/cambios-nuevo-codigo-penal-republica-dominicana-2026/,Andrea Mercedes,daily news,10,13,76.9,🟡,True,True,False,True,True,False,,True,True,True,True,True,True,False
/money-invest/daily-news/escudo-nacional-nueva-cedula-dominicana/,Andrea Mercedes,daily news,10,13,76.9,🟡,True,True,False,True,True,False,,True,True,True,True,True,True,False
/mercado-women/leadership/rita-abinader-mision-humanitaria/,Karime Rivas,leadership,9,13,69.2,🟡,True,True,False,True,True,True,,True,True,True,False,True,False,False
/actualidad/resultados-de-leidsa-del-miercoles-24-de-junio-de-2026/,Andrea Mercedes,actualidad,8,13,61.5,🟡,False,True,False,True,True,False,,False,True,True,True,True,False,True
/money-invest/los-paises-mas-ricos-de-latinoamerica-por-pib-per-capita-en-2026/,Jhojhanni Fiorini,money invest,10,13,76.9,🟡,False,True,False,True,True,True,,True,True,True,True,True,True,False
/technology/devices/filtraciones-del-iphone-18-en-internet-los-cambios-secretos-que-causan-la-molestia-de-apple/,Jhojhanni Fiorini,devices,10,13,76.9,🟡,True,False,False,True,True,True,,True,False,True,True,True,True,True
/technology/iphone-17-vs-iphone-18-pro-max-que-cambia-y-si-vale-la-pena-esperar/,Jhojhanni Fiorini,technology,5,13,38.5,🔴,False,False,False,True,False,False,,True,True,True,False,False,True,False
/money-invest/daily-news/tunel-luperon-cambios-transito-santo-domingo/,Andrea Mercedes,daily news,11,13,84.6,🟢,True,True,False,True,True,True,,True,True,True,True,True,True,False
/actualidad/resultados-de-la-loteria-nacional-del-lunes-27-de-abril-de-2026/,Jhojhanni Fiorini,actualidad,6,13,46.2,🔴,False,True,False,True,False,False,,True,True,True,False,True,False,False
/actualidad/resultados-de-las-loterias-del-15-de-junio-de-2026-en-republica-dominicana/,Jhojhanni Fiorini,actualidad,6,13,46.2,🔴,True,False,False,True,False,False,,False,True,True,True,True,False,False
/money-invest/daily-news/link-oficial-para-consultar-el-bono-madre-2026-verifica-con-tu-cedula-si-eres-beneficiaria/,Elba Reyes,daily news,10,13,76.9,🟡,True,False,False,True,True,True,,True,True,True,True,True,True,False
/money-invest/daily-news/como-renovar-la-licencia-de-conducir-en-rd-pasos-citas-oficinas-y-cuanto-tarda-el-proceso/,Andrea Mercedes,daily news,10,13,76.9,🟡,True,True,False,True,True,False,,True,True,True,True,True,True,False
/money-invest/daily-news/nasa-terremoto-venezuela-superficie-terrestre-nisar/,Andrea Mercedes,daily news,10,13,76.9,🟡,True,True,False,True,True,False,,True,True,True,True,True,True,False
/money-invest/daily-news/libro-predijo-espana-campeona-mundial-2026/,Edwin Lozada,sport business,7,13,53.8,🔴,True,True,False,True,True,False,,True,True,False,False,True,False,False
/money-invest/daily-news/cierres-de-calles-por-santo-domingo-2026-guia-para-evitar-el-transito-en-el-centro-olimpico/,Elba Reyes,daily news,10,13,76.9,🟡,True,True,False,True,True,False,,True,True,True,True,True,True,False
/technology/devices/iphone-18-la-estrategia-poco-habitual-que-evaluaria-apple-para-sus-proximos-celulares/,Elba Reyes,devices,10,13,76.9,🟡,True,True,False,True,True,False,,True,True,True,True,False,True,True
/actualidad/mhoni-vidente-lanza-su-prediccion-para-el-espana-vs-argentina-en-la-final-del-mundial-2026/,Elba Reyes,actualidad,10,13,76.9,🟡,True,True,False,True,True,False,,True,True,True,True,False,True,True
/empresas/sport-business/la-final-del-mundial-2026-ya-esta-definida-espana-vs-argentina-cuando-y-donde-verla-en-rd/,Elba Reyes,sport business,10,13,76.9,🟡,True,True,False,True,True,False,,True,True,True,True,False,True,True
/actualidad/ni-trampas-ni-veneno-este-es-el-truco-natural-para-ahuyenta-las-ratas-de-su-casa/,Elba Reyes,actualidad,6,13,46.2,🔴,True,False,False,True,False,False,,False,True,True,True,False,True,False
/technology/como-volver-a-ver-fotos-de-un-solo-uso-en-whatsapp-con-este-truco-oculto/,Elba Reyes,technology,9,13,69.2,🟡,True,False,False,True,True,False,,False,True,True,True,True,True,True
/empresas/sport-business/incentivos-atletas-juegos-centroamericanos-2026-rd/,Andrea Mercedes,república dominicana,10,13,76.9,🟡,True,True,False,True,True,False,,True,True,True,True,False,True,True
/empresas/sport-business/argentina-vs-inglaterra-mundial-2026-historia-rivalidad/,Miguel Vega,sport business,6,13,46.2,🔴,True,True,False,True,False,False,,False,True,False,False,False,True,True
/technology/devices/iphone-18-pro-razones-clave-para-cambiar-tu-iphone-viejo-y-dar-el-salto-generacional/,Jhojhanni Fiorini,devices,10,13,76.9,🟡,True,False,False,True,True,True,,True,True,True,True,True,True,False
/empresas/sport-business/quienes-son-los-atletas-dominicanos-que-ganaron-medalla-de-oro-en-los-juegos-centroamericanos-2026/,Elba Reyes,sport business,10,13,76.9,🟡,True,True,False,True,True,False,,True,True,True,True,True,True,False
/empresas/sport-business/cuantos-goles-le-faltan-a-messi-para-ser-el-maximo-goleador-de-la-historia-del-mundial-el-record-de-klose/,Elba Reyes,sport business,8,13,61.5,🟡,True,False,False,True,True,False,,True,True,True,True,False,True,False
/money-invest/daily-news/juegos-centroamericanos-caribe-santo-domingo-2026-fechas-calendario/,Andrea Mercedes,sport business,10,13,76.9,🟡,True,True,False,True,True,False,,True,True,True,True,True,True,False
/actualidad/partidos-del-mundial-2026-hoy-viernes-3-de-julio-horarios-en-rd-donde-ver-futbol-en-vivo/,Jhojhanni Fiorini,actualidad,8,13,61.5,🟡,True,False,False,True,True,True,,False,True,True,False,True,True,False
/actualidad/los-mejores-restaurantes-rd/,revistamercado,actualidad,7,13,53.8,🔴,False,False,False,True,True,False,,True,True,True,False,True,True,False
/technology/devices/por-que-apple-recortara-costes-en-la-pantalla-del-iphone-18-pro-y-como-afectara-su-precio-final/,Jhojhanni Fiorini,devices,9,13,69.2,🟡,True,True,False,True,True,True,,True,True,True,False,False,True,False
/empresas/ranking-global-los-20-paises-con-los-impuestos-mas-altos-del-mundo/,Agatha Thomas,empresas,6,13,46.2,🔴,False,True,False,True,True,False,,True,False,True,False,False,False,True
/empresas/la-edicion-que-celebra-a-los-lideres-de-la-innovacion-y-el-emprendimiento/,Darling Gil,empresas,8,13,61.5,🟡,True,False,False,True,True,False,,True,True,True,False,True,True,False
/empresas/sport-business/show-apertura-juegos-centroamericanos-santo-domingo-2026-produccion/,Andrea Mercedes,república dominicana,9,13,69.2,🟡,True,False,False,True,True,True,,True,True,True,True,False,True,False
/empresas/sport-business/cuantas-medallas-gano-republica-dominicana-en-la-quinta-jornada-de-santo-domingo-2026/,Elba Reyes,sport business,8,13,61.5,🟡,True,False,False,True,True,False,,True,True,True,True,False,True,False
/business/precio-del-petroleo-por-que-el-mercado-vuelve-a-temer-una-nueva-crisis-energetica/,Ana Sosa,business,5,13,38.5,🔴,True,False,False,True,True,False,,False,True,False,False,False,True,False
/empresas/sport-business/republica-dominicana-1000-medallas-juegos-centroamericanos-2026/,Edwin Lozada,sport business,9,13,69.2,🟡,True,True,False,True,True,False,,True,False,True,True,True,True,False
/money-invest/daily-news/cuantas-victimas-dejo-el-sismo-de-venezuela-balance-y-mapa-de-las-zonas-mas-afectadas-por-la-tragedia/,Andrea Mercedes,daily news,10,13,76.9,🟡,True,True,False,True,True,False,,True,True,True,True,True,True,False
/money-invest/ranking-estos-son-los-paises-con-la-peor-calidad-de-vida-en-2026/,Jhojhanni Fiorini,money invest,8,13,61.5,🟡,False,True,False,True,True,True,,True,True,True,False,False,True,False
/money-invest/internacional-economia/las-10-ciudades-mas-seguras-de-latinoamerica-segun-el-ranking-de-seguridad/,Jhojhanni Fiorini,internacional,7,13,53.8,🔴,True,False,False,True,True,False,,True,True,True,False,False,True,False
/actualidad/votaciones-del-juego-de-estrellas-mlb-2026-que-dominicanos-seran-titulares/,Elba Reyes,actualidad,9,13,69.2,🟡,True,True,False,True,True,False,,True,True,True,True,False,True,False
/empresas/sport-business/como-es-el-balon-de-la-final-del-mundial-2026-asi-es-el-trionda-final-y-la-tecnologia-que-esconde/,Elba Reyes,sport business,10,13,76.9,🟡,True,True,False,True,True,False,,True,True,True,True,False,True,True
/money-invest/internacional-economia/ranking-2026-los-paises-mas-caros-para-vivir-en-america-latina-y-el-caribe/,Jhojhanni Fiorini,internacional,8,13,61.5,🟡,True,False,False,True,True,False,,True,True,True,False,True,True,False
/empresas/sport-business/espana-gana-el-mundial-2026-conquista-su-segunda-copa-del-mundo-tras-vencer-a-argentina/,Ana Sosa,sport business,5,13,38.5,🔴,True,False,False,True,True,False,,False,True,False,False,False,True,False
/empresas/sport-business/cuando-empieza-el-proximo-mundial-los-anos-y-dias-que-faltan-para-la-copa-del-mundo-2030/,Elba Reyes,sport business,11,13,84.6,🟢,True,True,False,True,True,True,,True,True,True,True,True,True,False
/money-invest/daily-news/nueva-cedula-en-rd-redefine-su-modelo-todo-lo-que-debe-saber-sobre-su-vigencia-por-edad-y-version-digital/,Elba Reyes,daily news,11,13,84.6,🟢,True,False,False,True,True,True,,True,True,True,True,True,True,True
/mercado-women/trends/calendario-lunar-para-cortarse-el-pelo-en-2026-fechas-para-que-crezca-rapido-y-fuerte/,Elba Reyes,trends,10,13,76.9,🟡,True,False,False,True,True,False,,True,True,True,True,True,True,True
/actualidad/se-retira-cristiano-ronaldo-confirman-que-el-mundial-2026-sera-su-ultimo-baile/,Elba Reyes,actualidad,8,13,61.5,🟡,True,False,False,True,True,False,,True,True,True,True,False,True,False
/money-invest/daily-news/que-pasaria-en-santo-domingo-y-santiago-si-ocurre-un-terremoto-como-el-de-venezuela/,Andrea Mercedes,daily news,9,13,69.2,🟡,True,True,False,True,True,False,,True,True,True,True,False,True,False
/empresas/sport-business/espectaculo-de-clausura-del-mundial-2026-horarios-artistas-y-que-canales-transmiten-en-rd/,Elba Reyes,sport business,9,13,69.2,🟡,True,True,False,True,True,False,,True,True,True,True,False,True,False
/actualidad/resultados-de-las-loterias-del-16-de-junio-de-2026-en-republica-dominicana/,Jhojhanni Fiorini,actualidad,5,13,38.5,🔴,True,False,False,True,False,False,,False,True,True,False,True,False,False
/actualidad/resultados-de-la-loteria-quiniela-real-del-domingo-5-julio-de-2026/,Elba Reyes,actualidad,5,13,38.5,🔴,False,False,False,True,False,True,,False,True,True,False,False,False,True
/money-invest/daily-news/paises-con-mejor-reputacion-de-latinoamerica-2026-el-ranking-de-repcore-nations/,Jhojhanni Fiorini,internacional,8,13,61.5,🟡,True,False,False,True,True,True,,True,True,True,False,False,True,False
/actualidad/quien-es-melissa-nunez-miss-rd-universo-2026-biografia-carrera-y-perfil-de-la-ganadora/,Elba Reyes,actualidad,10,13,76.9,🟡,True,True,False,True,True,False,,True,True,True,True,True,True,False
/technology/devices/nombre-de-usuario-en-whatsapp-2026-es-obligatorio-registrar-un-alias/,Elba Reyes,devices,10,13,76.9,🟡,True,True,False,True,False,True,,True,True,True,True,False,True,True
/empresas/la-nueva-imagen-global-de-coca-cola-el-drastico-cambio-de-diseno-que-se-aplicara-en-todo-el-mundo/,Jhojhanni Fiorini,empresas,8,13,61.5,🟡,True,False,False,True,True,True,,True,True,True,True,False,False,False
/money-invest/daily-news/tormenta-tropical-elida-trayectoria-en-vivo/,Andrea Mercedes,daily news,9,13,69.2,🟡,True,False,False,True,True,False,,True,True,True,True,True,True,False
/empresas/sport-business/cuanto-dinero-gano-la-fifa-por-el-mundial-2026-y-como-se-repartieron-los-premios/,Jhojhanni Fiorini,sport business,9,13,69.2,🟡,True,False,False,True,True,True,,True,True,True,True,False,True,False
/money-invest/daily-news/impuesto-a-las-transferencias-electronicas-sube-que-cambia-desde-este-3-de-julio/,Andrea Mercedes,daily news,10,13,76.9,🟡,True,True,False,True,True,False,,True,True,True,True,True,True,False
/technology/devices/modo-fantasma-en-whatsapp-trucos-infalibles-para-leer-mensajes-sin-dejar-el-en-visto/,Elba Reyes,devices,9,13,69.2,🟡,True,True,False,True,True,False,,True,True,True,True,False,True,False
/actualidad/resultados-de-la-loteria-quiniela-real-del-jueves-23-julio-de-2026/,Elba Reyes,actualidad,4,13,30.8,🔴,False,False,False,True,False,True,,False,True,True,False,False,False,False
/technology/devices/samsung-presenta-los-nuevos-galaxy-z-fold-8-y-z-flip-8-precios-fechas-y-caracteristicas/,Elba Reyes,devices,9,13,69.2,🟡,True,True,False,True,True,False,,True,True,True,True,False,True,False
/cover-story/gianni-infantino-el-arquitecto-de-un-futbol-globalizado/,Darling Gil,cover story,3,13,23.1,🔴,False,True,False,True,False,False,,False,False,False,False,False,True,False
/actualidad/resultados-de-la-loteria-quiniela-real-del-miercoles-1-julio-de-2026/,Elba Reyes,actualidad,5,13,38.5,🔴,False,False,False,True,False,True,,False,True,True,False,False,False,True
/actualidad/resultados-de-las-loterias-del-18-de-junio-de-2026-en-republica-dominicana/,Jhojhanni Fiorini,actualidad,5,13,38.5,🔴,True,False,False,True,False,False,,False,True,True,False,True,False,False
/empresas/sport-business/cuando-y-a-que-hora-se-juegan-las-semifinales-del-mundial-2026-cruces-fechas-y-estadios-de-los-partidos/,Elba Reyes,sport business,10,13,76.9,🟡,True,True,False,True,True,False,,True,True,True,True,True,True,False
/empresas/sport-business/argentina-vs-inglaterra-semifinal-mundial-2026-la-revancha-que-la-seleccion-inglesa-tiene-esperando-40-anos/,Ana Sosa,sport business,7,13,53.8,🔴,True,False,False,True,True,False,,True,False,True,False,True,True,False
/empresas/espana-vs-francia-semifinal-mundial-2026/,Miguel Vega,sport business,11,13,84.6,🟢,True,True,False,True,True,True,,True,True,True,True,False,True,True
/empresas/sport-business/proximo-mundial-2030-donde-se-juega-las-sedes-confirmadas-y-las-fechas-de-la-copa-del-mundo/,Elba Reyes,sport business,10,13,76.9,🟡,True,True,False,True,True,False,,True,True,True,True,True,True,False
/money-invest/internacional-economia/los-paises-con-mayor-porcentaje-de-pobreza-en-america-latina/,Jhojhanni Fiorini,internacional,9,13,69.2,🟡,False,True,False,True,True,False,,True,True,True,True,False,True,True
/technology/devices/samsung-galaxy-z-fold-8-fecha-oficial-de-presentacion-confirmada-para-el-proximo-galaxy-unpacked/,Jhojhanni Fiorini,devices,11,13,84.6,🟢,True,True,False,True,True,True,,True,True,True,True,True,True,False
/technology/devices/android-17-en-samsung-2026-celulares-compatibles-novedades-de-one-ui-9-y-como-actualizar-paso-a-paso/,Elba Reyes,devices,9,13,69.2,🟡,True,True,False,True,True,False,,True,True,True,True,False,True,False
/empresas/ranking-2026-los-12-paises-donde-mas-se-trabaja-en-el-mundo/,Elba Reyes,empresas,8,13,61.5,🟡,False,True,False,True,False,False,,True,True,True,True,False,True,True
/money-invest/republica-dominicana/ranking-de-las-universidades-mejor-posicionadas-de-republica-dominicana-en-2026/,Elba Reyes,república dominicana,9,13,69.2,🟡,True,False,False,True,True,False,,True,True,True,True,False,True,True
/empresas/sport-business/ana-rosa-garcia-primer-oro-republica-dominicana-santo-domingo-2026/,Edwin Lozada,sport business,7,13,53.8,🔴,True,True,False,True,False,False,,True,False,True,True,True,False,False
/medihealth/wellbeing/peso-recomendado-para-una-mujer-de-1-60-m-y-cuando-hay-riesgo-para-la-salud/,Elba Reyes,wellbeing,7,13,53.8,🔴,True,False,False,True,False,False,,True,True,True,True,False,True,False
/technology/devices/whatsapp-suspendido-los-3-pasos-definitivos-para-apelar-y-recuperar-tu-numero/,Elba Reyes,devices,7,13,53.8,🔴,True,True,False,True,False,False,,True,True,True,False,False,True,False
/mercado-exchange/mercado-mejores-empresas-para-trabajar-summit-2026-con-las-soft-skills-y-salud-mental-al-centro-de-la-conversacion/,Gabriel Rico Albarrán,mercado events,11,13,84.6,🟢,True,False,False,True,True,True,,True,True,True,True,True,True,True
/money-invest/daily-news/quien-es-la-reina-de-belleza-que-murio-en-el-terremoto-de-venezuela/,Andrea Mercedes,daily news,8,13,61.5,🟡,False,False,False,True,True,False,,True,True,True,True,True,True,False
/lifestyle/experiencias/los-mejores-rones-del-mundo-marcas-premium-y-guia-para-elegir-un-ron-de-alta-gama/,Elba Reyes,experiencias,10,13,76.9,🟡,True,True,False,True,True,False,,True,True,True,True,False,True,True
/actualidad/cierres-viales-por-manifestaciones-en-santo-domingo-rutas-alternas-y-desvios-recomendados-para-hoy/,Andrea Mercedes,noticias rd,8,13,61.5,🟡,True,True,False,True,True,False,,True,True,True,False,False,True,False
/technology/whatsapp-empezara-a-cobrar-meta-lanza-suscripciones-y-cambia-su-modelo-de-negocio/,Elba Reyes,technology,9,13,69.2,🟡,True,False,False,True,False,True,,True,True,True,True,False,True,True
/money-invest/daily-news/la-nasa-revela-como-se-deformo-el-suelo-tras-el-terremoto-de-venezuela/,Andrea Mercedes,internacional,10,13,76.9,🟡,True,True,False,True,True,False,,True,True,True,True,True,True,False
/medihealth/salud/ni-insecticidas-ni-trampas-este-olor-comun-ahuyenta-cucarachas/,Jhojhanni Fiorini,salud,7,13,53.8,🔴,False,True,False,True,True,False,,True,True,True,False,False,True,False
/lifestyle/experiencias/el-mapa-de-la-alta-cocina-2026-los-paises-con-los-mejores-restaurantes-del-mundo/,Elba Reyes,experiencias,9,13,69.2,🟡,True,True,False,True,True,False,,True,True,True,True,False,True,False
/money-invest/daily-news/obras-del-monorriel-de-santo-domingo-este-siguen-paralizadas-que-pasa-con-la-megaobra/,Andrea Mercedes,daily news,10,13,76.9,🟡,True,False,False,True,True,True,,True,True,True,True,True,True,False
/empresas/carreras-mejor-pagadas-en-republica-dominicana-salarios-y-areas-con-mayor-demanda/,Jhojhanni Fiorini,empresas,8,13,61.5,🟡,True,False,False,True,True,False,,True,True,True,False,True,True,False
/empresas/sport-business/agenda-de-los-dominicanos-en-los-juegos-centroamericanos-santo-domingo-2026-para-hoy-29-de-julio/,Elba Reyes,sport business,10,13,76.9,🟡,True,True,False,True,True,True,,False,True,True,True,True,True,False
/technology/devices/como-borrar-un-contacto-de-whatsapp-sin-dejar-rastro-guia-definitiva-2026/,Elba Reyes,devices,10,13,76.9,🟡,True,True,False,True,True,True,,True,True,True,True,False,True,False
/lifestyle/las-20-mejores-peliculas-de-la-historia-segun-el-publico-en-imdb/,Elba Reyes,lifestyle,9,13,69.2,🟡,False,True,False,True,True,False,,True,True,True,True,True,True,False
/actualidad/resultados-de-la-loteria-quiniela-real-del-lunes-20-julio-de-2026/,Elba Reyes,actualidad,5,13,38.5,🔴,False,True,False,True,False,True,,False,True,True,False,False,False,False
/empresas/sport-business/espana-vs-argentina-la-finalissima-que-termino-siendo-la-final-del-mundial-2026/,Miguel Vega,sport business,7,13,53.8,🔴,True,False,False,True,True,False,,False,True,False,True,False,True,True
/money-invest/daily-news/daniel-ortega-suspendera-elecciones-nicaragua/,Andrea Mercedes,daily news,9,13,69.2,🟡,True,True,False,True,True,False,,True,True,True,True,False,True,False
/money-invest/daily-news/pruebas-nacionales-2026-guia-de-horarios-materias-y-lo-que-deben-llevar-los-estudiantes-desde-hoy/,Andrea Mercedes,daily news,8,13,61.5,🟡,True,True,False,True,True,False,,True,True,True,False,False,True,False
/turismo/donde-se-vive-mejor-en-rd-los-10-pueblos-con-mayor-calidad-de-vida-en-2026/,Elba Reyes,turismo,10,13,76.9,🟡,True,True,False,True,True,False,,True,True,True,True,False,True,True
/empresas/sport-business/clausura-del-mundial-2026-fecha-artistas-invitados-y-como-verla-en-rd/,Elba Reyes,sport business,9,13,69.2,🟡,True,True,False,True,True,False,,True,True,True,True,False,True,False
/mercado-women/executive-profiles/patricia-clavijo-chef-de-la-seleccion-espanola/,Karime Rivas,executive profiles,10,13,76.9,🟡,True,True,False,True,True,True,,True,True,True,False,True,True,False
/money-invest/daily-news/de-cuanto-fue-el-temblor-en-venezuela-hoy-detalles-del-nuevo-sismo-de-4-6-este-lunes-29-de-junio/,Andrea Mercedes,daily news,10,13,76.9,🟡,True,True,False,True,True,False,,True,True,True,True,True,True,False
/money-invest/daily-news/copa-mundial-2026-guia-completa-para-dominicanos-con-horarios-canales-y-sedes/,Andrea Mercedes,sport business,10,13,76.9,🟡,True,True,False,True,True,True,,True,True,True,False,True,True,False
/actualidad/hubo-reconciliacion-todo-sobre-la-reunion-privada-del-principe-harry-y-sus-hijos-con-carlos-iii/,Elba Reyes,actualidad,11,13,84.6,🟢,True,True,False,True,True,False,,True,True,True,True,True,True,True
/actualidad/muere-stuart-ortiz-a-los-42-anos-de-que-fallecio-el-actor-dominicano/,Elba Reyes,actualidad,12,13,92.3,🟢,True,True,False,True,True,True,,True,True,True,True,True,True,True
/the-best-of-dr/los-mejores-bares-de-rd/,revistamercado,the best of dr,6,13,46.2,🔴,False,False,False,True,True,False,,True,False,True,False,True,True,False
/turismo/a-donde-viajar-sin-visa-en-junio-de-2026-los-paises-abiertos-para-el-pasaporte-dominicano/,Elba Reyes,turismo,11,13,84.6,🟢,True,True,False,True,True,True,,True,True,True,True,False,True,True
/money-invest/vivir-en-nueva-york-ya-no-alcanza-el-62-no-gana-lo-suficiente-para-sobrevivir/,Jhojhanni Fiorini,money invest,6,13,46.2,🔴,True,False,False,True,False,False,,True,True,True,False,False,True,False
/money-invest/daily-news/petro-denuncia-fraude-algoritmico-colombia/,Andrea Mercedes,daily news,11,13,84.6,🟢,True,True,False,True,True,True,,True,True,True,True,True,True,False
/money-invest/daily-news/gol-espana-temblor-madrid-instituto-geografico-nacional/,Andrea Mercedes,sport business,10,13,76.9,🟡,True,True,False,True,True,False,,True,True,True,True,True,True,False
/actualidad/resultados-de-las-loterias-del-22-de-junio-de-2026-en-republica-dominicana/,Jhojhanni Fiorini,actualidad,5,13,38.5,🔴,True,False,False,True,False,False,,False,True,True,False,True,False,False
/money-invest/republica-dominicana/precio-del-dolar-hoy-en-republica-dominicana-este-lunes-6-de-julio-de-2026/,Elba Reyes,república dominicana,9,13,69.2,🟡,True,False,False,True,True,True,,False,True,True,True,False,True,True
/money-invest/daily-news/qs-world-university-rankings-2027-estas-son-las-mejores-universidades-del-mundo-este-ano/,Jhojhanni Fiorini,internacional,11,13,84.6,🟢,True,True,False,True,True,True,,True,True,True,False,True,True,True
/actualidad/juegos-centroamericanos-y-del-caribe-santo-domingo-2026-fechas-sedes-y-todo-lo-que-debes-saber/,Elba Reyes,actualidad,10,13,76.9,🟡,True,True,False,True,True,False,,True,True,True,True,False,True,True
/empresas/sport-business/deportes-republica-dominicana-mas-opciones-medallas-santo-domingo-2026/,Edwin Lozada,sport business,9,13,69.2,🟡,True,True,False,True,True,False,,True,False,True,True,True,True,False
/empresas/el-hombre-que-le-enseno-a-republica-dominicana-a-catar-el-buen-vino/,Miguel Vega,empresas,8,13,61.5,🟡,False,True,False,True,True,False,,True,True,True,False,True,True,False
/empresas/sport-business/octavos-de-final-del-mundial-2026-clasificados-cruces-y-fechas-confirmadas/,Elba Reyes,sport business,10,13,76.9,🟡,True,True,False,True,True,True,,True,True,True,True,False,True,False
/empresas/las-carreras-mas-estudiadas-en-republica-dominicana-en-la-actualidad/,Elba Reyes,empresas,8,13,61.5,🟡,False,False,False,True,True,False,,True,True,True,True,False,True,True
/empresas/brand-content/larimar-living-una-nueva-experiencia-de-interiorismo-para-dar-vida-a-tu-hogar/,Darling Gil,brand content,4,13,30.8,🔴,True,False,True,True,False,False,,False,False,False,False,False,True,False
/empresas/sport-business/espana-vs-argentina-en-la-final-del-mundial-2026-quien-es-el-favorito-en-las-casas-de-apuestas/,Jhojhanni Fiorini,sport business,9,13,69.2,🟡,True,False,False,True,True,True,,True,True,True,False,False,True,True
/technology/50-avances-tecnologicos-que-cambiaron-el-mundo-en-el-siglo-21/,pferreras,technology,7,13,53.8,🔴,False,True,False,True,False,False,,True,True,True,False,True,True,False
/actualidad/resultados-de-la-loteria-quiniela-real-del-miercoles-22-julio-de-2026/,Elba Reyes,actualidad,4,13,30.8,🔴,False,False,False,True,False,True,,False,True,True,False,False,False,False
/actualidad/resultados-de-leidsa-del-sabado-13-de-junio-de-2026/,Elba Reyes,actualidad,7,13,53.8,🔴,False,True,False,True,True,False,,False,True,True,True,True,False,False
/actualidad/resultados-de-leidsa-del-sabado-6-de-junio-de-2026/,Andrea Mercedes,actualidad,8,13,61.5,🟡,False,True,False,True,True,False,,False,True,True,True,True,False,True
/money-invest/daily-news/temporada-de-huracanes-2026-que-riesgo-corre-la-republica-dominicana/,Andrea Mercedes,cambio climático,10,13,76.9,🟡,True,True,False,True,True,False,,True,True,True,True,True,True,False
/technology/devices/cual-es-el-mejor-iphone-para-tomar-las-mejores-fotos-que-puedes-comprar-actualmente/,Elba Reyes,devices,8,13,61.5,🟡,True,True,False,True,False,False,,True,True,True,True,False,True,False
/lifestyle/las-10-ciudades-mas-economicas-para-vivir-en-estados-unidos-en-2026/,Agatha Thomas,lifestyle,7,13,53.8,🔴,False,True,False,True,True,False,,True,True,True,False,False,False,True
/money-invest/daily-news/nueva-york-celebra-250-anos-de-ee-uu-con-el-mayor-desfile-naval-y-aereo-de-su-historia/,Gabriel Rico Albarrán,daily news,11,13,84.6,🟢,True,True,False,True,True,True,,True,True,True,True,False,True,True
/money-invest/daily-news/terremoto-venezuela-fallecidos-ultimo-balance-2026/,Andrea Mercedes,daily news,10,13,76.9,🟡,True,True,False,True,True,False,,True,True,True,True,True,True,False
/empresas/sport-business/cruces-de-16avos-de-final-mundial-2026-llaves-clasificados-y-posiciones-tras-la-fecha-2/,Elba Reyes,sport business,9,13,69.2,🟡,True,True,False,True,True,False,,True,True,True,True,False,True,False
/actualidad/los-10-paises-con-mayor-tasa-de-alcoholismo-en-el-mundo/,Elba Reyes,actualidad,9,13,69.2,🟡,False,True,False,True,True,False,,True,True,True,True,False,True,True
/mercado/empresas-responsabilidad-social/,revistamercado,de la revista,6,13,46.2,🔴,False,True,False,True,True,False,,True,False,True,False,False,True,False
/actualidad/fracaso-de-supergirl-en-taquilla-2026-dc-studios-admite-que-no-cumplio-expectativas/,Elba Reyes,actualidad,9,13,69.2,🟡,True,True,False,True,True,False,,True,True,True,True,False,True,False
/actualidad/como-sacar-la-licencia-de-conducir-en-rd-2026-guia-paso-a-paso-y-precios-actualizados/,Elba Reyes,actualidad,9,13,69.2,🟡,True,True,False,True,True,False,,True,True,True,True,False,True,False
/technology/cloudflare-sufre-otra-caida-y-preocupa-al-ecosistema-digital/,Jhojhanni Fiorini,technology,9,13,69.2,🟡,False,True,False,True,True,True,,True,True,True,False,True,True,False
/money-invest/impuesto-sobre-la-renta-en-rd-desde-cuanto-pagas-y-como-calcularlo/,Elba Reyes,money invest,7,13,53.8,🔴,False,False,False,True,False,False,,True,True,True,True,False,True,True
/technology/devices/diseno-del-iphone-18-pro-max-2026-por-que-el-modulo-de-sus-camaras-sera-mucho-mas-grande/,Elba Reyes,devices,9,13,69.2,🟡,True,True,False,True,True,False,,True,True,True,True,False,True,False
/actualidad/resultados-de-la-loteria-quiniela-real-del-domingo-26-julio-de-2026/,Elba Reyes,actualidad,4,13,30.8,🔴,False,False,False,True,False,True,,False,True,True,False,False,False,False
/lifestyle/las-20-ciudades-mas-pobladas-del-mundo-en-2026-ranking-actualizado/,Elba Reyes,lifestyle,8,13,61.5,🟡,False,False,False,True,True,False,,True,True,True,True,False,True,True
/money-invest/estos-son-los-ejercitos-mas-poderosos-del-mundo-segun-el-ranking-global/,Jhojhanni Fiorini,money invest,8,13,61.5,🟡,True,False,False,True,True,False,,True,True,True,False,True,True,False
/empresas/sport-business/deportes-mas-medallas-republica-dominicana-juegos-centroamericanos-2026/,Edwin Lozada,sport business,9,13,69.2,🟡,True,True,True,True,True,False,,True,False,True,True,True,False,False
/empresas/brand-business/ranking-las-10-marcas-farmaceuticas-mas-valoradas-del-mundo/,Rodrigo Muñoz,brand business,5,13,38.5,🔴,False,True,False,True,True,False,,True,False,True,False,False,False,False
/empresas/sport-business/juegos-centroamericanos-y-del-caribe-100-anos-de-historia-y-republica-dominicana-como-sede-que-transforma-el-deporte-en-oportunidad/,Ana Sosa,sport business,4,13,30.8,🔴,True,False,False,True,False,False,,False,True,False,False,False,True,False
/technology/devices/whatsapp-2026-como-ver-el-contenido-original-de-un-mensaje-editado/,Elba Reyes,devices,7,13,53.8,🔴,False,False,False,True,False,False,,True,True,True,True,False,True,True
/actualidad/resultados-de-las-loterias-del-lunes-1-de-junio-de-2026-en-republica-dominicana/,Jhojhanni Fiorini,actualidad,5,13,38.5,🔴,True,False,False,True,False,False,,False,True,True,False,True,False,False
/mercado-exchange/mejores-empresas-para-trabajar-2026-el-liderazgo-humano-es-el-que-redefine-el-futuro-del-trabajo/,Gabriel Rico Albarrán,daily news,10,13,76.9,🟡,True,True,False,True,True,False,,True,True,True,False,True,True,True
/actualidad/el-fin-del-mundo-en-noviembre-la-prediccion-de-von-foerster-que-se-vuelve-viral-en-2026/,Elba Reyes,actualidad,9,13,69.2,🟡,True,False,False,True,True,False,,True,True,True,True,False,True,True
/empresas/sport-business/mundial-2026-cuanto-dinero-gana-el-campeon-y-cuanto-paga-fifa-por-cada-ronda/,Elba Reyes,sport business,8,13,61.5,🟡,True,False,False,True,True,False,,True,True,True,True,False,True,False
/actualidad/resultados-de-la-loteria-quiniela-real-del-jueves-9-julio-de-2026/,Elba Reyes,actualidad,5,13,38.5,🔴,False,True,False,True,False,True,,False,True,True,False,False,False,False
/actualidad/por-que-la-hija-de-brad-pitt-y-angelina-jolie-se-quito-el-apellido-de-su-padre/,Elba Reyes,actualidad,10,13,76.9,🟡,True,True,False,True,True,False,,True,True,True,True,False,True,True
/money-invest/cuando-caduca-una-deuda-de-tarjeta-de-credito-en-republica-dominicana/,Elba Reyes,money invest,8,13,61.5,🟡,True,False,False,True,True,False,,True,True,True,True,False,True,False
/lifestyle/estas-son-las-ciudades-mas-peligrosas-de-europa-en-2026-segun-indices-de-criminalidad/,Elba Reyes,lifestyle,9,13,69.2,🟡,True,False,False,True,True,False,,True,True,True,True,False,True,True
/money-invest/daily-news/premio-jugadores-espana-mundial-2026/,Andrea Mercedes,sport business,10,13,76.9,🟡,True,True,False,True,True,False,,True,True,True,True,True,True,False
/technology/devices/nuevas-funciones-de-whatsapp-las-herramientas-que-llegaran-a-tu-celular-antes-de-terminar-el-ano/,Jhojhanni Fiorini,devices,8,13,61.5,🟡,True,False,False,True,True,True,,True,True,True,False,False,True,False
/money-invest/daily-news/1-elecciones-brasil-2026-lula-amplia-a-8-puntos-su-ventaja-sobre-flavio-bolsonaro-recomendada/,Gabriel Rico Albarrán,daily news,11,13,84.6,🟢,True,True,False,True,True,True,,True,True,True,True,False,True,True
/money-invest/que-significan-los-colores-de-las-tarjetas-de-credito-y-que-indican-sobre-el-cupo/,Elba Reyes,money invest,9,13,69.2,🟡,True,False,False,True,True,False,,True,True,True,True,False,True,True
/empresas/equifax-compra-circulo-de-credito-la-gran-apuesta-por-controlar-la-infraestructura-del-credito-en-america-latina/,Ana Sosa,business,3,13,23.1,🔴,True,False,False,True,False,False,,False,False,False,False,False,True,False
/money-invest/daily-news/entradas-final-mundial-2026-espana-argentina/,Andrea Mercedes,sport business,10,13,76.9,🟡,True,True,False,True,True,False,,True,True,True,True,True,True,False
/empresas/sport-business/espana-vs-argentina-final-del-mundial-2026-el-ultimo-partido-y-la-mayor-celebracion-que-haya-preparado-la-fifa/,Ana Sosa,sport business,5,13,38.5,🔴,True,False,False,True,True,False,,False,True,False,False,False,True,False
/turismo/playas-sin-sargazo-en-republica-dominicana-la-lista-que-necesitas-antes-de-salir-de-vacaciones/,Elba Reyes,turismo,9,13,69.2,🟡,True,False,False,True,True,False,,True,True,True,True,True,True,False
/actualidad/resultados-de-la-loteria-quiniela-real-del-martes-21-julio-de-2026/,Elba Reyes,actualidad,4,13,30.8,🔴,False,False,False,True,False,True,,False,True,True,False,False,False,False
/technology/devices/que-significa-el-nuevo-punto-verde-que-esta-apareciendo-en-los-contactos-de-whatsapp/,Jhojhanni Fiorini,devices,8,13,61.5,🟡,True,False,False,True,True,True,,True,True,True,False,False,True,False
/money-invest/daily-news/inauguracion-juegos-centroamericanos-2026-donde-ver-vivo-rd/,Andrea Mercedes,sport business,11,13,84.6,🟢,True,True,False,True,True,True,,True,True,True,True,True,True,False
/actualidad/shakira-uso-una-doble-la-teoria-viral-que-resurgio-tras-su-show-en-la-final-del-mundial-2026/,Elba Reyes,actualidad,9,13,69.2,🟡,True,True,False,True,True,False,,True,True,True,True,False,True,False
/actualidad/resultados-de-la-loteria-nacional-del-sabado-9-de-mayo-de-2026/,Jhojhanni Fiorini,actualidad,5,13,38.5,🔴,False,True,False,True,False,False,,False,True,True,False,True,False,False
/empresas/quien-es-el-dueno-de-coca-cola-los-grandes-inversores-detras-de-la-empresa/,Jhojhanni Fiorini,empresas,7,13,53.8,🔴,True,False,False,True,True,False,,True,True,True,True,False,False,False
/empresas/sport-business/juegos-centroamericanos-santo-domingo-2026-dominicanos-que-compiten-hoy-y-sus-horarios-2/,Elba Reyes,sport business,9,13,69.2,🟡,True,True,False,True,True,True,,False,True,True,True,False,True,False
/money-invest/daily-news/fuga-laboratorio-informe-casa-blanca-origen-covid-19/,Edwin Lozada,salud,11,13,84.6,🟢,True,True,True,True,True,True,,True,True,True,True,False,True,False
/technology/iphone-17e-vs-iphone-17-cual-conviene-comprar-en-2026/,Jhojhanni Fiorini,technology,7,13,53.8,🔴,False,True,False,True,True,False,,True,True,True,False,False,True,False
/empresas/sport-business/cuando-debuta-el-equipo-masculino-de-rd-en-el-beisbol-de-los-juegos-centroamericanos-y-del-caribe/,Elba Reyes,sport business,9,13,69.2,🟡,True,True,False,True,True,False,,True,True,True,True,False,True,False
/lifestyle/ranking-paises-mas-baratos-para-viajar-en-latinoamerica-en-2026/,Elba Reyes,lifestyle,9,13,69.2,🟡,False,True,False,True,True,False,,True,True,True,True,False,True,True
/money-invest/daily-news/unai-simon-gana-el-guante-de-oro-como-mejor-portero-del-mundial-2026/,Gabriel Rico Albarrán,daily news,8,13,61.5,🟡,False,False,False,True,True,True,,False,True,True,True,False,True,True
/empresas/sport-business/palmares-historico-de-la-fifa-actualizado-en-2026-la-tabla-definitiva-de-los-campeones-mundiales/,Elba Reyes,sport business,9,13,69.2,🟡,True,True,False,True,True,False,,True,True,True,True,False,True,False
/lifestyle/experiencias/que-artistas-cantaran-en-la-ceremonia-inaugural-de-los-juegos-centroamericanos-santo-domingo-2026/,Elba Reyes,experiencias,8,13,61.5,🟡,True,False,False,True,True,False,,True,True,True,True,False,True,False
/mercado-exchange/en-vivo-mercado-autoshow-vision-emprendedora-2026/,Gabriel Rico Albarrán,daily news,8,13,61.5,🟡,False,True,False,True,False,False,,True,True,True,True,False,True,True
/technology/devices/asi-puedes-encontrar-vuelos-mucho-mas-baratos-con-google-flights-guia-de-trucos-paso-a-paso/,Jhojhanni Fiorini,devices,10,13,76.9,🟡,True,False,False,True,True,True,,True,True,True,True,False,True,True
/empresas/riesgo-pais-en-america-latina-2026-que-paises-mejoraron-en-el-primer-semestre/,Jhojhanni Fiorini,empresas,8,13,61.5,🟡,True,False,False,True,True,True,,True,True,True,False,False,True,False
/money-invest/los-paises-con-mejor-y-peor-calidad-de-vida-en-latinoamerica/,Jhojhanni Fiorini,money invest,6,13,46.2,🔴,False,True,False,True,False,False,,True,True,True,False,False,True,False
/actualidad/resultados-de-la-loteria-nacional-del-domingo-19-de-abril-de-2026/,Jhojhanni Fiorini,actualidad,5,13,38.5,🔴,False,True,False,True,False,False,,False,True,True,False,True,False,False
/actualidad/fin-de-una-era-por-que-neymar-deja-la-canarinha-tras-la-eliminacion-ante-noruega/,Elba Reyes,actualidad,9,13,69.2,🟡,True,True,False,True,False,True,,True,True,True,True,False,True,False
/money-invest/daily-news/transito-transporte-juegos-centroamericanos-santo-domingo-2026/,Andrea Mercedes,sport business,10,13,76.9,🟡,True,True,False,True,True,False,,True,True,True,True,True,True,False
/technology/devices/vale-la-pena-esperar-al-iphone-18-o-es-mejor-comprar-el-iphone-17-ahora/,Elba Reyes,devices,9,13,69.2,🟡,True,False,False,True,True,False,,True,True,True,True,False,True,True
/technology/devices/que-es-y-para-que-sirve-el-nuevo-icono-morado-que-esta-apareciendo-en-whatsapp/,Elba Reyes,devices,8,13,61.5,🟡,True,False,False,True,True,False,,True,True,True,True,False,True,False
/actualidad/terremoto-en-venezuela-quien-es-la-famosa-actriz-que-perdio-la-vida-y-conmovio-al-mundo-artistico/,Andrea Mercedes,actualidad,10,13,76.9,🟡,True,True,False,True,True,True,,False,True,True,True,True,True,False
/money-invest/daily-news/como-le-afecta-la-nueva-ley-30-26-a-su-bolsillo-lo-que-cambia-para-ciudadanos-y-empresas-en-rd/,Andrea Mercedes,daily news,9,13,69.2,🟡,True,False,False,True,True,False,,True,True,True,True,True,True,False
/money-invest/daily-news/que-sera-delito-ahora-las-conductas-que-te-llevaran-a-prision-en-rd-segun-el-nuevo-codigo-penal/,Andrea Mercedes,daily news,10,13,76.9,🟡,True,False,False,True,True,True,,True,True,True,True,True,True,False
/technology/iphone-12-y-otros-celulares-que-dejaran-de-actualizarse-en-2026/,Elba Reyes,technology,10,13,76.9,🟡,False,True,False,True,True,False,,True,True,True,True,True,True,True
/actualidad/bono-madre-2026-guia-paso-a-paso-para-consultar-tus-rd-1500/,Elba Reyes,actualidad,9,13,69.2,🟡,False,True,False,True,True,True,,True,True,True,True,False,True,False
/money-invest/daily-news/artistas-medio-tiempo-final-mundial-2026/,Andrea Mercedes,sport business,10,13,76.9,🟡,True,True,False,True,True,False,,True,True,True,True,True,True,False
/money-invest/daily-news/cual-es-el-pais-menos-querido-de-latinoamerica-las-razones-detras-de-su-caida-reputacional/,Jhojhanni Fiorini,internacional,9,13,69.2,🟡,True,False,False,True,True,True,,True,True,True,True,False,True,False
/money-invest/daily-news/eeuu-responde-daniel-ortega-elecciones-nicaragua/,Andrea Mercedes,daily news,8,13,61.5,🟡,True,False,False,True,True,False,,True,True,True,True,False,True,False
/actualidad/estas-son-las-ciudades-mas-peligrosas-del-mundo-en-2026-segun-el-indice-de-criminalidad-de-numbeo/,Elba Reyes,actualidad,8,13,61.5,🟡,True,False,False,True,True,False,,True,True,True,True,False,True,False
/technology/devices/como-tener-youtube-premium-gratis-en-2026-de-forma-completamente-legal/,Elba Reyes,devices,11,13,84.6,🟢,True,True,False,True,True,False,,True,True,True,True,True,True,True
/technology/devices/nombres-de-usuario-en-whatsapp-la-razon-oculta-por-la-que-meta-te-obliga-a-crear-un-alias/,Jhojhanni Fiorini,devices,8,13,61.5,🟡,True,False,False,True,True,True,,True,True,True,False,False,True,False
/money-invest/daily-news/rusia-lanza-una-nueva-ofensiva-nocturna-contra-ucrania-y-alcanza-hospitales-y-viviendas/,Gabriel Rico Albarrán,daily news,9,13,69.2,🟡,True,False,False,True,True,True,,True,True,True,False,False,True,True
/money-invest/republica-dominicana/precio-del-dolar-hoy-en-republica-dominicana-este-miercoles-29-de-julio-de-2026/,Elba Reyes,república dominicana,9,13,69.2,🟡,True,False,False,True,True,True,,False,True,True,True,False,True,True
/business/the-odyssey-el-exito-en-taquilla-que-demuestra-a-hollywood-que-el-uso-de-ia-no-es-la-unica-formula/,Ana Sosa,business,4,13,30.8,🔴,True,False,False,True,False,False,,False,True,False,False,False,True,False
/technology/whatsapp-web-incorpora-llamadas-y-videollamadas-desde-el-navegador-asi-funciona-la-nueva-funcion/,Rodrigo Muñoz,technology,5,13,38.5,🔴,True,False,False,True,True,False,,True,False,False,False,False,True,False
/actualidad/partidos-de-hoy-viernes-31-de-julio-del-2026-en-vivo-horarios-y-donde-ver-futbol/,Jhojhanni Fiorini,actualidad,7,13,53.8,🔴,True,False,False,True,True,True,,False,True,True,False,True,False,False
/actualidad/resultados-de-la-loteria-quiniela-real-del-martes-28-julio-de-2026/,Elba Reyes,actualidad,5,13,38.5,🔴,False,False,False,True,False,True,,False,True,True,False,False,False,True
/actualidad/resultados-de-las-loterias-del-21-de-junio-de-2026-en-republica-dominicana/,Jhojhanni Fiorini,actualidad,4,13,30.8,🔴,True,False,False,True,False,False,,False,True,False,False,True,False,False
/business/pix-el-sistema-de-pagos-favorito-de-brasil-que-termino-incomodando-a-donald-trump/,Ana Sosa,business,6,13,46.2,🔴,True,False,False,True,True,False,,True,True,False,False,False,True,False
/actualidad/cuando-es-la-final-del-miss-republica-dominicana-universo-y-quienes-son-las-candidatas-favoritas/,Elba Reyes,actualidad,9,13,69.2,🟡,True,True,False,True,True,False,,True,True,True,True,False,True,False
/lifestyle/ranking-nueve-ciudades-de-america-latina-en-el-top-10-de-las-mas-violentas-del-mundo/,Elba Reyes,lifestyle,8,13,61.5,🟡,True,False,False,True,False,False,,True,True,True,True,False,True,True
/money-invest/daily-news/retiran-perfume-britney-spears-panama/,Andrea Mercedes,daily news,8,13,61.5,🟡,True,False,False,True,True,False,,True,True,True,True,False,True,False
/empresas/brand-content/impulsan-operaciones-inteligentes-en-el-caribe/,Darling Gil,brand content,2,13,15.4,🔴,False,False,False,True,False,False,,False,False,False,False,False,True,False
/money-invest/daily-news/peligro-en-republica-dominicana-por-fuertes-tormentas-electricas-hoy-indomet-alerta-a-5-provincias/,Andrea Mercedes,daily news,10,13,76.9,🟡,True,True,False,True,True,False,,True,True,True,True,True,True,False
/actualidad/resultados-de-la-loteria-quiniela-real-del-lunes-29-junio-de-2026/,Elba Reyes,actualidad,5,13,38.5,🔴,False,True,False,True,False,True,,False,True,True,False,False,False,False
/actualidad/resultados-de-las-loterias-del-10-de-junio-de-2026-en-republica-dominicana/,Jhojhanni Fiorini,actualidad,5,13,38.5,🔴,True,False,False,True,False,False,,False,True,True,False,True,False,False
/technology/donde-guarda-whatsapp-tus-fotos-y-como-recuperarlas-si-no-aparecen/,Jhojhanni Fiorini,technology,6,13,46.2,🔴,False,False,False,True,False,False,,True,True,True,False,False,True,True
/actualidad/resultados-de-la-loteria-quiniela-real-del-martes-30-junio-de-2026/,Elba Reyes,actualidad,4,13,30.8,🔴,False,False,False,True,False,True,,False,True,True,False,False,False,False
/money-invest/daily-news/cuando-se-sabra-quien-gano-las-elecciones-en-peru-2026-esto-es-lo-que-falta/,Andrea Mercedes,daily news,10,13,76.9,🟡,True,True,False,True,True,False,,True,True,True,True,True,True,False
/actualidad/fallece-raul-grisanty-de-que-murio-el-artista-y-comunicador-dominicano/,Elba Reyes,actualidad,9,13,69.2,🟡,True,True,False,True,True,False,,True,True,True,True,False,True,False
/lifestyle/experiencias/ranking-2026-las-10-mejores-ciudades-del-mundo-para-vivir-y-trabajar/,Elba Reyes,experiencias,10,13,76.9,🟡,False,True,True,True,True,False,,True,True,True,True,True,True,False
/technology/la-nueva-aduana-digital/,Elba Reyes,cover story,2,13,15.4,🔴,False,False,False,True,False,False,,False,False,False,False,False,True,False
/technology/cuando-comprar-un-iphone-en-2026-los-meses-en-que-el-15-pro-max-y-16-pro-max-bajan-de-precio/,Elba Reyes,technology,8,13,61.5,🟡,True,False,False,True,False,False,,True,True,True,True,False,True,True
/technology/devices/whatsapp-dejara-de-funcionar-en-estos-iphone-en-noviembre-2026-como-evitarlo/,Elba Reyes,devices,11,13,84.6,🟢,True,True,False,True,True,True,,True,True,True,True,False,True,True
/money-invest/daily-news/tribunal-constitucional-prohibe-a-juntas-de-vecinos-usar-drones-para-vigilar-residentes/,Andrea Mercedes,daily news,10,13,76.9,🟡,True,False,False,True,True,True,,True,True,True,True,True,True,False
/actualidad/luna-de-ciervo-2026-cuando-es-a-que-hora-verla-y-como-apreciarla-en-republica-dominicana/,Elba Reyes,actualidad,11,13,84.6,🟢,True,True,False,True,True,True,,True,True,True,True,False,True,True
/business/clip-como-una-fintech-encontro-su-mayor-mercado-en-una-economia-que-todavia-se-mueve-en-efectivo/,Ana Sosa,business,3,13,23.1,🔴,True,False,False,True,False,False,,False,False,False,False,False,True,False
/mercado-women/executive-profiles/maria-sol-messi-la-hermana-empresaria-de-lionel-messi/,Karime Rivas,executive profiles,8,13,61.5,🟡,True,True,False,True,False,False,,True,True,True,False,True,True,False
/money-invest/daily-news/promulgacion-codigo-penal-republica-dominicana-abinader/,Andrea Mercedes,daily news,10,13,76.9,🟡,True,True,False,True,True,False,,True,True,True,True,True,True,False
/money-invest/republica-dominicana/precio-del-dolar-hoy-en-republica-dominicana-este-miercoles-1-de-julio-de-2026/,Elba Reyes,república dominicana,9,13,69.2,🟡,True,False,False,True,True,True,,False,True,True,True,True,True,False
/empresas/sport-business/quien-ganara-el-mundial-2026-los-resultados-de-la-supercomputadora-tras-25000-simulaciones/,Elba Reyes,sport business,9,13,69.2,🟡,True,True,False,True,True,False,,True,True,True,True,False,True,False
/money-invest/daily-news/nuevos-horarios-en-los-centros-de-cedulacion-de-la-jce-conoce-cuando-entran-en-vigor/,Andrea Mercedes,daily news,10,13,76.9,🟡,True,True,False,True,True,False,,True,True,True,True,True,True,False
/money-invest/daily-news/tunel-plaza-bandera-inauguracion-abinader/,Andrea Mercedes,daily news,10,13,76.9,🟡,True,True,False,True,True,False,,True,True,True,True,True,True,False
/money-invest/daily-news/reino-unido-fifa-investigar-argentina-malvinas/,Andrea Mercedes,sport business,11,13,84.6,🟢,True,True,False,True,True,True,,True,True,True,True,True,True,False
/empresas/sport-business/por-que-hoy-no-hay-partidos-del-mundial-2026-esta-es-la-razon-y-cuando-vuelve-el-torneo/,Elba Reyes,sport business,9,13,69.2,🟡,True,False,False,True,True,False,,True,True,True,True,True,True,False
/money-invest/republica-dominicana/precio-del-dolar-hoy-en-republica-dominicana-este-lunes-27-de-julio-de-2026/,Elba Reyes,república dominicana,8,13,61.5,🟡,True,False,False,True,True,True,,False,True,True,True,False,True,False
/technology/devices/ocultar-numero-en-whatsapp-2026-como-funciona-el-nuevo-nombre-de-usuario/,Elba Reyes,devices,8,13,61.5,🟡,True,False,False,True,True,False,,True,True,True,True,False,True,False
/money-invest/daily-news/deficit-luz-republica-dominicana-plan-abinader-seni/,Andrea Mercedes,daily news,10,13,76.9,🟡,True,True,False,True,True,False,,True,True,True,True,True,True,False
/actualidad/resultados-de-la-loteria-nacional-del-jueves-6-de-mayo-de-2026/,Jhojhanni Fiorini,actualidad,5,13,38.5,🔴,False,True,False,True,False,False,,False,True,True,False,True,False,False
/money-invest/daily-news/elecciones-colombia-2026-en-vivo-resultados-segunda-vuelta/,Edwin Lozada,daily news,7,13,53.8,🔴,True,True,True,True,False,False,,True,True,False,False,False,True,False
/business/el-negocio-detras-del-gol-la-red-que-procesa-los-pagos-del-mundial/,Ana Sosa,business,3,13,23.1,🔴,False,False,False,True,True,False,,False,False,False,False,False,True,False
/money-invest/daily-news/trump-paga-indemnizacion-e-jean-carroll/,Andrea Mercedes,daily news,10,13,76.9,🟡,True,False,False,True,True,True,,True,True,True,True,True,True,False
/lifestyle/los-8-mejores-restaurantes-de-punta-cana-en-2026-segun-tripadvisor/,Elba Reyes,lifestyle,7,13,53.8,🔴,False,False,False,True,True,False,,True,True,True,True,False,True,False
/technology/el-iphone-18-no-sera-el-mas-caro-el-precio-del-plegable-de-apple-deja-atras-a-todos/,Jhojhanni Fiorini,technology,7,13,53.8,🔴,True,True,False,True,False,False,,True,True,True,False,False,True,False
/tecnologia/coinbase-supera-barrera-de-los-100-000-millones-de-dolares/,Karime Rivas,tecnología,7,13,53.8,🔴,False,True,False,True,True,False,,True,False,True,True,False,True,False
/money-invest/daily-news/green-cards-permisos-trabajo-estados-unidos/,Andrea Mercedes,daily news,10,13,76.9,🟡,True,True,False,True,True,False,,True,True,True,True,True,True,False
/money-invest/daily-news/paises-gasolina-mas-cara-barata-latinoamerica-posicion-rd/,Jhojhanni Fiorini,internacional,10,13,76.9,🟡,True,False,False,True,True,True,,True,True,True,True,True,True,False
/mercado-women/leadership/goergina-rodriguez-momoa/,Karime Rivas,leadership,8,13,61.5,🟡,True,False,False,True,True,False,,True,True,True,False,True,True,False
/empresas/sport-business/cosecha-historica-en-santo-domingo-2026-republica-dominicana-destaca-con-medallas-clave-en-los-juegos-centroamericanos/,Elba Reyes,sport business,10,13,76.9,🟡,True,True,False,True,True,True,,True,True,True,True,False,True,False
/empresas/sport-business/vozinha-triplica-su-salario-tras-brillar-en-el-mundial-2026-asi-fue-su-fichaje-por-colo-colo/,Miguel Vega,sport business,9,13,69.2,🟡,True,True,False,True,True,False,,True,True,True,False,False,True,True
/money-invest/daily-news/nueva-cedula-en-rd-donde-sacarla-y-en-cuales-centros-necesitas-cita/,Andrea Mercedes,daily news,7,13,53.8,🔴,False,True,False,True,True,True,,False,True,True,False,False,True,False
/turismo/el-ranking-de-turismo-2026-los-paises-de-america-latina-que-mas-crecieron-y-republica-dominicana-entre-los-lideres/,Jhojhanni Fiorini,turismo,6,13,46.2,🔴,True,False,False,True,True,False,,True,False,True,False,False,True,False
/lifestyle/ranking-marcas-lujo-mas-valiosas-2025/,Elba Reyes,lifestyle,7,13,53.8,🔴,True,False,False,True,True,False,,True,True,True,False,False,True,False
/empresas/estrategias-para-vender-joe-girard/,Gabriel Rico Albarrán,empresas,6,13,46.2,🔴,False,False,False,True,True,False,,True,True,True,False,False,True,False
/mercado-women/trends/hermes-lanza-mayor-coleccion-de-joyeria/,Karime Rivas,trends,10,13,76.9,🟡,True,True,False,True,True,True,,True,True,True,False,True,True,False
/money-invest/republica-dominicana/precio-del-dolar-hoy-en-republica-dominicana-este-jueves-2-de-julio-de-2026/,Elba Reyes,república dominicana,9,13,69.2,🟡,True,False,False,True,True,True,,False,True,True,True,False,True,True
/empresas/estas-son-las-44-empresas-dominicanas-mas-admiradas/,revistamercado,empresas,7,13,53.8,🔴,False,True,False,True,True,False,,True,True,False,False,True,True,False
/mercado-exchange/mejores-empresas-para-trabajar-region-norte-2026-liderazgo-para-el-futuro-del-trabajo/,Gabriel Rico Albarrán,daily news,11,13,84.6,🟢,True,True,False,True,True,True,,True,True,True,False,True,True,True
/mercado-women/leadership/marileidy-paulino-invicta-liga-diamante/,Karime Rivas,leadership,10,13,76.9,🟡,True,True,False,True,True,True,,True,True,True,False,True,True,False
/money-invest/daily-news/aumentaran-las-tarifas-del-transporte-publico-en-47-rutas-de-republica-dominicana-desde-el-lunes/,Andrea Mercedes,daily news,11,13,84.6,🟢,True,True,False,True,True,True,,True,True,True,True,True,True,False
/actualidad/obra-maestra-o-exceso-visual-las-criticas-de-la-odisea-el-nuevo-y-colosal-filme-de-christopher-nolan/,Elba Reyes,actualidad,9,13,69.2,🟡,True,True,False,True,True,False,,True,True,True,True,False,True,False
/technology/devices/como-sera-el-iphone-18-pro-hackeo-masivo-a-foxconn-expone-su-diseno-chip-y-nuevos-colores/,Jhojhanni Fiorini,devices,9,13,69.2,🟡,True,False,False,True,True,True,,True,True,True,False,False,True,True
/empresas/rd-inicia-expedicion-del-pasaporte-electronico-precio-requisitos-y-citas-disponibles/,Elba Reyes,empresas,9,13,69.2,🟡,True,False,False,True,True,False,,True,True,True,True,False,True,True
/empresas/sport-business/la-hora-de-la-verdad-podra-mexico-romper-finalmente-la-maldicion-del-quinto-partido-en-su-mundial/,Elba Reyes,sport business,9,13,69.2,🟡,True,False,False,True,True,False,,True,True,True,True,False,True,True
/money-invest/ranking-de-latinoamerica-de-paises-con-la-gasolina-mas-cara-y-mas-barata-en-febrero-de-2026/,Jhojhanni Fiorini,money invest,7,13,53.8,🔴,True,False,False,True,True,False,,True,True,True,False,False,True,False
/money-invest/republica-dominicana/precio-del-dolar-hoy-en-republica-dominicana-este-lunes-13-de-julio-de-2026/,Elba Reyes,república dominicana,9,13,69.2,🟡,True,False,False,True,True,True,,False,True,True,True,False,True,True
/money-invest/daily-news/calendario-de-pagos-superate-julio-2026-cuando-depositan-alimentate-bonogas-y-bonoluz/,Andrea Mercedes,daily news,10,13,76.9,🟡,True,True,False,True,True,False,,True,True,True,True,True,True,False
/lifestyle/experiencias/cual-es-la-zona-mas-lujosa-para-vivir-en-republica-dominicana-los-paraisos-inmobiliarios-mas-exclusivos/,Elba Reyes,experiencias,10,13,76.9,🟡,True,True,False,True,True,False,,True,True,True,True,False,True,True
/money-invest/daily-news/republica-dominicana-sale-mapa-hambre-fao-2026/,Andrea Mercedes,daily news,9,13,69.2,🟡,True,True,False,True,True,False,,True,True,True,True,False,True,False
/turismo/cuales-son-los-hoteles-mejor-valorados-en-punta-cana-hoy-la-lista-oficial-de-tripadvisor/,Elba Reyes,turismo,9,13,69.2,🟡,True,True,False,True,False,False,,True,True,True,True,False,True,True
/business/grupo-nutresa-que-vio-jaime-gilinski-en-helados-tio-rico-que-ya-no-encajaba-en-la-estrategia-de-unilever/,Ana Sosa,business,4,13,30.8,🔴,True,False,False,True,True,False,,False,False,False,False,False,True,False
/mercado-women/working-monthers/como-ana-botin-planifica-vida-personal-y-profesional/,Karime Rivas,working mothers,10,13,76.9,🟡,True,True,False,True,True,True,,True,True,True,False,True,True,False
/money-invest/daily-news/cuantos-tipos-de-cedula-hay-en-rd-y-que-cambia-en-cada-una/,Elba Reyes,daily news,10,13,76.9,🟡,False,True,False,True,True,True,,True,True,True,True,False,True,True
/money-invest/daily-news/que-hacer-en-caso-de-tsunami-en-republica-dominicana-segun-el-coe/,Elba Reyes,daily news,9,13,69.2,🟡,False,True,False,True,True,True,,True,True,True,True,False,True,False
/actualidad/proximos-partidos-mundial-2026-horarios/,Edwin Lozada,actualidad,5,13,38.5,🔴,False,True,False,True,True,False,,False,True,False,False,False,True,False
/money-invest/daily-news/venezuela-negocia-con-ee-uu-y-el-fmi-fondos-para-la-reconstruccion-tras-los-terremotos/,Gabriel Rico Albarrán,daily news,9,13,69.2,🟡,True,False,False,True,True,False,,True,True,True,True,False,True,True
/money-invest/daily-news/que-paso-en-el-cielo-de-venezuela-un-atardecer-rojo-genera-asombro-tras-los-sismos/,Andrea Mercedes,daily news,11,13,84.6,🟢,True,True,False,True,True,True,,True,True,True,True,True,True,False
/empresas/elon-musk-augura-que-el-dinero-no-importara-en-2036-por-el-avance-de-la-ia/,Jhojhanni Fiorini,empresas,11,13,84.6,🟢,True,True,False,True,True,True,,True,True,True,True,True,True,False
/lifestyle/experiencias/anillo-de-los-campeones-del-mundial-2026-cuanto-cuesta-y-de-que-esta-hecho-el-anillo-unico/,Elba Reyes,experiencias,10,13,76.9,🟡,True,True,False,True,True,False,,True,True,True,True,True,True,False
/actualidad/ranking-de-inflacion-en-latinoamerica-2026-cuales-son-los-paises-mas-caros-para-vivir/,Jhojhanni Fiorini,actualidad,10,13,76.9,🟡,True,False,False,True,True,True,,True,True,True,True,True,True,False
/lifestyle/el-mejor-ron-dominicano-y-los-8-rones-del-mundo-que-marcan-el-estandar-premium-segun-expertos/,Elba Reyes,lifestyle,9,13,69.2,🟡,True,True,False,True,True,False,,True,True,True,True,False,True,False
/money-invest/daily-news/cuales-son-las-provincias-bajo-alerta-por-lluvias-en-rd-pronostico-del-clima-por-el-paso-de-la-vaguada/,Andrea Mercedes,daily news,8,13,61.5,🟡,True,True,False,True,True,False,,True,True,True,False,False,True,False
/lifestyle/experiencias/de-robert-downey-jr-a-pedro-pascal-de-cuanto-es-la-fortuna-de-las-estrellas-de-avengers-doomsday/,Elba Reyes,experiencias,9,13,69.2,🟡,True,True,False,True,True,False,,True,True,True,True,False,True,False
/technology/devices/se-filtran-las-imagenes-de-la-samsung-galaxy-tab-s12-ultra-y-confirman-su-diseno-continuo/,Elba Reyes,devices,9,13,69.2,🟡,True,True,False,True,True,False,,True,True,True,True,False,True,False
/money-invest/daily-news/monorriel-de-santo-domingo-por-donde-pasara-estaciones-y-como-cambiara-el-trafico/,Andrea Mercedes,daily news,8,13,61.5,🟡,True,True,False,True,True,False,,True,True,True,False,False,True,False
/money-invest/daily-news/esta-aumentando-realmente-la-cantidad-de-terremotos-en-el-planeta-o-es-solo-una-percepcion-mediatica/,Andrea Mercedes,cambio climático,9,13,69.2,🟡,True,True,False,True,True,True,,True,True,True,False,False,True,False
/empresas/clara-la-fintech-que-convirtio-el-gasto-corporativo-en-infraestructura-financiera/,Ana Sosa,business,4,13,30.8,🔴,True,False,False,True,True,False,,False,False,False,False,False,True,False
/empresas/sport-business/los-contratos-de-imagen-de-messi-en-el-mundial-2026-adidas-apple-y-los-millones-en-juego/,Jhojhanni Fiorini,sport business,8,13,61.5,🟡,True,False,False,True,True,True,,True,True,True,False,False,True,False
/money-invest/daily-news/daily-news-terremoto-filipinas-hoy-mindanao-tsunami/,Edwin Lozada,daily news,8,13,61.5,🟡,True,True,False,True,False,True,,True,True,False,False,False,True,True
/money-invest/republica-dominicana/precio-del-dolar-hoy-en-republica-dominicana-este-martes-28-de-julio-de-2026/,Elba Reyes,república dominicana,9,13,69.2,🟡,True,False,False,True,True,True,,False,True,True,True,False,True,True
/lifestyle/los-10-mejores-restaurantes-de-santo-domingo-en-2026-segun-tripadvisor/,Jhojhanni Fiorini,lifestyle,8,13,61.5,🟡,True,False,False,True,True,False,,True,True,True,True,False,True,False
/money-invest/daily-news/cuales-son-los-paises-con-la-gasolina-mas-cara-y-barata-de-latinoamerica/,Jhojhanni Fiorini,internacional,10,13,76.9,🟡,True,False,False,True,True,True,,True,True,True,True,True,True,False
/money-invest/republica-dominicana/precio-del-dolar-hoy-en-republica-dominicana-este-miercoles-8-de-julio-de-2026/,Elba Reyes,república dominicana,8,13,61.5,🟡,True,False,False,True,True,True,,False,True,True,True,False,True,False
/empresas/brand-business/top-10-cervezas-mas-valiosas-del-mundo-en-2025/,Jhojhanni Fiorini,brand business,4,13,30.8,🔴,False,False,False,True,False,False,,True,False,True,False,False,True,False
/mercado-women/trends/actrices-de-la-odisea/,Karime Rivas,trends,7,13,53.8,🔴,True,True,False,True,False,False,,True,False,True,False,True,True,False
/money-invest/daily-news/rd-fue-el-primer-pais-en-enviar-rescatistas-a-venezuela-pero-tuvo-que-usar-una-ruta-diplomatica-insolita/,Andrea Mercedes,daily news,10,13,76.9,🟡,True,True,False,True,True,False,,True,True,True,True,True,True,False
/technology/devices/mas-de-80-celulares-ya-se-actualizan-a-android-17-verifica-si-el-tuyo-esta-en-la-lista-oficial/,Jhojhanni Fiorini,devices,9,13,69.2,🟡,True,False,False,True,True,True,,True,True,True,False,False,True,True
/business/el-efecto-spacex-que-buscan-los-inversionistas-en-los-proximos-grandes-ipo/,Ana Sosa,business,5,13,38.5,🔴,True,False,False,True,False,False,,True,True,False,False,False,True,False
/empresas/sport-business/fortuna-de-cristiano-ronaldo-en-2026-cuanto-dinero-tiene-el-futbolista/,Elba Reyes,sport business,10,13,76.9,🟡,True,False,False,True,True,False,,True,True,True,True,True,True,True
/mercado-women/leadership/monica-varela-exportacion-de-larimar/,Karime Rivas,leadership,10,13,76.9,🟡,True,True,False,True,True,True,,True,True,True,False,True,True,False
/technology/devices/cuales-son-los-nuevos-cambios-de-whatsapp-para-usuarios-de-iphone-ipad-y-carplay/,Elba Reyes,devices,9,13,69.2,🟡,True,True,False,True,True,False,,True,True,True,True,False,True,False
/money-invest/daily-news/tarifa-integrada-rd35-transporte-publico-rd/,Andrea Mercedes,daily news,9,13,69.2,🟡,True,False,False,True,True,False,,True,True,True,True,True,True,False
/money-invest/daily-news/el-nino-y-el-clima-extremo-advierten-que-la-temperatura-global-podria-superar-el-limite-de-los-2c/,Andrea Mercedes,cambio climático,10,13,76.9,🟡,True,True,False,True,True,False,,True,True,True,True,True,True,False
/actualidad/resultados-de-la-loteria-quiniela-real-del-jueves-16-julio-de-2026/,Elba Reyes,actualidad,5,13,38.5,🔴,False,False,False,True,False,True,,False,True,True,False,False,False,True
/money-invest/daily-news/elecciones-peru-2026-que-dice-la-ley-si-hay-empate-entre-keiko-fujimori-y-roberto-sanchez/,Andrea Mercedes,daily news,10,13,76.9,🟡,True,True,False,True,True,False,,True,True,True,True,True,True,False
/empresas/sport-business/juegos-centroamericanos-santo-domingo-2026-dominicanos-que-compiten-hoy-jueves-30-de-julio-de-2026/,Elba Reyes,sport business,8,13,61.5,🟡,True,True,False,True,False,False,,True,True,True,True,False,True,False
/money-invest/daily-news/por-que-esta-temblando-tanto-en-el-mundo-la-explicacion-cientifica-tras-el-terremoto-de-venezuela/,Elba Reyes,daily news,9,13,69.2,🟡,True,True,False,True,True,False,,True,True,True,True,False,True,False
/empresas/sport-business/mundial-2026-conoce-los-cruces-confirmados-de-los-octavos-de-final/,Elba Reyes,sport business,10,13,76.9,🟡,True,True,False,True,True,True,,True,True,True,True,False,True,False
/money-invest/daily-news/dominicanos-en-el-exterior-renovaran-su-cedula-desde-mayo-como-sacar-cita/,Elba Reyes,daily news,10,13,76.9,🟡,True,False,False,True,True,True,,True,True,True,True,False,True,True
/money-invest/daily-news/regulacion-de-rentas-cortas-en-republica-dominicana-claves-del-nuevo-marco-legal-y-fiscal/,Jhojhanni Fiorini,república dominicana,8,13,61.5,🟡,True,False,False,True,True,True,,True,True,True,False,False,True,False
/empresas/afectaron-los-terremotos-de-venezuela-la-produccion-de-petroleo-lo-que-dice-chevron-y-pdvsa/,Jhojhanni Fiorini,empresas,8,13,61.5,🟡,True,False,False,True,True,True,,True,True,True,False,False,True,False
/medihealth/salud/que-le-pasa-al-higado-si-comes-pina-todos-los-dias-esto-dicen-los-estudios-cientificos/,Elba Reyes,salud,9,13,69.2,🟡,True,False,False,True,True,False,,True,True,True,True,True,True,False
/money-invest/daily-news/cuanto-costara-reconstruir-venezuela-tras-el-terremoto-de-2026/,Andrea Mercedes,daily news,9,13,69.2,🟡,False,True,False,True,True,False,,True,True,True,True,True,True,False
/actualidad/santo-domingo-2026-mas-de-6000-atletas-disputaran-medallas-en-40-disciplinas-en-rd/,Elba Reyes,actualidad,10,13,76.9,🟡,True,True,False,True,True,False,,True,True,True,True,True,True,False
/technology/devices/como-activar-las-alertas-de-terremotos-de-google-en-tu-celular-android-paso-a-paso/,Elba Reyes,devices,10,13,76.9,🟡,True,True,False,True,True,True,,True,True,True,True,False,True,False
/technology/ciencia-y-espacio/nasa-desmiente-los-colores-en-la-luna-que-hay-detras-de-las-fotos-de-artemis-ii/,Elba Reyes,ciencia y espacio,8,13,61.5,🟡,True,False,False,True,False,False,,True,True,True,True,False,True,True
/empresas/juan-tomas-diaz-lider-de-proyectos-innovadores-por-y-para-los-dominicanos/,Gabriel Rico Albarrán,empresas,8,13,61.5,🟡,True,False,False,True,True,False,,True,True,True,True,False,True,False
/actualidad/resultados-de-la-loteria-quiniela-real-del-lunes-27-julio-de-2026/,Elba Reyes,actualidad,5,13,38.5,🔴,False,True,False,True,False,True,,False,True,True,False,False,False,False
/money-invest/daily-news/por-que-los-terremotos-de-venezuela-fueron-tan-destructivos-la-falla-que-llevaba-100-anos-sin-activarse/,Elba Reyes,daily news,9,13,69.2,🟡,True,True,False,True,True,False,,True,True,True,True,False,True,False
/technology/devices/como-recuperar-todas-tus-conversaciones-de-whatsapp-paso-a-paso-y-sin-perder-archivos/,Elba Reyes,devices,9,13,69.2,🟡,True,False,False,True,True,True,,True,True,True,True,False,False,True
/money-invest/republica-dominicana/precio-del-dolar-hoy-en-republica-dominicana-este-miercoles-15-de-julio-de-2026/,Elba Reyes,república dominicana,9,13,69.2,🟡,True,False,False,True,True,True,,False,True,True,True,True,True,False
/empresas/sport-business/imperio-de-negocios-en-que-invierten-messi-y-cristiano-en-2026/,Jhojhanni Fiorini,sport business,8,13,61.5,🟡,False,True,False,True,True,True,,True,True,True,False,False,True,False
/empresas/ranking-global-los-15-trabajos-mejor-pagados-del-mundo-en-2026/,Elba Reyes,empresas,6,13,46.2,🔴,False,True,False,True,False,False,,True,True,True,True,False,False,False
/actualidad/paises-reino-unido/,Gabriel Rico Albarrán,actualidad,5,13,38.5,🔴,False,False,False,True,False,False,,True,False,True,True,False,True,False
/technology/ciencia-y-espacio/eclipse-solar-y-lunar-en-agosto-que-dias-seran-y-por-que-se-consideran-un-punto-de-quiebre/,Elba Reyes,ciencia y espacio,8,13,61.5,🟡,True,False,False,True,False,False,,True,True,True,True,False,True,True
/money-invest/daily-news/mundial-64-paises-fifa-2030/,Andrea Mercedes,sport business,10,13,76.9,🟡,True,True,False,True,True,False,,True,True,True,True,True,True,False
/empresas/sport-business/los-10-jugadores-mas-caros-del-mundial-2026-valor-de-mercado-antes-del-debut/,Elba Reyes,sport business,9,13,69.2,🟡,True,False,False,True,True,False,,True,True,True,True,False,True,True
/money-invest/daily-news/mbappe-responde-a-insultos-racistas-de-senadora-paraguaya-en-el-mundial/,Andrea Mercedes,sport business,10,13,76.9,🟡,True,True,False,True,True,False,,True,True,True,True,True,True,False
/empresas/cuanto-gana-un-doctor-en-republica-dominicana-salarios-y-mercado-laboral-en-2026/,Jhojhanni Fiorini,empresas,8,13,61.5,🟡,True,False,False,True,True,False,,True,True,True,True,False,True,False
/actualidad/fallece-alex-bueno-a-los-62-anos-de-que-murio-una-de-las-voces-mas-emblematicas-del-merengue-y-la-bachata/,Elba Reyes,actualidad,10,13,76.9,🟡,True,True,False,True,True,False,,True,True,True,True,False,True,True
/money-invest/republica-dominicana/precio-del-dolar-hoy-en-republica-dominicana-este-viernes-17-de-julio-de-2026/,Elba Reyes,república dominicana,7,13,53.8,🔴,True,False,False,True,False,True,,False,True,True,True,False,True,False
/money-invest/republica-dominicana/precio-del-dolar-hoy-en-republica-dominicana-este-viernes-3-de-julio-de-2026/,Elba Reyes,república dominicana,8,13,61.5,🟡,True,False,False,True,True,True,,False,True,True,True,False,True,False
/money-invest/daily-news/protestas-en-venezuela-convocan-a-masiva-jornada-ciudadana-para-exigir-la-salida-del-gobierno/,Andrea Mercedes,daily news,10,13,76.9,🟡,True,True,False,True,True,False,,True,True,True,True,True,True,False
/empresas/esto-gana-un-ingeniero-en-republica-dominicana-en-2026-segun-el-mercado-laboral/,Elba Reyes,empresas,10,13,76.9,🟡,True,True,False,True,True,False,,True,True,True,True,True,True,False
/money-invest/daily-news/nueva-cedula-en-rd-genera-confusion-esto-significa-realmente-uno-de-sus-simbolos/,Elba Reyes,daily news,9,13,69.2,🟡,True,False,False,True,False,True,,True,True,True,True,False,True,True
/money-invest/republica-dominicana/precio-del-dolar-hoy-en-republica-dominicana-este-martes-7-de-julio-de-2026/,Elba Reyes,república dominicana,9,13,69.2,🟡,True,False,False,True,True,True,,False,True,True,True,False,True,True
/empresas/brand-content/resiliencia-para-crecer-juntos/,Darling Gil,brand content,2,13,15.4,🔴,False,False,False,True,False,False,,False,False,False,False,False,True,False
/empresas/estos-serian-los-paises-que-mas-creceran-en-latinoamerica-en-2026-y-2027-segun-el-banco-mundial/,Jhojhanni Fiorini,empresas,9,13,69.2,🟡,True,False,False,True,True,False,,True,True,True,True,True,True,False
/actualidad/resultados-de-la-loteria-quiniela-real-del-miercoles-01-junio-de-2026/,Elba Reyes,actualidad,4,13,30.8,🔴,False,False,False,True,False,True,,False,True,True,False,False,False,False
/actualidad/quien-ganara-el-mundial-2026-la-proyeccion-de-goldman-sachs-para-las-selecciones-latinoamericanas/,Elba Reyes,actualidad,9,13,69.2,🟡,True,True,False,True,True,False,,True,True,True,True,False,True,False
/actualidad/resultados-de-las-loterias-del-7-de-junio-de-2026-en-republica-dominicana/,Jhojhanni Fiorini,actualidad,5,13,38.5,🔴,True,False,False,True,False,False,,False,True,True,False,True,False,False
/technology/el-truco-para-recuperar-mensajes-eliminados-o-borrados-en-whatsapp-que-pocos-conocen/,Jhojhanni Fiorini,technology,7,13,53.8,🔴,True,False,False,True,False,False,,True,True,True,True,False,True,False
/technology/devices/nuevos-emojis-para-2027-conozca-los-8-disenos-que-llegaran-a-su-celular-y-que-significan/,Elba Reyes,devices,9,13,69.2,🟡,True,True,False,True,True,False,,True,True,True,True,False,True,False
/technology/devices/que-es-chatgpt-work-el-nuevo-agente-de-openai-impulsado-por-gpt-5-6-para-automatizar-tareas/,Elba Reyes,devices,11,13,84.6,🟢,True,True,False,True,True,False,,True,True,True,True,True,True,True
/empresas/esto-gana-una-enfermera-en-republica-dominicana-en-2026-segun-el-mercado-laboral/,Elba Reyes,empresas,8,13,61.5,🟡,True,False,False,True,True,False,,True,True,True,True,False,True,False
/money-invest/republica-dominicana/precio-del-dolar-hoy-en-republica-dominicana-este-viernes-24-de-julio-de-2026/,Elba Reyes,república dominicana,9,13,69.2,🟡,True,False,False,True,True,True,,False,True,True,True,False,True,True
/technology/senales-que-indican-que-alguien-accedio-a-tu-whatsapp-y-como-proteger-tu-cuenta/,Elba Reyes,technology,9,13,69.2,🟡,True,False,False,True,True,False,,True,True,True,True,True,True,False
/money-invest/daily-news/que-pasara-con-los-verifones-en-las-estaciones-de-combustibles-anadegas-mantiene-los-pagos-con-tarjeta/,Andrea Mercedes,daily news,10,13,76.9,🟡,True,True,False,True,True,False,,True,True,True,True,True,True,False
/actualidad/partidos-de-hoy-lunes-27-de-julio-del-2026-en-vivo-horarios-y-donde-ver-futbol/,Jhojhanni Fiorini,actualidad,7,13,53.8,🔴,True,False,False,True,True,True,,False,True,True,False,True,False,False
/medihealth/salud/cual-es-el-olor-que-ahuyenta-a-las-ratas-y-los-ratones-de-su-casa/,Jhojhanni Fiorini,salud,7,13,53.8,🔴,False,False,False,True,True,False,,True,True,True,False,False,True,True
/money-invest/daily-news/prediccion-goldman-sachs-mundial-2026-espana/,Andrea Mercedes,sport business,10,13,76.9,🟡,True,True,False,True,True,False,,True,True,True,True,True,True,False
/money-invest/los-paises-mas-endeudados-de-america-latina-en-2026-quien-lidera-la-crisis/,Jhojhanni Fiorini,money invest,7,13,53.8,🔴,True,False,False,True,True,False,,True,True,True,False,False,True,False
/lifestyle/que-convirtio-un-asiento-de-wimbledon-en-un-simbolo-de-estatus/,Ana Sosa,lifestyle,4,13,30.8,🔴,False,True,False,True,True,False,,False,False,False,False,False,True,False
/money-invest/republica-dominicana/precio-del-dolar-hoy-en-republica-dominicana-este-martes-14-de-julio-de-2026/,Elba Reyes,república dominicana,9,13,69.2,🟡,True,False,False,True,True,True,,False,True,True,True,False,True,True
/business/por-que-algunos-paises-consiguen-atraer-inversiones-que-otros-con-incentivos-similares-no-logran-captar/,Ana Sosa,business,4,13,30.8,🔴,True,False,False,True,True,False,,False,False,False,False,False,True,False
/money-invest/daily-news/los-paises-que-mas-ganaran-con-el-mundial-2026-turismo-tv-y-negocios-en-cifras/,Andrea Mercedes,sport business,10,13,76.9,🟡,True,True,False,True,True,False,,True,True,True,True,True,True,False
/business/por-que-america-latina-produce-tantos-unicornios/,Ana Sosa,business,3,13,23.1,🔴,False,True,False,True,False,False,,False,False,False,False,False,True,False
/business/globant-la-startup-argentina-a-la-que-la-fifa-confio-la-experiencia-digital-del-mundial-2026/,Ana Sosa,business,4,13,30.8,🔴,True,False,False,True,True,False,,False,False,False,False,False,True,False
/business/el-caso-kitkat-como-nestle-convirtio-un-robo-en-una-campana-premiada-en-cannes-lions/,Ana Sosa,business,6,13,46.2,🔴,True,False,True,True,True,False,,False,True,False,False,False,True,False
/actualidad/quien-ganara-el-mundial-2026-el-economista-que-nunca-falla-revela-a-su-favorito/,Elba Reyes,actualidad,11,13,84.6,🟢,True,True,False,True,False,True,,True,True,True,True,True,True,True
/cover-story/el-testigo-asi-nacio-el-medio-dominicano-que-investiga-con-inteligencia-artificial/,Elba Reyes,cover story,3,13,23.1,🔴,True,False,False,True,False,False,,False,False,False,False,False,True,False
/actualidad/resultados-de-leidsa-del-sabado-30-de-mayo-de-2026/,Elba Reyes,actualidad,7,13,53.8,🔴,False,True,False,True,True,False,,False,True,True,True,True,False,False
/money-invest/daily-news/reforma-policial-republica-dominicana-faride-raful/,Andrea Mercedes,daily news,10,13,76.9,🟡,True,True,False,True,True,False,,True,True,True,True,True,True,False
/technology/whatsapp-te-delata-asi-sabran-cuando-usas-la-app-sin-abrir-chats/,Elba Reyes,technology,8,13,61.5,🟡,False,True,False,True,True,False,,True,True,True,True,False,True,False
/empresas/estas-son-las-carreras-universitarias-mas-dificiles-segun-la-universidad-de-oxford/,Agatha Thomas,empresas,7,13,53.8,🔴,True,True,False,True,True,False,,True,False,True,False,False,False,True
/money-invest/daily-news/reforma-policial-rd-cambios-senado/,Andrea Mercedes,daily news,9,13,69.2,🟡,True,False,False,True,True,False,,True,True,True,True,True,True,False
/actualidad/resultados-de-leidsa-del-miercoles-6-de-mayo-de-2026/,Andrea Mercedes,actualidad,8,13,61.5,🟡,False,True,False,True,True,False,,False,True,True,True,True,False,True
/actualidad/el-truco-del-vinagre-para-saber-si-tus-joyas-son-de-oro-autentico/,Elba Reyes,actualidad,9,13,69.2,🟡,False,True,False,True,False,True,,True,True,True,True,False,True,True
/empresas/las-10-marcas-de-bebidas-mas-valiosas-del-mundo-en-2026-coca-cola-lidera-y-sorprende-el-ranking/,Elba Reyes,empresas,9,13,69.2,🟡,True,False,False,True,True,False,,True,True,True,True,False,True,True
/lifestyle/viajes/las-ciudades-que-siguen-dominando-el-turismo-global-en-2026/,Ana Sosa,viajes,6,13,46.2,🔴,False,False,False,True,True,False,,True,True,False,False,True,True,False
/mercado-women/ranking-las-mujeres-mas-poderosas-del-mundo-en-2026/,Elba Reyes,mercado women,7,13,53.8,🔴,False,True,False,True,True,False,,True,True,True,False,False,True,False
/money-invest/daily-news/javier-tebas-pide-renuncia-gianni-infantino-fifa/,Andrea Mercedes,sport business,10,13,76.9,🟡,True,True,False,True,True,False,,True,True,True,True,True,True,False
/empresas/sport-business/juegos-centroamericanos-santo-domingo-2026-dominicanos-que-compiten-hoy-jueves-31-de-julio-de-2026/,Edwin Lozada,sport business,8,13,61.5,🟡,True,True,False,True,True,False,,False,True,True,True,False,True,False
/empresas/donde-trabajar-en-el-extranjero-en-2026-los-10-paises-con-mejores-salarios/,Jhojhanni Fiorini,empresas,7,13,53.8,🔴,True,False,False,True,True,False,,True,True,True,False,False,True,False
/actualidad/resultados-de-leidsa-del-miercoles-3-de-junio-de-2026-2/,Andrea Mercedes,actualidad,8,13,61.5,🟡,False,True,False,True,True,False,,False,True,True,True,True,False,True
/actualidad/resultados-de-leidsa-del-miercoles-27-de-mayo-de-2026/,Andrea Mercedes,actualidad,8,13,61.5,🟡,False,True,False,True,True,False,,False,True,True,True,True,False,True
/lifestyle/copa-del-mundo-fifa-2026-de-que-esta-hecha-y-cuanto-vale-el-trofeo-mas-famoso-del-futbol/,Elba Reyes,lifestyle,9,13,69.2,🟡,True,False,False,True,True,False,,True,True,True,True,False,True,True
/empresas/sport-business/como-ver-el-mundial-2026-en-vivo-canales-oficiales-para-ver-los-104-partidos-desde-cualquier-pais/,Elba Reyes,sport business,9,13,69.2,🟡,True,False,False,True,True,False,,True,True,True,True,True,True,False
/money-invest/daily-news/funeral-del-lider-supremo-de-iran-clamor-de-venganza-enciende-alarmas-globales/,Andrea Mercedes,daily news,10,13,76.9,🟡,True,True,False,True,True,False,,True,True,True,True,True,True,False
/money-invest/daily-news/fallo-historico-en-rd-el-tribunal-constitucional-anula-el-decreto-que-regulaba-la-venta-de-bebidas-alcoholicas/,Andrea Mercedes,daily news,10,13,76.9,🟡,True,True,False,True,True,False,,True,True,True,True,True,True,False
/actualidad/resultados-de-la-loteria-nacional-de-este-viernes-16-de-mayo-de-2026/,Jhojhanni Fiorini,actualidad,5,13,38.5,🔴,False,False,False,True,False,False,,True,True,True,False,True,False,False
/empresas/hector-jose-rizek-sued-empresario-mecenas-y-representante-cultural-de-republica-dominicana/,Gabriel Rico Albarrán,empresas,10,13,76.9,🟡,True,False,False,True,True,True,,True,True,True,True,False,True,True
/actualidad/tiene-escena-postcreditos-spider-man-brand-new-day-explicacion-final/,Edwin Lozada,actualidad,8,13,61.5,🟡,True,True,False,True,True,False,,True,False,True,True,False,False,True
/technology/devices/un-truco-para-tener-todos-los-partidos-del-mundial-2026-en-tu-calendario-de-google/,Elba Reyes,devices,9,13,69.2,🟡,True,False,False,True,True,True,,True,True,True,True,False,True,False
/empresas/conviene-comprar-o-mantener-acciones-de-amazon-antes-de-la-presentacion-de-sus-resultados-trimestrales/,Jhojhanni Fiorini,empresas,10,13,76.9,🟡,True,True,False,True,True,True,,True,False,True,True,True,True,False
/technology/devices/no-tires-tu-dinero-los-unicos-telefonos-de-samsung-que-realmente-vale-la-pena-comprar-en-2026/,Elba Reyes,devices,10,13,76.9,🟡,True,True,True,True,True,False,,True,True,True,True,False,True,False
/technology/microsoft-integrara-amd-helios-en-azure-para-impulsar-la-inteligencia-artificial-y-competir-con-nvidia/,Rodrigo Muñoz,technology,6,13,46.2,🔴,True,False,False,True,True,False,,True,False,True,False,False,True,False
/empresas/jose-miguel-gonzalez-cuadra-el-empresario-que-hizo-de-jumbo-algo-mas-que-una-palabra/,Miguel Vega,empresas,10,13,76.9,🟡,False,True,False,True,False,True,,True,True,True,True,True,True,True
/money-invest/internacional-economia/paises-con-mejor-y-peor-reputacion-internacional-en-2026-segun-el-ranking-repcore-nations/,Jhojhanni Fiorini,internacional,7,13,53.8,🔴,True,False,False,True,True,True,,True,False,True,False,False,True,False
/actualidad/cerca-de-rd-cuando-y-donde-se-celebrara-la-final-de-miss-universo-2026/,Elba Reyes,actualidad,9,13,69.2,🟡,True,True,False,True,True,False,,True,True,True,True,False,True,False
/empresas/brand-content/la-revolucion-humana/,Darling Gil,brand content,2,13,15.4,🔴,False,False,False,True,False,False,,False,False,False,False,False,True,False
/actualidad/como-sacar-el-pasaporte-dominicano-por-primera-vez-en-2026-guia-y-requisitos/,Elba Reyes,actualidad,9,13,69.2,🟡,True,False,False,True,True,False,,True,True,True,True,False,True,True
/actualidad/resultados-de-leidsa-del-miercoles-10-de-junio-de-2026/,Andrea Mercedes,actualidad,8,13,61.5,🟡,False,True,False,True,True,False,,False,True,True,True,True,False,True
/empresas/sport-business/nadie-nos-regala-nada-la-polemica-frase-de-lionel-messi-tras-clasificar-a-la-final-del-mundial/,Elba Reyes,sport business,8,13,61.5,🟡,True,False,False,True,True,False,,True,True,True,True,False,True,False
/money-invest/daily-news/que-datos-guarda-realmente-el-chip-de-la-nueva-cedula-en-rd-tras-los-rumores-sobre-donacion-de-organos/,Elba Reyes,daily news,9,13,69.2,🟡,True,False,False,True,False,True,,True,True,True,True,False,True,True
/money-invest/daily-news/que-esta-pasando-en-la-frontera-de-ceuta-entre-espana-y-marruecos-por-la-llegada-de-migrantes/,Andrea Mercedes,daily news,10,13,76.9,🟡,True,True,False,True,True,True,,True,True,True,True,False,True,False
/lifestyle/experiencias/conciertos-en-republica-dominicana-la-cartelera-de-shows-que-no-te-puedes-perder-este-fin-de-semana/,Elba Reyes,experiencias,10,13,76.9,🟡,True,True,False,True,True,False,,True,True,True,True,True,True,False
/mercado-exchange/mejores-empresas-para-trabajar-region-norte-2026-el-nuevo-epicentro-del-liderazgo-humano-en-la-era-de-la-ia/,Darling Gil,mercado events,9,13,69.2,🟡,True,False,False,True,True,False,,True,True,True,False,True,True,True
/politica/que-cambio-en-peru-para-que-keiko-fujimori-ganara-la-presidencia-en-su-cuarto-intento/,Ana Sosa,política,4,13,30.8,🔴,True,False,False,True,True,False,,False,False,False,False,False,True,False
/money-invest/daily-news/inauguracion-paso-desnivel-plaza-bandera/,Andrea Mercedes,daily news,10,13,76.9,🟡,True,True,False,True,True,False,,True,True,True,True,True,True,False
/technology/apple-elimina-el-negro-en-el-iphone-18-pro-estos-serian-los-nuevos-colores/,Jhojhanni Fiorini,technology,7,13,53.8,🔴,True,False,False,True,True,False,,True,True,True,False,False,True,False
/money-invest/daily-news/donde-sera-la-final-del-mundial-2026-fecha-y-estadio-confirmado/,Andrea Mercedes,sport business,9,13,69.2,🟡,False,True,False,True,True,True,,True,True,True,True,False,True,False
/empresas/sport-business/cuantos-entrenadores-han-sido-despedidos-o-renunciaron-en-el-mundial-2026/,Elba Reyes,sport business,9,13,69.2,🟡,True,True,False,True,True,False,,True,True,True,True,False,True,False
/money-invest/republica-dominicana/cesantia-laboral-en-rd-cuanto-te-corresponde-segun-tu-salario-y-antiguedad/,Jhojhanni Fiorini,república dominicana,7,13,53.8,🔴,True,False,False,True,True,False,,True,True,True,False,False,True,False
/money-invest/daily-news/desaparecidos-por-el-terremoto-en-venezuela-2026-la-onu-estima-mas-de-50000-bajo-los-escombros/,Andrea Mercedes,daily news,11,13,84.6,🟢,True,True,False,True,True,True,,True,True,True,True,True,True,False
/money-invest/daily-news/cedulacion-en-rd-horarios-centros-24-horas-y-como-sacar-tu-cedula-rapido/,Andrea Mercedes,daily news,9,13,69.2,🟡,True,True,False,True,True,False,,True,True,True,True,False,True,False
/money-invest/daily-news/lista-de-aranceles-de-trump-los-60-paises-afectados-las-tarifas-impuestas-y-el-impacto-en-rd/,Jhojhanni Fiorini,internacional,8,13,61.5,🟡,True,False,False,True,True,True,,True,True,True,False,False,True,False
/mercado-exchange/mercado-media-network-estrena-su-primer-autoshow-en-un-mismo-escenario-con-vision-emprendedora-2026/,Gabriel Rico Albarrán,daily news,10,13,76.9,🟡,True,True,False,True,True,False,,False,True,True,True,True,True,True
/money-invest/ranking-paises-mas-competitivos-de-america-latina-en-2025/,Rodrigo Muñoz,money invest,7,13,53.8,🔴,False,True,False,True,True,False,,True,True,True,False,False,True,False
/actualidad/dolar-en-republica-dominicana-hoy-09-de-julio-de-2026-esta-es-la-tasa-oficial-de-compra-y-venta/,Jhojhanni Fiorini,actualidad,9,13,69.2,🟡,True,False,False,True,True,True,,False,True,True,False,True,True,True
/lifestyle/experiencias/conciertos-en-republica-dominicana-este-fin-de-semana-artistas-fechas-y-escenarios/,Elba Reyes,experiencias,12,13,92.3,🟢,True,True,True,True,True,True,,True,True,True,True,True,True,False
/money-invest/republica-dominicana/precio-del-dolar-hoy-en-republica-dominicana-este-viernes-10-de-julio-de-2026/,Elba Reyes,república dominicana,9,13,69.2,🟡,True,False,False,True,True,True,,False,True,True,True,False,True,True
/empresas/ranking-las-10-empresas-con-mas-empleados-en-el-mundo-en-2025/,Rodrigo Muñoz,empresas,6,13,46.2,🔴,False,True,False,True,True,False,,True,False,True,False,False,True,False
/actualidad/trailer-de-avengers-doomsday-que-personajes-vuelven-al-ucm-en-el-impactante-trailer-de-la-nueva-pelicula-de-los-vengadores/,Elba Reyes,actualidad,9,13,69.2,🟡,True,False,False,True,True,False,,True,True,True,True,True,True,False
/money-invest/daily-news/conflicto-diplomatico-nicaragua-republica-dominicana/,Andrea Mercedes,daily news,10,13,76.9,🟡,True,True,False,True,True,False,,True,True,True,True,True,True,False
/money-invest/daily-news/juicio-contra-nicolas-maduro-eeuu-junio-2027-3/,Andrea Mercedes,daily news,11,13,84.6,🟢,True,True,False,True,True,True,,True,True,True,True,True,True,False
/mercado-women/bengals-de-cincinnati-hermanas-blackburn/,Karime Rivas,mercado women,6,13,46.2,🔴,True,False,False,True,True,False,,True,False,False,False,True,True,False
/technology/artificial-intelligence/china-lanza-kimi-k3-la-ia-de-codigo-abierto-que-desafia-a-chatgpt-y-claude/,Rodrigo Muñoz,artificial intelligence,6,13,46.2,🔴,True,False,False,True,True,False,,True,False,True,False,False,True,False
/money-invest/daily-news/por-que-colapsaron-las-viviendas-publicas-en-venezuela-tras-el-terremoto/,Andrea Mercedes,daily news,9,13,69.2,🟡,True,False,False,True,True,False,,True,True,True,True,True,True,False
/actualidad/spider-man-un-nuevo-dia-aprueba-en-rotten-tomatoes-que-dice-la-critica-sobre-el-filme-de-tom-holland/,Elba Reyes,actualidad,10,13,76.9,🟡,True,True,False,True,True,False,,True,True,True,True,True,True,False
/actualidad/partidos-de-hoy-miercoles-29-de-julio-del-2026-en-vivo-horarios-y-donde-ver-futbol/,Jhojhanni Fiorini,actualidad,8,13,61.5,🟡,True,False,False,True,True,True,,True,True,True,False,True,False,False
/actualidad/resultados-de-la-loteria-quiniela-real-del-jueves-2-julio-de-2026/,Elba Reyes,actualidad,5,13,38.5,🔴,False,True,False,True,False,True,,False,True,True,False,False,False,False
/money-invest/daily-news/que-es-un-doblete-sismico-y-por-que-el-terremoto-de-venezuela-fue-tan-destructivo/,Elba Reyes,daily news,9,13,69.2,🟡,True,True,False,True,True,False,,True,True,True,True,False,True,False
/actualidad/resultados-de-la-loteria-quiniela-real-del-domingo-19-julio-de-2026/,Elba Reyes,actualidad,4,13,30.8,🔴,False,False,False,True,False,True,,False,True,True,False,False,False,False
/empresas/betterfly-y-los-glp-1-el-mercado-de-us307-000-millones-que-un-unicornio-latinoamericano-anticipo-antes-que-nadie/,Ana Sosa,empresas,4,13,30.8,🔴,True,False,False,True,True,False,,False,False,False,False,False,True,False
/lifestyle/viajes/poder-del-pasaporte-de-rd-en-2026-lista-de-paises-que-no-exigen-visa-a-dominicanos/,Elba Reyes,viajes,10,13,76.9,🟡,True,True,False,True,True,False,,True,True,True,True,False,True,True
/money-invest/ranking-paises-con-mayor-deuda-externa-en-america-latina-2025/,Rodrigo Muñoz,money invest,6,13,46.2,🔴,False,True,False,True,True,False,,True,False,True,False,False,True,False
/actualidad/resultados-de-la-loteria-del-25-de-mayo-2026-numeros-ganadores-de-nacional-leidsa-loteka-y-mas/,Jhojhanni Fiorini,actualidad,5,13,38.5,🔴,False,True,False,True,False,False,,False,True,True,False,True,False,False
/actualidad/resultados-de-la-loteria-quiniela-real-del-martes-7-julio-de-2026/,Elba Reyes,actualidad,5,13,38.5,🔴,False,True,False,True,False,True,,False,True,True,False,False,False,False
/money-invest/daily-news/el-costo-de-vivir-en-rd-subio-cuanto-mas-gasta-una-familia-dominicana-cada-mes-en-2026/,Andrea Mercedes,daily news,9,13,69.2,🟡,True,False,False,True,True,True,,True,True,True,True,False,True,False
/money-invest/internacional-economia/ranking-2026-de-los-paises-con-mas-submarinos-nucleares/,Jhojhanni Fiorini,internacional,9,13,69.2,🟡,False,True,False,True,True,False,,True,True,True,True,True,True,False
/money-invest/daily-news/terremotos-venezuela-victimas-mortales-rescate/,Andrea Mercedes,daily news,10,13,76.9,🟡,True,True,False,True,True,False,,True,True,True,True,True,True,False
/actualidad/resultados-de-la-loteria-nacional-del-domingo-3-de-mayo-de-2026/,Jhojhanni Fiorini,actualidad,5,13,38.5,🔴,False,True,False,True,False,False,,False,True,True,False,True,False,False
/money-invest/daily-news/cuanto-tiempo-duran-las-nuevas-cedulas-en-republica-dominicana-asi-cambia-la-vigencia-segun-tu-edad/,Elba Reyes,daily news,10,13,76.9,🟡,True,False,False,True,True,True,,True,True,True,True,False,True,True
/money-invest/daily-news/decreto-502-26-impacto-importaciones-rd/,Andrea Mercedes,daily news,11,13,84.6,🟢,True,True,False,True,True,True,,True,True,True,True,True,True,False
/actualidad/que-tan-grave-es-la-lesion-de-junior-caminero-resultados-de-los-estudios-medicos-tras-el-pelotazo-de-98-mph/,Elba Reyes,actualidad,11,13,84.6,🟢,True,True,False,True,True,False,,True,True,True,True,True,True,True
/money-invest/daily-news/nominaciones-a-los-premios-emmy-2026-lista-completa-de-las-series-nominadas-en-las-categorias-principales/,Andrea Mercedes,daily news,8,13,61.5,🟡,True,True,False,True,True,False,,True,True,True,False,False,True,False
/money-invest/daily-news/seis-meses-sin-elecciones-en-venezuela-terremotos-y-crisis-consolidan-la-incertidumbre-politica/,Andrea Mercedes,daily news,10,13,76.9,🟡,True,True,False,True,True,False,,True,True,True,True,True,True,False
/lifestyle/experiencias/los-10-mejores-hoteles-del-mundo-el-exclusivo-rincon-de-latinoamerica-que-conquisto-el-ranking/,Elba Reyes,hoteles,9,13,69.2,🟡,True,True,False,True,True,False,,True,True,True,True,False,True,False
/mercado-women/career/latinoamerica-industria-cosmetica/,Karime Rivas,career,9,13,69.2,🟡,True,True,False,True,True,False,,True,True,True,False,True,True,False
/empresas/sport-business/francia-vs-inglaterra-copa-del-mundo-2026-que-sigue-en-juego-en-el-partido-por-el-tercer-lugar/,Ana Sosa,sport business,3,13,23.1,🔴,True,False,False,True,False,False,,False,False,False,False,False,True,False
/actualidad/apagones-en-republica-dominicana-empeoran-con-el-calor-interrupciones-aumentaron-hasta-20-veces-al-mes-en-2026/,Andrea Mercedes,noticias rd,11,13,84.6,🟢,True,True,False,True,True,True,,True,True,True,True,True,True,False
/technology/devices/whatsapp-como-chatear-con-alguien-sin-agregar-su-numero-de-telefono/,Elba Reyes,devices,9,13,69.2,🟡,True,False,False,True,True,True,,True,True,True,True,False,True,False
/actualidad/resultados-de-la-loteria-nacional-del-domingo-26-de-abril-de-2026/,Jhojhanni Fiorini,actualidad,5,13,38.5,🔴,False,True,False,True,False,False,,False,True,True,False,True,False,False
/technology/whatsapp-deja-de-funcionar-en-estos-iphone-en-2026-lista-de-modelos-sin-soporte/,Agatha Thomas,technology,7,13,53.8,🔴,True,True,False,True,True,False,,True,False,True,False,False,False,True
/mercado-women/trends/basura-de-la-boda-de-taylor-swift-se-vende/,Karime Rivas,trends,9,13,69.2,🟡,True,True,False,True,True,False,,True,True,True,False,True,True,False
/empresas/los-10-millonarios-mas-ricos-de-latinoamerica-en-2026-asi-marchan-sus-fortunas-a-mitad-de-ano/,Jhojhanni Fiorini,empresas,8,13,61.5,🟡,True,False,False,True,True,True,,True,True,True,False,False,True,False
/empresas/ciencia-innovacion-y-atencion-personalizada-en-medicina-estetica/,Darling Gil,salud,3,13,23.1,🔴,False,True,False,True,False,False,,False,False,False,False,False,True,False
/money-invest/daily-news/conflicto-en-iran-y-el-petroleo-por-que-puede-subir-el-precio-de-la-gasolina-en-rd/,Jhojhanni Fiorini,república dominicana,8,13,61.5,🟡,True,False,False,True,True,True,,True,True,True,False,False,True,False
/mercado-women/executive-profiles/grace-schiodtz-uber-eats-mexico/,Karime Rivas,executive profiles,10,13,76.9,🟡,True,True,False,True,True,True,,True,True,True,False,True,True,False
/empresas/brand-content/equipos-que-perduran/,Darling Gil,brand content,2,13,15.4,🔴,False,False,False,True,False,False,,False,False,False,False,False,True,False
/empresas/sport-business/mundial-2026-haaland-enfrenta-a-inglaterra-el-pais-donde-nacio/,Miguel Vega,sport business,8,13,61.5,🟡,False,False,False,True,True,True,,True,True,True,False,False,True,True
/technology/devices/estrenos-en-streaming-de-julio-2026-las-series-y-peliculas-que-llegan-a-netflix-y-max-en-rd/,Elba Reyes,devices,7,13,53.8,🔴,True,False,False,True,True,False,,True,False,True,True,False,True,False
/actualidad/ranking-las-10-cosas-mas-caras-que-ha-creado-la-humanidad/,Jhojhanni Fiorini,actualidad,8,13,61.5,🟡,False,True,False,True,False,False,,True,True,True,True,True,True,False
/empresas/esto-gana-un-abogado-en-republica-dominicana-en-2026-segun-el-mercado-laboral/,Elba Reyes,empresas,8,13,61.5,🟡,True,False,False,True,True,False,,True,True,True,True,False,True,False
/lifestyle/los-10-relojes-mas-exclusivos-y-caros-del-mundo-en-2026/,Elba Reyes,lifestyle,10,13,76.9,🟡,False,True,False,True,True,False,,True,True,True,True,True,True,True
/money-invest/republica-dominicana/amazon-inicia-operaciones-en-republica-dominicana-todo-lo-que-debes-saber/,Rodrigo Muñoz,república dominicana,8,13,61.5,🟡,True,False,False,True,True,False,,True,True,True,True,False,True,False
/actualidad/resultados-de-la-loteria-nacional-del-viernes-1-de-mayo-de-2026/,Jhojhanni Fiorini,actualidad,6,13,46.2,🔴,False,True,False,True,False,False,,True,True,True,False,True,False,False
/empresas/sport-business/croacia-el-amuleto-de-la-suerte-para-portugal-en-el-mundial/,Gabriel Rico Albarrán,sport business,9,13,69.2,🟡,False,True,False,True,True,True,,True,True,True,False,False,True,True
/money-invest/daily-news/temblor-las-terrenas-siete-sismos-adicionales/,Andrea Mercedes,daily news,9,13,69.2,🟡,True,True,False,True,True,False,,False,True,True,True,True,True,False
/actualidad/cuanto-recaudo-la-pelicula-de-moana-en-su-estreno-las-cifras-de-su-tibio-debut-en-cines/,Elba Reyes,actualidad,8,13,61.5,🟡,True,False,False,True,True,False,,True,True,True,True,False,True,False
/technology/devices/como-funciona-la-nueva-herramienta-de-whatsapp-para-chatear-con-alguien-sin-pedirle-su-numero/,Elba Reyes,devices,9,13,69.2,🟡,True,False,False,True,True,False,,True,True,True,True,True,True,False
/money-invest/daily-news/us-13000-millones-petroleo-venezolano-estados-unidos/,Andrea Mercedes,daily news,9,13,69.2,🟡,True,False,False,True,True,False,,True,True,True,True,True,True,False
/empresas/gestion/como-redactar-un-informe-de-experimento-guia-completa-2024/,Jhojhanni Fiorini,gestión,8,13,61.5,🟡,False,True,False,True,True,False,,True,False,True,False,True,True,True
/technology/devices/netflix-dejara-de-funcionar-en-estos-televisores-y-celulares-desde-junio-de-2026/,Elba Reyes,devices,10,13,76.9,🟡,True,True,False,True,True,True,,True,True,True,True,False,True,False
/actualidad/calendario-lunar-2026-los-dias-que-debes-evitar-para-cortarte-el-cabello/,Jhojhanni Fiorini,actualidad,8,13,61.5,🟡,True,False,False,True,True,False,,True,True,True,False,False,True,True
/money-invest/daily-news/video-el-volcan-etna-entra-en-erupcion-en-sicilia-cierran-aeropuertos-por-la-ceniza/,Andrea Mercedes,daily news,11,13,84.6,🟢,True,True,False,True,True,True,,True,True,True,True,True,True,False
/money-invest/daily-news/presupuesto-republica-dominicana-2027/,Andrea Mercedes,daily news,11,13,84.6,🟢,True,True,False,True,True,True,,True,True,True,True,True,True,False
/lifestyle/si-tu-apellido-esta-en-esta-lista-tu-origen-es-espanol/,Jhojhanni Fiorini,lifestyle,8,13,61.5,🟡,False,True,False,True,True,False,,True,True,True,False,False,True,True
/money-invest/daily-news/por-que-esta-cayendo-el-dolar-en-america-latina-y-hasta-cuando-continuara-depreciandose/,Andrea Mercedes,daily news,10,13,76.9,🟡,True,True,False,True,True,False,,True,True,True,True,True,True,False
/technology/whatsapp-el-truco-para-no-aparecer-en-linea-y-proteger-tu-privacidad/,Elba Reyes,technology,9,13,69.2,🟡,False,False,False,True,True,False,,True,True,True,True,True,True,True
/mercado-women/trends/rosalia-en-el-mundial-2026-la-inesperada-propuesta-de-aitana-a-la-fifa-tras-el-pase-de-espana-a-la-final/,Elba Reyes,trends,10,13,76.9,🟡,True,True,False,True,True,False,,True,True,True,True,True,True,False
/mercado-exchange/victor-corniel-ia-y-medicina/,Karime Rivas,mercado events,6,13,46.2,🔴,True,False,False,True,True,False,,True,True,False,False,False,True,False
/money-invest/daily-news/sismo-magnitud-74-mexico-chiapas-epicentro/,Andrea Mercedes,daily news,9,13,69.2,🟡,True,True,False,True,True,False,,True,True,True,True,False,True,False
/technology/devices/celulares-que-se-quedan-sin-whatsapp-el-1-de-julio-2026-lista-completa/,Jhojhanni Fiorini,devices,8,13,61.5,🟡,True,False,False,True,True,True,,True,True,True,False,False,True,False
/turismo/esto-son-los-lugares-mas-seguros-para-vivir-en-republica-dominicana-en-2026/,Elba Reyes,turismo,10,13,76.9,🟡,True,True,False,True,True,False,,True,True,True,True,False,True,True
/actualidad/cuando-empieza-el-torneo-de-beisbol-lidom-2026-2027-ya-hay-fecha-oficial/,Elba Reyes,actualidad,10,13,76.9,🟡,True,True,False,True,True,False,,True,True,True,True,False,True,True
/mercado-women/leadership/lina-garcia-insta-a-gestionar-empresas-con-vision-y-estrategia/,Karime Rivas,leadership,8,13,61.5,🟡,True,True,False,True,False,False,,True,True,True,False,True,True,False
/money-invest/daily-news/nayib-bukele-reeleccion-elecciones-2027-el-salvador/,Andrea Mercedes,daily news,9,13,69.2,🟡,True,False,False,True,True,False,,True,True,True,True,True,True,False
/money-invest/daily-news/que-debes-saber-sobre-las-pruebas-nacionales-2026-y-cuando-son-en-republica-dominicana/,Andrea Mercedes,daily news,10,13,76.9,🟡,True,True,False,True,True,False,,True,True,True,True,True,True,False
/business/como-china-utiliza-la-inteligencia-artificial-de-codigo-abierto-para-ganar-influencia-global/,Ana Sosa,business,6,13,46.2,🔴,True,False,False,True,True,False,,True,True,False,False,False,True,False
/actualidad/de-17-a-43-anos-los-jugadores-mas-jovenes-y-mas-viejos-del-mundial-2026/,Elba Reyes,actualidad,9,13,69.2,🟡,True,True,False,True,True,False,,True,True,True,True,False,True,False
/mercado-women/leadership/sandra-ortega-mayor-heredera-de-inditex-enfrenta-a-su-gestor/,Karime Rivas,leadership,9,13,69.2,🟡,True,True,False,True,True,False,,True,True,True,False,True,True,False
/money-invest/republica-dominicana/precio-del-dolar-hoy-en-republica-dominicana-este-lunes-20-de-julio-de-2026/,Elba Reyes,república dominicana,8,13,61.5,🟡,True,False,False,True,True,True,,False,True,True,True,False,True,False
/money-invest/republica-dominicana/cuanto-cuesta-sacar-la-licencia-en-republica-dominicana/,Jhojhanni Fiorini,república dominicana,7,13,53.8,🔴,False,True,False,True,True,False,,True,True,True,False,False,True,False
/money-invest/daily-news/mundial-2030-64-equipos-conmebol-fifa/,Andrea Mercedes,sport business,10,13,76.9,🟡,True,True,False,True,True,False,,True,True,True,True,True,True,False
/money-invest/ranking-del-salario-minimo-en-latinoamerica-en-2026/,Jhojhanni Fiorini,money invest,8,13,61.5,🟡,False,True,False,True,True,False,,True,True,True,True,False,True,False
/medihealth/salud/10-vitaminas-y-suplementos-que-ayudan-a-bajar-el-colesterol/,Elba Reyes,salud,10,13,76.9,🟡,False,True,False,True,True,False,,True,True,True,True,True,True,True
/money-invest/republica-dominicana/precio-del-dolar-hoy-en-republica-dominicana-este-miercoles-22-de-julio-de-2026/,Elba Reyes,república dominicana,9,13,69.2,🟡,True,False,False,True,True,True,,False,True,True,True,False,True,True
/technology/como-quitar-meta-ai-de-whatsapp-y-que-puedes-hacer-para-limitarla/,Elba Reyes,technology,8,13,61.5,🟡,False,True,False,True,True,False,,True,True,True,True,False,True,False
/actualidad/resultados-de-la-loteria-nacional-de-este-miercoles-20-de-mayo-de-2026/,Jhojhanni Fiorini,actualidad,6,13,46.2,🔴,True,False,False,True,False,False,,True,True,True,False,True,False,False
/actualidad/francia-vs-marruecos-en-vivo-horario-canales-de-tv-y-donde-ver-los-cuartos-de-final-del-mundial-2026/,Jhojhanni Fiorini,actualidad,8,13,61.5,🟡,True,False,False,True,True,True,,False,True,True,False,True,False,True
/mercado-women/la-princesa-leonor-termina-su-formacion-militar-y-recibe-la-gran-cruz-del-merito-aeronautico/,Elba Reyes,mercado women,9,13,69.2,🟡,True,False,True,True,True,False,,True,True,True,True,False,True,False
/money-invest/daily-news/cuales-son-los-paises-con-peor-trafico-en-latinoamerica-el-ranking-de-los-minutos-perdidos-al-dia/,Jhojhanni Fiorini,internacional,11,13,84.6,🟢,True,True,False,True,True,True,,True,True,True,True,True,True,False
/actualidad/estos-son-los-terremotos-mas-intensos-de-la-historia/,Rodrigo Muñoz,actualidad,5,13,38.5,🔴,False,True,False,True,True,False,,True,False,True,False,False,False,False
/empresas/los-8-medicos-empresarios-mas-ricos-del-mundo/,Jhojhanni Fiorini,empresas,7,13,53.8,🔴,False,False,False,True,True,False,,True,True,True,False,True,True,False
/lifestyle/experiencias/papa-andres-un-tributo-al-arte-del-ron-premium/,Rodrigo Muñoz,experiencias,4,13,30.8,🔴,False,False,False,True,False,False,,True,False,True,False,False,True,False
/money-invest/internacional-economia/ingles-en-latinoamerica-los-paises-con-mejor-nivel-y-quien-queda-atras/,Elba Reyes,internacional,8,13,61.5,🟡,True,False,False,True,True,False,,True,True,True,True,False,True,False
/lifestyle/los-10-paises-con-las-playas-mas-limpias-del-mundo-este-es-el-unico-destino-en-latam-que-destaca/,Andrea Mercedes,viajes,10,13,76.9,🟡,True,True,False,True,True,False,,True,True,True,True,True,True,False
/actualidad/por-que-perdio-republica-dominicana-ante-estados-unidos-en-baloncesto-las-claves-del-partido/,Elba Reyes,actualidad,10,13,76.9,🟡,True,True,False,True,True,False,,True,True,True,True,True,True,False
/technology/devices/whatsapp-el-truco-oficial-para-cambiar-de-numero-sin-perder-tus-chats-ni-grupos/,Elba Reyes,devices,8,13,61.5,🟡,True,False,False,True,True,False,,True,True,True,True,False,True,False
/money-invest/daily-news/alerta-sanitaria-en-ee-uu-mas-de-100-contagiados-por-norovirus-en-un-crucero-de-california/,Andrea Mercedes,salud,10,13,76.9,🟡,True,True,False,True,True,False,,True,True,True,True,True,True,False
/actualidad/resultados-de-la-loteria-nacional-del-lunes-11-de-mayo-de-2026/,Jhojhanni Fiorini,actualidad,5,13,38.5,🔴,False,True,False,True,False,False,,False,True,True,False,True,False,False
/lifestyle/ranking-las-10-ciudades-mas-caras-para-vivir-con-lujo-en-2025/,Rodrigo Muñoz,lifestyle,7,13,53.8,🔴,False,True,False,True,True,False,,True,True,True,False,False,True,False
/money-invest/daily-news/china-y-rusia-concluyen-maniobras-navales-y-despliegan-fuerzas-hacia-el-pacifico/,Gabriel Rico Albarrán,daily news,11,13,84.6,🟢,True,True,False,True,True,True,,True,True,True,True,False,True,True
/empresas/brand-content/grow-here-go-further/,Darling Gil,brand content,2,13,15.4,🔴,False,False,False,True,False,False,,False,False,False,False,False,True,False
/lifestyle/los-10-mejores-paises-para-vivir-en-2026-segun-calidad-de-vida-salud-y-seguridad/,Jhojhanni Fiorini,lifestyle,8,13,61.5,🟡,True,False,False,True,True,False,,True,True,True,False,False,True,True
/money-invest/daily-news/paises-mas-visitados-latinoamerica-ranking-impacto-economico-turismo-atracciones-2024/,Jhojhanni Fiorini,internacional,10,13,76.9,🟡,True,True,False,True,True,True,,True,True,True,True,False,True,False
/vision-emprendedora/rafael-bisono-el-padre-de-la-vivienda-economica-en-republica-dominicana/,Miguel Vega,visión emprendedora,9,13,69.2,🟡,True,True,False,True,True,False,,True,False,True,False,True,True,True
/money-invest/republica-dominicana/precio-del-dolar-hoy-en-republica-dominicana-este-jueves-16-de-julio-de-2026/,Elba Reyes,república dominicana,9,13,69.2,🟡,True,False,False,True,True,True,,False,True,True,False,True,True,True
/money-invest/daily-news/terremoto-en-venezuela-2026-en-vivo-ultima-hora-de-muertos-desaparecidos-y-replicas/,Andrea Mercedes,daily news,10,13,76.9,🟡,True,True,False,True,True,False,,True,True,True,True,True,True,False
/construccion/infraestructura/ranking-las-8-ciudades-latinoamericanas-con-mas-trafico-en-2025/,Rodrigo Muñoz,infraestructura,5,13,38.5,🔴,False,True,False,True,False,False,,True,False,True,False,False,True,False
/money-invest/daily-news/final-del-mundial-2026-rompe-record-de-audiencia-con-63-millones-de-espectadores-en-ee-uu/,Gabriel Rico Albarrán,daily news,9,13,69.2,🟡,True,False,False,True,True,True,,False,True,True,True,False,True,True
/money-invest/daily-news/la-union-europea-fortalecera-su-alianza-con-la-asean-con-nuevos-acuerdos-estrategicos-en-vietnam-filipinas-e-indonesia/,Gabriel Rico Albarrán,daily news,10,13,76.9,🟡,True,True,False,True,True,True,,True,True,True,False,False,True,True
/technology/devices/como-activar-el-identificador-de-android-para-saber-quien-llama-sin-responder/,Elba Reyes,devices,11,13,84.6,🟢,True,True,False,True,True,False,,True,True,True,True,True,True,True
/money-invest/daily-news/mbappe-goleador-del-mundial-2026-y-maximo-artillero-historico-con-22-tantos/,Gabriel Rico Albarrán,daily news,11,13,84.6,🟢,True,True,False,True,True,True,,True,True,True,True,False,True,True
/business/elon-musk-tendra-que-esperar-un-ano-para-vender-acciones-de-spacex/,Ana Sosa,business,3,13,23.1,🔴,False,False,False,True,False,False,,False,True,False,False,False,True,False
/actualidad/resultados-de-la-loteria-quiniela-real-del-lunes-22-junio-de-2026/,Elba Reyes,actualidad,5,13,38.5,🔴,False,True,False,True,False,True,,False,True,True,False,False,False,False
/empresas/las-7-mejores-ideas-de-ingresos-pasivos-para-ganar-dinero-en-2026/,Jhojhanni Fiorini,empresas,7,13,53.8,🔴,False,True,False,True,True,False,,True,True,True,False,False,True,False
/actualidad/resultados-de-la-loteria-nacional-del-martes-24-de-marzo-de-2026/,Jhojhanni Fiorini,actualidad,4,13,30.8,🔴,False,False,False,True,False,False,,False,True,True,False,True,False,False
/money-invest/los-paises-con-mejor-educacion-del-mundo-segun-la-ocde/,Elba Reyes,money invest,9,13,69.2,🟡,False,True,False,True,True,False,,True,True,True,True,False,True,True
/money-invest/universidades-mas-caras-del-mundo-2026-cuanto-cuesta-estudiar/,Edwin Lozada,money invest,7,13,53.8,🔴,True,False,False,True,True,False,,True,True,True,False,False,True,False
/empresas/sport-business/asi-se-jugaran-los-16avos-de-final-del-mundial-2026-fechas-y-horarios/,Elba Reyes,sport business,10,13,76.9,🟡,True,True,False,True,True,True,,True,True,True,True,False,True,False
/empresas/las-empresas-de-america-latina-aumentan-15-el-pago-de-dividendos-en-2026-y-el-impacto-en-rd/,Jhojhanni Fiorini,empresas,9,13,69.2,🟡,True,False,False,True,True,True,,True,True,True,True,False,True,False
/money-invest/republica-dominicana/cambio-de-cedula-en-republica-dominicana-como-actualizar-direccion-estado-civil-y-ocupacion/,Jhojhanni Fiorini,república dominicana,7,13,53.8,🔴,True,False,False,True,True,False,,True,True,True,False,False,True,False
/money-invest/republica-dominicana/el-nuevo-codigo-penal-de-republica-dominicana-que-cambio-y-que-se-quedo-afuera/,Rodrigo Muñoz,república dominicana,8,13,61.5,🟡,True,False,True,True,True,False,,True,True,True,False,True,False,False
/business/por-que-ibm-pone-a-prueba-su-inteligencia-artificial-en-wimbledon-antes-de-llevarla-a-las-empresas/,Ana Sosa,business,4,13,30.8,🔴,True,False,False,True,True,False,,False,True,False,False,False,False,False
/money-invest/daily-news/temblor-de-5-0-en-rd-donde-ocurrio-y-que-zonas-sintieron-el-movimiento/,Andrea Mercedes,daily news,9,13,69.2,🟡,True,True,False,True,True,True,,False,True,True,False,True,True,False
/money-invest/daily-news/records-espana-campeona-mundial-2026/,Edwin Lozada,sport business,5,13,38.5,🔴,False,False,False,True,False,False,,True,True,False,False,True,True,False
/mercado-women/trends/atletas-favoritas-de-los-juegos-centroamericanos/,Karime Rivas,trends,9,13,69.2,🟡,True,True,False,True,True,False,,True,True,True,False,True,True,False
/empresas/sport-business/estos-son-los-equipos-mas-valiosos-de-la-mlb-en-2026-y-cuanto-valen/,Elba Reyes,sport business,7,13,53.8,🔴,False,False,False,True,True,False,,True,True,True,True,False,False,True
/technology/devices/nombres-de-usuario-en-whatsapp-2026-como-crear-el-tuyo-y-ocultar-tu-numero/,Elba Reyes,devices,10,13,76.9,🟡,True,True,False,True,True,True,,True,True,True,True,False,True,False
/money-invest/daily-news/espana-campeona-mundial-2026-argentina-ferran-torres/,Edwin Lozada,sport business,5,13,38.5,🔴,False,False,False,True,False,False,,True,True,False,False,True,True,False
/money-invest/daily-news/como-afectara-el-retiro-de-los-verifones-en-las-gasolineras-de-rd-el-impacto-en-los-consumidores/,Andrea Mercedes,daily news,10,13,76.9,🟡,True,True,False,True,True,False,,True,True,True,True,True,True,False
/empresas/sport-business/ruben-vargas-hizo-historia-el-primer-dominicano-en-marcar-un-gol-en-una-copa-del-mundo/,Elba Reyes,sport business,9,13,69.2,🟡,True,True,False,True,True,False,,True,True,True,True,False,True,False
/actualidad/se-vera-el-eclipse-solar-de-agosto-de-2026-en-republica-dominicana-fechas-y-horarios-oficiales/,Elba Reyes,actualidad,13,13,100.0,🟢,True,True,True,True,True,True,,True,True,True,True,True,True,True
/actualidad/quien-ganara-el-mundial-2026-el-ranking-de-favoritos-a-un-mes-del-debut/,Elba Reyes,actualidad,9,13,69.2,🟡,True,False,False,True,True,True,,True,True,True,True,False,True,False
/business/peter-thiel-y-los-lideres-tecnologicos-que-mantienen-a-sus-hijos-lejos-de-las-pantallas/,Ana Sosa,business,3,13,23.1,🔴,True,False,False,True,False,False,,False,True,False,False,False,False,False
/money-invest/daily-news/republica-dominicana-condena-daniel-ortega-nicaragua-responde/,Andrea Mercedes,daily news,9,13,69.2,🟡,True,True,False,True,True,False,,True,True,True,True,False,True,False
/technology/artificial-intelligence/openai-revela-que-su-modelo-de-ia-ejecuto-un-ciberataque-autonomo-a-otra-empresa/,Jhojhanni Fiorini,artificial intelligence,9,13,69.2,🟡,True,False,False,True,True,True,,True,True,True,True,False,True,False
/money-invest/daily-news/iran-planeaba-asesinar-trump-inteligencia-israel/,Andrea Mercedes,daily news,9,13,69.2,🟡,True,False,False,True,True,False,,True,True,True,True,True,True,False
/empresas/sport-business/espana-belgica-cuartos-mundial-2026-claves-duelo/,Miguel Vega,sport business,7,13,53.8,🔴,False,False,False,True,True,False,,True,True,True,False,True,True,False
/lifestyle/mercadoteca/los-mejores-libros-para-comprender-el-poder/,Rodrigo Muñoz,mercadoteca,6,13,46.2,🔴,False,False,False,True,True,False,,True,False,True,False,True,True,False
/money-invest/republica-dominicana/precio-del-dolar-hoy-en-republica-dominicana-este-jueves-30-de-julio-de-2026/,Elba Reyes,república dominicana,9,13,69.2,🟡,True,False,False,True,True,True,,False,True,True,True,False,True,True
/money-invest/ranking-de-los-paises-mas-productivos-de-latinoamerica/,Jhojhanni Fiorini,money invest,8,13,61.5,🟡,False,True,False,True,True,False,,True,True,True,False,False,True,True
/empresas/sport-business/quien-sera-el-campeon-del-mundial-2026-esto-predijo-una-supercomputadora-tras-simular-10000-partidos/,Elba Reyes,sport business,9,13,69.2,🟡,True,True,False,True,True,False,,True,True,True,True,False,True,False
/empresas/sport-business/lamine-yamal-afirma-que-francia-no-le-tiene-miedo-a-ninguna-seleccion/,Gabriel Rico Albarrán,sport business,10,13,76.9,🟡,False,True,False,True,True,True,,True,True,True,True,False,True,True
/medihealth/4-principios-para-cultivar-una-tolerancia-que-beneficie-la-salud/,pferreras,medihealth,6,13,46.2,🔴,False,True,False,True,True,False,,False,False,True,True,False,True,False
/money-invest/daily-news/empleados-publicos-saldran-temprano-juegos-centroamericanos-2026/,Andrea Mercedes,sport business,9,13,69.2,🟡,True,True,False,True,True,False,,True,True,True,True,False,True,False
/turismo/cuando-es-mejor-viajar-a-punta-cana-la-guia-por-temporadas-para-pagar-menos-y-disfrutar-mas/,Elba Reyes,turismo,9,13,69.2,🟡,True,True,False,True,True,False,,True,True,True,True,False,True,False
/empresas/los-dos-paises-de-america-latina-que-seran-potencias-mundiales-en-2075-segun-goldman-sachs/,Jhojhanni Fiorini,empresas,10,13,76.9,🟡,True,True,False,True,True,True,,True,True,True,True,False,True,False
/empresas/como-hacen-dinero-los-millonarios-7-claves-practicas-para-latinos/,Elba Reyes,empresas,9,13,69.2,🟡,False,False,False,True,True,False,,True,True,True,True,True,True,True
/internacional/rusia-lanza-un-ataque-masivo-contra-fabricas-militares-y-puertos-de-ucrania/,Miguel Vega,actualidad,9,13,69.2,🟡,True,False,False,True,True,False,,True,True,True,True,False,True,True
/money-invest/daily-news/el-futbol-no-esta-en-venta-la-uefa-estalla-contra-la-fifa-por-su-plan-de-privatizar-parte-del-mundial/,Elba Reyes,sport business,11,13,84.6,🟢,True,True,False,True,True,False,,True,True,True,True,True,True,True
/money-invest/daily-news/cuantos-edificios-fueron-danados-por-los-terremotos-en-venezuela-la-nasa-tiene-una-estimacion/,Andrea Mercedes,daily news,10,13,76.9,🟡,True,True,False,True,True,False,,True,True,True,True,True,True,False
/money-invest/daily-news/ucrania-golpea-refinerias-rusas-en-los-urales-y-a-orillas-del-mar-negro/,Gabriel Rico Albarrán,daily news,9,13,69.2,🟡,True,True,False,True,True,True,,False,True,True,True,False,True,False
/lifestyle/viajes/donde-viven-los-dominicanos-en-el-exterior-los-datos-del-nuevo-registro-sociodemografico-2026/,Elba Reyes,viajes,9,13,69.2,🟡,True,True,False,True,True,False,,True,True,True,True,False,True,False
/technology/devices/nueva-funcion-de-voz-en-chatgpt-la-tecnologia-conversacional-que-imita-el-habla-humana/,Elba Reyes,devices,9,13,69.2,🟡,True,True,False,True,True,False,,True,True,True,True,False,True,False
/money-invest/republica-dominicana/pasaporte-dominicano-en-el-global-passport-index-2026-que-puesto-ocupa-y-a-cuantos-paises-entra-sin-visa/,Jhojhanni Fiorini,república dominicana,9,13,69.2,🟡,True,False,False,True,True,True,,True,True,True,False,False,True,True
/lifestyle/experiencias/republica-dominicana-entre-los-3-paises-mas-visitados-de-latinoamerica-en-2026/,Elba Reyes,experiencias,10,13,76.9,🟡,True,True,False,True,True,False,,True,True,True,True,False,True,True
/actualidad/resultados-de-las-loterias-del-14-de-junio-de-2026-en-republica-dominicana/,Jhojhanni Fiorini,actualidad,5,13,38.5,🔴,True,False,False,True,False,False,,False,True,True,False,True,False,False
/actualidad/resultados-de-la-loteria-quiniela-real-del-lunes-13-julio-de-2026/,Elba Reyes,actualidad,5,13,38.5,🔴,False,True,False,True,False,True,,False,True,True,False,False,False,False
/empresas/brand-content/juntos-somos-mejores/,Darling Gil,brand content,2,13,15.4,🔴,False,False,False,True,False,False,,False,False,False,False,False,True,False
/empresas/sport-business/inglaterra-jugara-con-el-reloj-la-ventana-de-las-36-horas-para-sobrevivir-a-la-altura-del-azteca/,Gabriel Rico Albarrán,sport business,10,13,76.9,🟡,True,False,False,True,True,True,,True,True,True,True,False,True,True
/actualidad/resultados-de-la-loteria-nacional-del-domingo-05-de-abril-de-2026/,Jhojhanni Fiorini,actualidad,6,13,46.2,🔴,False,True,False,True,False,False,,True,True,True,False,True,False,False
/business/china-recupera-un-cohete-reutilizable-y-acelera-la-carrera-espacial-contra-spacex/,Ana Sosa,business,4,13,30.8,🔴,True,False,False,True,False,False,,False,True,False,False,False,True,False
/money-invest/ranking-estos-son-los-paises-mas-ricos-y-prosperos-de-latinoamerica/,Rodrigo Muñoz,money invest,5,13,38.5,🔴,False,False,False,True,True,False,,True,False,True,False,True,False,False
/cover-story/mariel-aybar-impulsa-el-empoderamiento-financiero-femenino-con-balanza/,Elba Reyes,cover story,3,13,23.1,🔴,True,False,False,True,False,False,,False,False,False,False,False,True,False
/lifestyle/los-linajes-del-poder-las-dinastias-reales-mas-ricas-del-mundo/,Rodrigo Muñoz,lifestyle,4,13,30.8,🔴,False,True,False,True,False,False,,True,False,True,False,False,False,False
/lifestyle/automoviles/los-mejores-autos-del-mundo-en-2026-el-ranking-oficial-de-las-expertas-globales/,Elba Reyes,automóviles,10,13,76.9,🟡,True,False,False,True,True,True,,True,True,True,True,True,True,False
/money-invest/daily-news/delcy-rodriguez-revela-afeccion-de-salud-en-plena-crisis-por-el-terremoto/,Andrea Mercedes,daily news,10,13,76.9,🟡,True,True,False,True,True,False,,True,True,True,True,True,True,False
/money-invest/daily-news/francia-registra-mas-de-2000-muertes-extra-durante-la-semana-de-la-ola-de-calor-un-30-mas-de-lo-habitual/,Gabriel Rico Albarrán,daily news,10,13,76.9,🟡,True,True,False,True,True,False,,True,True,True,True,False,True,True
/money-invest/daily-news/videos-terremoto-7-1-japon-kumamoto/,Andrea Mercedes,daily news,9,13,69.2,🟡,True,False,False,True,True,True,,True,True,True,True,False,True,False
/empresas/ranking-global-2026-asi-se-reparte-el-poder-digital-entre-nike-adidas-y-puma/,Jhojhanni Fiorini,empresas,8,13,61.5,🟡,True,False,False,True,True,False,,True,True,True,True,False,True,False
/actualidad/resultados-de-las-loterias-del-martes-2-de-junio-de-2026-en-republica-dominicana/,Jhojhanni Fiorini,actualidad,5,13,38.5,🔴,True,False,False,True,False,False,,False,True,True,False,True,False,False
/lifestyle/que-hace-que-la-hamptons-fine-art-fair-sea-mucho-mas-que-una-feria-de-arte/,Ana Sosa,experiencias,5,13,38.5,🔴,True,False,False,True,True,False,,False,True,False,False,False,True,False
/vida-en-la-cima/siete-peliculas-de-tim-burton-con-la-tematica-ideal-para-halloween/,Gabriel Rico Albarrán,vida en la cima,6,13,46.2,🔴,False,False,False,True,True,False,,True,False,True,False,True,True,False
/technology/devices/10-funciones-de-whatsapp-para-dejar-de-perder-tiempo-y-ganar-eficiencia-en-2026/,Elba Reyes,devices,9,13,69.2,🟡,True,True,False,True,True,False,,True,True,True,True,False,True,False
/business/el-problema-de-la-ia-no-es-la-tecnologia-es-el-retorno-de-la-inversion/,Ana Sosa,business,4,13,30.8,🔴,True,False,False,True,False,False,,False,True,False,False,False,True,False
/money-invest/las-monedas-mas-fuertes-de-america-latina/,Jhojhanni Fiorini,money invest,7,13,53.8,🔴,True,False,False,True,True,False,,True,True,True,False,False,True,False
/actualidad/resultados-de-la-loteria-nacional-del-jueves-7-de-mayo-de-2026/,Jhojhanni Fiorini,actualidad,4,13,30.8,🔴,False,True,False,True,False,False,,False,True,False,False,True,False,False
/money-invest/daily-news/visa-schengen-para-republica-dominicana-por-que-el-pais-sigue-bajo-el-regimen-de-visado/,Andrea Mercedes,daily news,9,13,69.2,🟡,True,True,False,True,True,True,,True,True,True,False,False,True,False
/money-invest/daily-news/sarampion-tras-mundial-2026-alerta-reintroduccion/,Andrea Mercedes,sport business,10,13,76.9,🟡,True,True,False,True,True,False,,True,True,True,True,True,True,False
/actualidad/resultados-de-la-loteria-nacional-de-este-viernes-15-de-mayo-de-2026/,Jhojhanni Fiorini,actualidad,4,13,30.8,🔴,False,False,False,True,False,False,,False,True,True,False,True,False,False
/business/tiene-china-acceso-a-la-maquina-que-puede-cambiar-el-equilibrio-tecnologico-mundial/,Ana Sosa,business,4,13,30.8,🔴,True,False,False,True,False,False,,False,True,False,False,False,True,False
/technology/devices/el-iphone-mas-economico-y-duradero-que-puedes-comprar-en-2026-por-que-este-modelo-viejo-sigue-valiendo-la-pena/,Jhojhanni Fiorini,devices,8,13,61.5,🟡,True,False,False,True,True,True,,True,True,True,False,False,True,False
/money-invest/daily-news/nueva-factura-electrica-en-rd-este-es-el-monto-real-sin-subsidio-sale-a-la-luz/,Andrea Mercedes,daily news,9,13,69.2,🟡,True,True,False,True,True,False,,True,True,True,True,False,True,False
/money-invest/daily-news/bonnie-tyler-de-que-murio-total-eclipse-of-the-heart/,Andrea Mercedes,daily news,9,13,69.2,🟡,True,False,False,True,True,True,,True,True,True,False,True,True,False
/money-invest/daily-news/afectara-tu-bolsillo-lo-que-debes-saber-sobre-la-nueva-ley-de-residuos-y-sus-costos-ocultos/,Andrea Mercedes,daily news,8,13,61.5,🟡,True,False,False,True,True,True,,True,True,True,False,False,True,False
/business/la-inteligencia-artificial-factura-miles-de-millones-basta-para-justificar-la-inversion/,Ana Sosa,business,5,13,38.5,🔴,True,False,False,True,True,False,,False,True,False,False,False,True,False
/business/backrooms-por-que-hollywood-ahora-invierte-en-creadores-de-youtube/,Ana Sosa,lifestyle,4,13,30.8,🔴,False,False,False,True,True,False,,False,True,False,False,False,True,False
/actualidad/ranking-de-presidentes-de-eeuu-con-mas-deportaciones/,Jhojhanni Fiorini,actualidad,4,13,30.8,🔴,False,True,False,True,False,False,,False,False,False,False,False,True,True
/mercado-women/leadership/livia-chanes-ceo-nubank-latam/,Karime Rivas,leadership,9,13,69.2,🟡,False,True,False,True,True,True,,True,True,True,False,True,True,False
/internacional/japon-evalua-los-danos-tras-un-terremoto-de-magnitud-71-en-kumamoto/,Miguel Vega,actualidad,6,13,46.2,🔴,False,False,False,True,True,False,,True,True,True,False,False,True,False
/empresas/sport-business/mundial-2026-estos-son-los-cruces-confirmados-para-los-16avos-de-final/,Elba Reyes,sport business,10,13,76.9,🟡,True,True,False,True,True,True,,True,True,True,True,False,True,False
/market-order/affairs/santo-domingo-avanza-20-puestos-en-el-indice-global-del-ecosistema-de-startups-2026/,Miranda Cross,affairs,8,13,61.5,🟡,True,False,False,True,True,False,,False,True,True,True,True,True,False
/mercado-women/josefina-navarro-banco-bhd-liderazgo-reputacion/,Edwin Lozada,mercado women,8,13,61.5,🟡,True,False,False,True,False,False,,True,True,True,True,False,True,True
/money-invest/daily-news/crisis-sanitaria-en-venezuela-por-terremoto-hospitales-colapsados-tras-el-sismo/,Andrea Mercedes,salud,10,13,76.9,🟡,True,True,False,True,True,False,,True,True,True,True,True,True,False
/money-invest/daily-news/viajar-sera-mas-caro-en-2026-el-aumento-silencioso-que-pagaras-la-proxima-vez-que-salga-de-rd/,Andrea Mercedes,viajes,11,13,84.6,🟢,True,True,False,True,True,True,,True,True,True,True,True,True,False
/money-invest/republica-dominicana/horario-del-metro-de-santo-domingo-apertura-y-cierre-del-sistema/,Elba Reyes,república dominicana,8,13,61.5,🟡,False,True,False,True,True,False,,True,True,True,True,False,True,False
/money-invest/republica-dominicana/monorriel-vs-metro-cual-es-la-diferencia-real-y-cual-conviene-para-santo-domingo/,Jhojhanni Fiorini,república dominicana,7,13,53.8,🔴,True,False,False,True,True,False,,True,True,True,False,False,True,False
/money-invest/ranking-2026-estos-son-los-mejores-paises-para-emigrar-y-el-lugar-que-ocupa-latam/,Jhojhanni Fiorini,money invest,7,13,53.8,🔴,True,False,False,True,True,False,,True,False,True,False,False,True,True
/money-invest/daily-news/saldo-mortal-en-los-festejos-de-mexico-vs-ecuador-2026-tres-personas-fallecen-en-cdmx/,Andrea Mercedes,sport business,10,13,76.9,🟡,True,True,False,True,True,False,,True,True,True,True,True,True,False
/money-invest/daily-news/catastrofe-incontrolable-aumentan-a-3685-los-muertos-en-venezuela-tras-el-devastador-doble-sismo/,Elba Reyes,daily news,10,13,76.9,🟡,True,True,False,True,True,False,,True,True,True,True,False,True,True
/actualidad/como-quedo-el-juego-de-estrellas-2026-de-la-mlb-y-como-les-fue-a-los-dominicanos/,Elba Reyes,actualidad,8,13,61.5,🟡,True,False,False,True,True,False,,True,True,True,True,False,True,False
/money-invest/daily-news/final-mundial-2026-record-audiencia-estados-unidos/,Andrea Mercedes,sport business,10,13,76.9,🟡,True,True,False,True,True,False,,True,True,True,True,True,True,False
/mercado-women/las-10-mujeres-empresarias-mas-exitosas-del-mundo-que-construyeron-imperios-millonarios/,Elba Reyes,mercado women,9,13,69.2,🟡,True,False,False,True,True,False,,True,True,True,True,False,True,True
/actualidad/resultados-de-la-loteria-quiniela-real-del-domingo-12-julio-de-2026/,Elba Reyes,actualidad,4,13,30.8,🔴,False,False,False,True,False,True,,False,True,True,False,False,False,False
/actualidad/shakira-fue-reemplazada-por-una-doble-en-el-mundial-2026/,Elba Reyes,actualidad,8,13,61.5,🟡,True,False,False,True,True,False,,True,True,True,True,False,True,False
/actualidad/resultados-de-la-loteria-quiniela-real-del-martes-14-julio-de-2026/,Elba Reyes,actualidad,4,13,30.8,🔴,False,False,False,True,False,True,,False,True,True,False,False,False,False
/money-invest/republica-dominicana/ranking-los-terremotos-mas-poderosos-que-han-sacudido-la-republica-dominicana/,Elba Reyes,república dominicana,9,13,69.2,🟡,True,False,False,True,True,False,,True,True,True,True,False,True,True
/mercado-exchange/en-vivo-mejores-empresas-para-trabajar-summit-2026/,Gabriel Rico Albarrán,daily news,9,13,69.2,🟡,False,True,False,True,False,False,,True,True,True,True,True,True,True
/actualidad/resultados-de-las-loterias-del-31-de-mayo-de-2026-en-republica-dominicana/,Jhojhanni Fiorini,actualidad,5,13,38.5,🔴,True,False,False,True,False,False,,False,True,True,False,True,False,False
/mercado-women/leadership/keiko-fujimori-asume-la-presidencia-hoy-en-peru/,Karime Rivas,leadership,8,13,61.5,🟡,True,True,False,True,True,False,,True,True,True,False,True,False,False
/money-invest/daily-news/reforma-policial-republica-dominicana-2026-por-que-no-avanza-la-ley-en-el-congreso-nacional-y-plazos-para-perimir/,Andrea Mercedes,daily news,8,13,61.5,🟡,True,False,False,True,True,False,,True,False,True,True,True,True,False
/money-invest/daily-news/cuando-puedo-renovar-mi-pasaporte-en-rd-nueva-disposicion-elimina-limites-de-fecha/,Elba Reyes,daily news,11,13,84.6,🟢,True,True,False,True,True,False,,True,True,True,True,True,True,True
/money-invest/los-10-paises-mas-endeudados-con-el-fmi-en-latinoamerica-y-el-desafio-de-pagar-en-2026/,Jhojhanni Fiorini,money invest,6,13,46.2,🔴,True,False,False,True,True,False,,True,True,True,False,False,False,False
/money-invest/daily-news/cuales-son-las-10-economias-con-el-mayor-pib-nominal-en-el-mundo/,Jhojhanni Fiorini,internacional,9,13,69.2,🟡,False,False,False,True,True,True,,True,True,True,True,True,True,False
/actualidad/hallan-sin-vida-a-la-madre-de-una-famosa-actriz-venezolana-tras-el-terremoto/,Andrea Mercedes,actualidad,10,13,76.9,🟡,True,True,False,True,True,False,,True,True,True,True,True,True,False
/actualidad/resultados-de-la-loteria-nacional-del-jueves-23-de-abril-de-2026/,Jhojhanni Fiorini,actualidad,6,13,46.2,🔴,False,True,False,True,False,False,,True,True,True,False,True,False,False
/internacional/rusia-espera-una-nueva-propuesta-de-paz-para-ucrania-tras-el-fracaso-del-acuerdo-con-ee-uu/,Miguel Vega,actualidad,11,13,84.6,🟢,True,True,False,True,True,False,,True,True,True,True,True,True,True
/business/richard-branson-levantarse-a-las-5-de-la-manana-no-garantiza-el-exito/,Ana Sosa,business,5,13,38.5,🔴,True,False,False,True,True,False,,False,True,False,False,False,True,False
/money-invest/daily-news/reves-judicial-en-la-casa-blanca-trump-debera-pagar-5-millones-de-dolares-a-la-escritora-e-jean-carroll/,Andrea Mercedes,daily news,11,13,84.6,🟢,True,True,False,True,True,True,,True,True,True,True,True,True,False
/money-invest/daily-news/rayo-impacta-aeropuerto-de-venezuela-en-plena-emergencia-nacional-esto-ocurrio/,Andrea Mercedes,daily news,11,13,84.6,🟢,True,True,False,True,True,True,,True,True,True,True,True,True,False
/money-invest/daily-news/nuevo-impuesto-aereo-republica-dominicana-pasajes-avion/,Andrea Mercedes,daily news,10,13,76.9,🟡,True,True,False,True,True,False,,True,True,True,True,True,True,False
/turismo/que-paises-piden-visa-a-los-dominicanos-en-2026-y-cuales-no/,Elba Reyes,turismo,9,13,69.2,🟡,False,True,False,True,True,False,,True,True,True,True,False,True,True
/mercado-women/leadership/rita-abinader-eentrevista-exclusiva/,Karime Rivas,leadership,6,13,46.2,🔴,True,True,False,True,False,False,,True,True,False,False,False,True,False
/money-invest/daily-news/los-grandes-hoteles-de-lujo-en-cuba-se-quedan-vacios-por-la-presion-de-estados-unidos/,Andrea Mercedes,daily news,8,13,61.5,🟡,True,False,False,True,True,False,,True,True,True,True,False,True,False
/money-invest/daily-news/decreto-502-26-trabajo-forzoso-importacion-bienes-rd/,Andrea Mercedes,daily news,10,13,76.9,🟡,True,True,False,True,True,False,,True,True,True,True,True,True,False
/actualidad/resultados-de-la-loteria-de-este-viernes-22-de-mayo-de-2026/,Jhojhanni Fiorini,actualidad,5,13,38.5,🔴,False,True,False,True,False,False,,False,True,True,False,True,False,False
/mercado-women/executive-profiles/fraysis-moronta-formar-al-personal/,Karime Rivas,executive profiles,9,13,69.2,🟡,True,False,False,True,True,True,,True,True,True,False,True,True,False
/lifestyle/experiencias/cuales-son-los-lugares-mas-costosos-para-viajar-la-lista-definitiva-del-turismo-de-ultra-lujo/,Elba Reyes,experiencias,11,13,84.6,🟢,True,True,True,True,True,False,,True,True,True,True,True,True,False
/actualidad/anuncios-de-marvel-en-comic-con-2026-ryan-gosling-como-ghost-rider-y-nuevo-pantera-negra/,Elba Reyes,actualidad,9,13,69.2,🟡,True,True,False,True,True,False,,True,True,True,True,False,True,False
/technology/la-funcion-que-debes-desactivar-en-tu-televisor-para-mejorar-la-calidad-de-imagen/,Agatha Thomas,technology,6,13,46.2,🔴,True,True,False,True,False,False,,True,False,True,False,False,False,True
/money-invest/internacional-economia/los-paises-de-america-latina-con-mayor-esperanza-de-vida-segun-datos-de-la-onu/,Jhojhanni Fiorini,internacional,7,13,53.8,🔴,True,False,False,True,True,False,,True,True,True,False,False,True,False
/money-invest/daily-news/operativo-seguridad-argentina-inglaterra-mundial-2026/,Andrea Mercedes,sport business,11,13,84.6,🟢,True,True,False,True,True,True,,True,True,True,True,True,True,False
/money-invest/daily-news/inyeccion-millonaria-a-la-economia-la-inversion-extranjera-directa-rompe-marcas-en-republica-dominicana/,Jhojhanni Fiorini,república dominicana,10,13,76.9,🟡,True,False,False,True,True,True,,True,True,True,True,True,True,False
/actualidad/resultados-de-las-loterias-del-9-de-junio-de-2026-en-republica-dominicana/,Jhojhanni Fiorini,actualidad,5,13,38.5,🔴,True,False,False,True,False,False,,False,True,True,False,True,False,False
/money-invest/daily-news/ranking-de-educacion-en-latinoamerica-los-10-paises-con-mayor-porcentaje-de-poblacion-con-escolaridad-completa/,Jhojhanni Fiorini,internacional,8,13,61.5,🟡,True,False,False,True,True,True,,True,True,True,False,False,True,False
/technology/iphone-18-pro-precio-fecha-de-lanzamiento-y-caracteristicas-filtradas/,Jhojhanni Fiorini,technology,7,13,53.8,🔴,True,False,False,True,True,False,,True,True,True,False,False,True,False
/money-invest/los-paises-de-america-latina-que-mas-creceran-en-2026-segun-las-proyecciones-del-pib/,Jhojhanni Fiorini,money invest,10,13,76.9,🟡,True,False,False,True,True,False,,True,True,True,True,True,True,True
/cover-story/de-oficio-tecnico-a-empresa-escalable-planificacion-sacrificio-familiar-y-capacitacion-constante/,Elba Reyes,cover story,3,13,23.1,🔴,True,False,False,True,False,False,,False,False,False,False,False,True,False
/money-invest/daily-news/gabinete-economico-rd-funcionarios-evaluara-abinader/,Andrea Mercedes,daily news,10,13,76.9,🟡,True,True,False,True,True,True,,True,True,True,True,False,True,False
/lifestyle/mercadoteca/los-5-mejores-libros-clasicos-de-la-literatura-dominicana/,Rodrigo Muñoz,mercadoteca,7,13,53.8,🔴,False,True,True,True,True,False,,True,False,True,False,False,True,False
/market-brief/finanzas/la-revolucion-del-dinero-digital-en-rd-asi-crecio-el-sistema-que-transformo-las-transferencias-bancarias/,Jhojhanni Fiorini,finanzas,8,13,61.5,🟡,True,False,False,True,True,True,,True,True,True,False,False,True,False
/money-invest/daily-news/abinader-crecimiento-economico-infraestructura-rd/,Andrea Mercedes,daily news,11,13,84.6,🟢,True,True,False,True,True,True,,True,True,True,True,True,True,False
/business/elon-musk-y-sam-altman-se-acusan-de-enganar-a-inversionistas-mientras-openai-y-spacex-compiten-por-el-liderazgo-de-la-ia/,Ana Sosa,business,4,13,30.8,🔴,True,False,False,True,False,False,,False,True,False,False,False,True,False
/actualidad/donde-llovera-hoy-en-republica-dominicana-el-pronostico-de-la-vaguada-para-este-jueves/,Elba Reyes,actualidad,11,13,84.6,🟢,True,True,False,True,True,True,,True,True,True,True,False,True,True
/empresas/sport-business/de-una-fotografia-historica-a-la-final-del-mundial-2026-la-increible-historia-que-une-a-lionel-messi-y-lamine-yamal/,Jhojhanni Fiorini,sport business,10,13,76.9,🟡,True,False,False,True,True,True,,True,True,True,True,True,True,False
/empresas/pepin-corripio-legado-empresarial-y-humano-en-republica-dominicana/,Miguel Vega,perfiles,6,13,46.2,🔴,False,False,False,True,False,False,,True,False,True,False,True,True,True
/lifestyle/experiencias/santo-domingo-este-fin-de-semana-los-mejores-planes-para-disfrutar-la-ciudad/,Elba Reyes,experiencias,10,13,76.9,🟡,True,True,True,True,False,False,,True,True,True,True,True,True,False
/empresas/sport-business/cuanto-dinero-tiene-juan-soto-esta-es-su-fortuna-tras-su-contrato-historico/,Elba Reyes,sport business,7,13,53.8,🔴,True,False,False,True,False,False,,True,True,True,True,False,True,False
/internacional/la-tragedia-migratoria-en-ceuta-deja-34-muertos-tras-una-entrada-masiva-desde-marruecos/,Miguel Vega,daily news,9,13,69.2,🟡,True,True,False,True,True,True,,False,True,True,False,True,True,False
/empresas/latinoamerica-domina-el-consumo-de-coca-cola-y-deja-atras-a-estados-unidos/,Jhojhanni Fiorini,empresas,7,13,53.8,🔴,True,False,False,True,True,False,,True,True,True,False,False,True,False
/mercado-exchange/carlos-duran-de-youtuber-a-emprendedor-visionario/,Jhojhanni Fiorini,mercado events,6,13,46.2,🔴,False,True,False,True,False,False,,True,True,True,False,True,False,False
/turismo/republica-dominicana-los-destinos-que-mas-eligen-los-viajeros-en-2026/,Elba Reyes,viajes,9,13,69.2,🟡,True,True,False,True,True,False,,True,True,True,True,False,True,False
/lifestyle/experiencias/cinco-destinos-ideales-para-el-romance-y-los-viajes-en-pareja-en-republica-dominicana/,Elba Reyes,experiencias,10,13,76.9,🟡,True,True,True,True,True,False,,True,True,True,True,False,True,False
/lifestyle/experiencias/que-tan-felices-son-los-dominicanos-el-lugar-que-ocupa-el-pais-en-el-ranking-global-de-bienestar/,Elba Reyes,experiencias,10,13,76.9,🟡,True,True,False,True,True,False,,True,True,True,True,True,True,False
/mercado-women/leadership/biviana-riveiro-fiduciaria-reservas/,Karime Rivas,leadership,10,13,76.9,🟡,True,True,False,True,True,True,,True,True,True,False,True,True,False
/money-invest/daily-news/japon-despliega-en-venezuela-un-equipo-medico-de-ayuda-humanitaria-tras-los-terremotos/,Gabriel Rico Albarrán,daily news,10,13,76.9,🟡,True,True,False,True,True,False,,True,True,True,True,False,True,True
/technology/devices/apple-lanza-apple-upgrade-el-programa-para-arrendar-iphone-mac-y-ipad-por-cuotas-mensuales/,Elba Reyes,devices,10,13,76.9,🟡,True,True,False,True,True,False,,True,True,True,True,False,True,True
/empresas/freno-al-gigante-de-la-moda-la-desaceleracion-de-shein-que-pone-en-jaque-su-millonaria-valoracion-bursatil/,Jhojhanni Fiorini,empresas,10,13,76.9,🟡,True,True,False,True,True,True,,True,True,True,True,False,True,False
/money-invest/asi-esta-el-precio-de-la-vivienda-en-republica-dominicana-en-2026/,Elba Reyes,money invest,7,13,53.8,🔴,False,True,False,True,True,False,,True,False,True,True,False,True,False
/empresas/sport-business/mundial-2026-cuando-se-juegan-los-dieciseisavos-de-final-y-quienes-podrian-enfrentarse/,Elba Reyes,sport business,9,13,69.2,🟡,True,True,False,True,True,False,,True,True,True,True,False,True,False
/technology/quien-vendio-mas-smartphones-en-2025-apple-o-samsung-asi-quedo-el-ranking-mundial/,Jhojhanni Fiorini,technology,7,13,53.8,🔴,True,False,False,True,True,False,,True,True,True,False,False,True,False
/money-invest/daily-news/por-que-el-presidente-de-turquia-regalo-un-arma-a-los-lideres-de-la-otan-el-significado-oculto-de-su-obsequio/,Andrea Mercedes,daily news,11,13,84.6,🟢,True,True,False,True,True,True,,True,True,True,True,True,True,False
/mercado-women/shakira-y-burna-boy-alcanzan-el-numero-1-del-mundo-con-su-exito-dai-dai/,Jhojhanni Fiorini,trends,8,13,61.5,🟡,True,False,False,True,True,True,,True,True,True,False,False,True,False
/actualidad/estrenos-disney-plus-julio-2026-el-diablo-viste-a-la-moda-2-soy-luna-y-mas/,Elba Reyes,actualidad,9,13,69.2,🟡,True,False,False,True,True,False,,True,True,True,True,True,True,False
/actualidad/por-que-hace-tanto-calor-en-rd-este-verano-y-hasta-cuando-duraran-las-temperaturas-extremas/,Elba Reyes,actualidad,9,13,69.2,🟡,True,False,False,True,True,False,,True,True,True,True,True,True,False
/business/mundial-2026-el-futbol-creo-un-activo-publicitario-que-no-existia-y-coca-cola-fue-la-primera-en-ponerle-precio/,Ana Sosa,business,6,13,46.2,🔴,True,False,False,True,True,False,,True,True,False,False,False,True,False
/mercado-exchange/las-7-claves-que-dejo-vision-emprendedora-2025/,Jhojhanni Fiorini,mercado events,6,13,46.2,🔴,False,False,False,True,False,False,,True,True,True,False,True,True,False
/money-invest/daily-news/cuanto-crudo-vende-venezuela-a-estados-unidos-las-cifras-de-la-eia-sobre-el-repunte-petrolero-en-2026/,Jhojhanni Fiorini,internacional,9,13,69.2,🟡,True,False,False,True,True,True,,True,True,True,False,False,True,True
/actualidad/la-herencia-de-chadwick-boseman-actor-de-pantera-negra-desata-conflicto-entre-sus-hermanos-y-viuda/,Elba Reyes,actualidad,10,13,76.9,🟡,True,True,False,True,True,False,,True,True,True,True,False,True,True
/money-invest/daily-news/cedula-en-rd-desde-mayo-esta-es-la-lista-de-documentos-obligatorios-para-el-tramite/,Elba Reyes,daily news,7,13,53.8,🔴,True,False,False,True,False,True,,False,True,True,True,False,True,False
/market-brief/cambios-para-mejorar/,Darling Gil,market brief,6,13,46.2,🔴,False,False,False,True,True,False,,True,False,True,False,True,True,False
/mercado-exchange/lecciones-que-dejo-el-evento-vision-emprendedora-2026/,Gabriel Rico Albarrán,daily news,11,13,84.6,🟢,False,True,False,True,True,True,,True,True,True,True,True,True,True
/mercado-exchange/mercado-autoshow-vision-emprendedora-donde-convergen-movilidad-innovacion-y-emprendimiento/,Gabriel Rico Albarrán,daily news,12,13,92.3,🟢,True,True,True,True,False,True,,True,True,True,True,True,True,True
/actualidad/resultados-de-la-loteria-de-este-jueves-21-de-mayo-de-2026/,Jhojhanni Fiorini,actualidad,4,13,30.8,🔴,False,True,False,True,False,False,,False,True,False,False,True,False,False
/money-invest/daily-news/inversion-extranjera-en-rd-alcanzara-record-historico-de-us-5200-millones-en-2026/,Jhojhanni Fiorini,república dominicana,9,13,69.2,🟡,True,False,False,True,True,True,,True,True,True,False,False,True,True
/technology/como-se-construye-la-ventaja-digital/,Darling Gil,technology,6,13,46.2,🔴,False,False,False,True,True,False,,True,False,True,False,True,True,False
/money-invest/daily-news/policias-arrestados-en-venezuela-por-robo-que-se-llevaron-de-la-ayuda-humanitaria-del-terremoto/,Andrea Mercedes,daily news,10,13,76.9,🟡,True,True,False,True,True,False,,True,True,True,True,True,True,False
/medihealth/nervio-vago-que-es/,Jhojhanni Fiorini,medihealth,10,13,76.9,🟡,False,True,False,True,True,False,,True,True,True,True,True,True,True
/actualidad/resultados-de-la-loteria-nacional-del-domingo-10-de-mayo-de-2026/,Jhojhanni Fiorini,actualidad,5,13,38.5,🔴,False,True,False,True,False,False,,False,True,True,False,True,False,False
/money-invest/daily-news/terremoto-en-venezuela-sepultan-a-las-victimas-identificadas-tras-superar-los-3000-muertos/,Andrea Mercedes,daily news,10,13,76.9,🟡,True,True,False,True,True,False,,True,True,True,True,True,True,False
/mercado-women/working-monthers/princesa-leonor-traje/,Karime Rivas,working mothers,7,13,53.8,🔴,False,True,False,True,True,False,,True,False,True,False,False,True,True
/money-invest/daily-news/se-cierra-la-ventana-de-vida-en-venezuela-cuantos-dias-puede-resistir-una-persona-atrapada/,Andrea Mercedes,daily news,11,13,84.6,🟢,True,True,False,True,True,True,,True,True,True,True,True,True,False
/money-invest/daily-news/pasaje-unico-rd-tarifa-integrada-transporte-publico/,Andrea Mercedes,daily news,9,13,69.2,🟡,True,False,False,True,True,False,,True,True,True,True,True,True,False
/mercado-exchange/en-vivo-mejores-empresas-para-trabajar-region-norte-2026/,Gabriel Rico Albarrán,daily news,9,13,69.2,🟡,False,True,False,True,False,False,,True,True,True,True,True,True,True
/actualidad/resultados-de-la-loteria-nacional-del-martes-5-de-mayo-de-2026/,Jhojhanni Fiorini,actualidad,6,13,46.2,🔴,False,True,False,True,False,False,,True,True,True,False,True,False,False
/mercado-women/executive-profiles/mexico-71-primer-mundial-de-futbol-femenino/,Karime Rivas,executive profiles,8,13,61.5,🟡,False,True,False,True,True,False,,True,True,True,False,True,True,False
/actualidad/cuales-universidades-piden-la-nota-de-las-pruebas-nacionales-como-requisito-de-admision-este-2026/,Elba Reyes,actualidad,10,13,76.9,🟡,True,True,False,True,True,False,,True,True,True,True,True,True,False
/actualidad/resultados-de-la-loteria-quiniela-real-del-lunes-6-julio-de-2026/,Elba Reyes,actualidad,5,13,38.5,🔴,False,True,False,True,False,True,,False,True,True,False,False,False,False
/market-order/retratos/la-casa-blanca-ha-liderado-al-real-madrid-en-una-etapa-que-ya-se-considera-la-mas-exitosa-de-la-historia-del-club/,Miranda Cross,retratos,8,13,61.5,🟡,True,False,False,True,True,False,,True,True,True,False,True,True,False
/medihealth/como-eliminar-un-raton-de-tu-casa-sin-matarlo-y-de-forma-efectiva/,Jhojhanni Fiorini,medihealth,6,13,46.2,🔴,False,True,False,True,False,False,,True,True,True,False,False,True,False
/mercado-women/executive-profiles/silvana-tenreyro-economista-jefe-fmi/,Karime Rivas,executive profiles,9,13,69.2,🟡,True,False,False,True,True,True,,True,True,True,False,True,True,False
/money-invest/daily-news/que-regiones-de-america-latina-afectara-el-fenomeno-de-el-nino-este-ano/,Andrea Mercedes,cambio climático,10,13,76.9,🟡,True,True,False,True,True,False,,True,True,True,True,True,True,False
/money-invest/internacional-economia/ranking-los-10-paises-mas-seguros-de-america-latina/,Rodrigo Muñoz,internacional,6,13,46.2,🔴,False,True,False,True,True,False,,True,False,True,False,True,False,False
/empresas/sport-business/a-que-hora-canta-shakira-en-el-mundial-2026-y-como-verla-en-vivo-desde-republica-dominicana/,Elba Reyes,sport business,10,13,76.9,🟡,True,True,False,True,True,False,,True,True,True,True,False,True,True
/empresas/la-estrategia-de-nvidia-con-la-industria-japonesa-para-dominar-la-inteligencia-artificial-aplicada-a-robots/,Jhojhanni Fiorini,empresas,10,13,76.9,🟡,True,False,False,True,True,True,,True,True,True,True,True,True,False
/lifestyle/experiencias/asi-es-el-exclusivo-baul-de-louis-vuitton-que-resguarda-la-copa-del-mundial-2026/,Elba Reyes,experiencias,9,13,69.2,🟡,True,True,False,True,False,False,,True,True,True,True,False,True,True
/business/bernard-arnault-niega-una-disputa-entre-sus-hijos-por-el-control-de-lvmh/,Ana Sosa,business,6,13,46.2,🔴,True,False,True,True,True,False,,False,True,False,False,False,True,False
/money-invest/daily-news/paises-golfo-endeudamiento-rutas-alternativas-ormuz/,Andrea Mercedes,daily news,9,13,69.2,🟡,True,True,False,True,True,False,,True,True,True,True,False,True,False
/money-invest/daily-news/subsidio-electrico-en-rd-se-acerca-a-los-rd50000-millones-en-solo-cuatro-meses/,Andrea Mercedes,daily news,10,13,76.9,🟡,True,True,False,True,True,False,,True,True,True,True,True,True,False
/money-invest/daily-news/una-semana-de-dolor-el-devastador-saldo-de-muertos-y-danos-materiales-que-dejo-el-sismo-en-venezuela/,Andrea Mercedes,daily news,10,13,76.9,🟡,True,True,False,True,True,False,,True,True,True,True,True,True,False
/technology/devices/whatsapp-deja-de-funcionar-en-agosto-2026-celulares-sin-soporte-y-lista-de-modelos/,Elba Reyes,devices,9,13,69.2,🟡,True,True,False,True,True,False,,True,True,True,True,False,True,False
/money-invest/internacional-economia/ranking-2026-este-es-el-pais-que-supero-a-mexico-en-poder-militar-en-la-region/,Jhojhanni Fiorini,internacional,7,13,53.8,🔴,True,False,False,True,True,False,,True,True,True,False,False,True,False
/money-invest/internacional-economia/los-paises-mas-dificiles-de-visitar-del-mundo-visas-casi-imposibles-y-fuertes-restricciones/,Elba Reyes,internacional,8,13,61.5,🟡,True,False,False,True,True,False,,True,True,True,True,False,True,False
/money-invest/daily-news/por-que-republica-dominicana-y-centroamerica-lideran-el-mapa-de-las-zonas-francas-en-la-region/,Jhojhanni Fiorini,república dominicana,10,13,76.9,🟡,True,False,False,True,True,True,,True,True,True,True,True,True,False
/money-invest/daily-news/estos-son-los-paises-de-america-latina-con-el-mayor-deficit-de-vivienda-segun-habitat-para-la-humanidad/,Jhojhanni Fiorini,internacional,9,13,69.2,🟡,True,False,False,True,True,True,,True,True,True,False,True,True,False
/mercado-women/leadership/rosa-hernandez-de-grullon-embajadora-de-irlanda/,Karime Rivas,leadership,10,13,76.9,🟡,True,True,False,True,True,True,,True,True,True,False,True,True,False
/mercado-women/leadership/gloria-reyes-reelecta-commca-representando-rd/,Karime Rivas,leadership,9,13,69.2,🟡,True,True,False,True,True,False,,True,True,True,False,True,True,False
/actualidad/resultados-de-la-loteria-quiniela-real-del-miercoles-29-julio-de-2026/,Elba Reyes,actualidad,4,13,30.8,🔴,False,False,False,True,False,True,,False,True,True,False,False,False,False
/money-invest/daily-news/historica-suspension-el-peligroso-fenomeno-climatico-que-obligo-a-suspender-la-fiesta-del-4-de-julio-en-eeuu-en-algunas-ciudades/,Andrea Mercedes,cambio climático,10,13,76.9,🟡,True,True,False,True,True,False,,True,True,True,True,True,True,False
/empresas/que-es-la-sun-valley-conference-el-exclusivo-campamento-para-multimillonarios-que-se-celebra-cada-verano/,Jhojhanni Fiorini,empresas,9,13,69.2,🟡,True,True,False,True,True,True,,True,False,True,False,False,True,True
/actualidad/cuanto-dinero-acumulo-the-odyssey-en-taquilla-y-que-record-historico-rompio-el-fin-de-semana/,Elba Reyes,actualidad,9,13,69.2,🟡,True,True,False,True,True,False,,True,True,True,True,False,True,False
/business/la-caida-en-bolsa-de-ibm-reabre-la-mayor-duda-sobre-la-inteligencia-artificial/,Ana Sosa,business,4,13,30.8,🔴,True,False,False,True,False,False,,False,True,False,False,False,True,False
/empresas/nike-supera-a-wall-street-pero-su-verdadera-prueba-es-en-este-mundial-fifa-2026/,Ana Sosa,empresas,4,13,30.8,🔴,True,False,False,True,False,False,,False,True,False,False,False,True,False
/technology/devices/como-funciona-la-estafa-del-mensaje-falso-de-amazon-el-truco-para-no-perder-tu-cuenta-ni-dinero/,Jhojhanni Fiorini,devices,10,13,76.9,🟡,True,False,False,True,True,True,,True,True,True,True,False,True,True
/money-invest/daily-news/americas-investment-forum-sirve-de-escenario-para-reconocer-excelencia-de-empresas-de-inversion-en-rd/,Darling Gil,daily news,7,13,53.8,🔴,True,False,False,True,True,False,,True,False,True,False,True,True,False
/technology/devices/punto-verde-en-whatsapp-que-significa-y-como-evitar-que-aparezca-en-tu-perfil/,Elba Reyes,devices,10,13,76.9,🟡,True,True,False,True,True,False,,True,True,True,True,False,True,True
/technology/devices/como-eliminar-las-fotos-que-te-envian-por-whatsapp-para-liberar-espacio-en-tu-celular/,Elba Reyes,devices,10,13,76.9,🟡,True,True,False,True,True,False,,True,True,True,True,False,True,True
/mercado-women/executive-profiles/lucy-doughty-filantropia/,Darling Gil,executive profiles,7,13,53.8,🔴,False,True,False,True,True,False,,False,True,True,True,False,True,False
/money-invest/daily-news/alerta-en-las-gasolineras-el-pacto-geopolitico-secreto-que-determinara-si-el-precio-del-petroleo-se-dispara/,Jhojhanni Fiorini,internacional,12,13,92.3,🟢,True,True,False,True,True,True,,True,True,True,True,True,True,True
/money-invest/daily-news/abinader-inaugura-tunel-plaza-bandera-transito-santo-domingo/,Andrea Mercedes,daily news,10,13,76.9,🟡,True,True,False,True,True,False,,True,True,True,True,True,True,False
/money-invest/ranking-del-precio-de-la-gasolina-en-latinoamerica-en-2026-pais-por-pais/,Jhojhanni Fiorini,money invest,8,13,61.5,🟡,True,False,False,True,True,False,,True,True,True,False,True,True,False
/empresas/ranking-2026-estas-son-las-marcas-de-restaurantes-mas-valiosas-del-mundo/,Jhojhanni Fiorini,empresas,7,13,53.8,🔴,True,False,False,True,True,False,,True,True,True,False,False,True,False
/empresas/meta-quiebra-multa-record-mark-zuckerberg/,Jhojhanni Fiorini,empresas,8,13,61.5,🟡,True,False,False,True,True,True,,True,True,True,False,False,True,False
/actualidad/resultados-de-la-loteria-quiniela-real-del-domingo-28-junio-de-2026/,Elba Reyes,actualidad,5,13,38.5,🔴,False,False,False,True,False,True,,False,True,True,False,False,False,True
/empresas/las-10-petroleras-mas-poderosas-del-mundo-que-dominan-la-economia-global/,Jhojhanni Fiorini,empresas,8,13,61.5,🟡,True,False,False,True,True,False,,True,True,True,False,True,True,False
/money-invest/daily-news/prestamos-aprobados-congreso-rd-endeudamiento-2026/,Andrea Mercedes,daily news,10,13,76.9,🟡,True,True,False,True,True,False,,True,True,True,True,True,True,False
/money-invest/daily-news/eeuu-clasifica-cuba-amenaza-seguridad-nacional/,Andrea Mercedes,daily news,10,13,76.9,🟡,True,True,False,True,True,False,,True,True,True,True,True,True,False
/empresas/los-5-factores-que-salvan-a-la-economia-de-america-latina-mientras-el-resto-del-mundo-tiembla/,Jhojhanni Fiorini,empresas,11,13,84.6,🟢,True,True,False,True,True,True,,True,True,True,True,True,True,False
/empresas/estas-son-las-10-marcas-mas-valiosas-del-mundo-en-2026-segun-brand-finance/,Elba Reyes,empresas,8,13,61.5,🟡,True,False,False,True,False,False,,True,True,True,True,True,True,False
/actualidad/cuanto-cuesta-ser-miss-republica-dominicana-el-precio-de-una-corona-supera-el-millon-de-pesos/,Elba Reyes,actualidad,9,13,69.2,🟡,True,False,False,True,False,False,,True,True,True,True,True,True,True
/actualidad/pavel-durov-fundador-de-telegram-es-buscado-por-rusia-por-presuntos-delitos-de-terrorismo/,Rodrigo Muñoz,actualidad,6,13,46.2,🔴,True,False,False,True,True,False,,True,False,True,False,False,True,False
/actualidad/fallece-a-los-73-anos-jose-bello-de-que-murio-el-icono-de-la-salsa-dominicana-e-interprete-de-la-palabra-amigo/,Elba Reyes,actualidad,9,13,69.2,🟡,True,True,False,True,True,False,,True,True,True,True,False,True,False
/money-invest/daily-news/como-funciona-el-corredor-interoceanico-de-mexico-que-transporto-900-vehiculos-en-72-horas-evitando-el-canal-de-panama/,Andrea Mercedes,daily news,9,13,69.2,🟡,True,False,False,True,True,False,,True,True,True,True,True,True,False
/money-invest/daily-news/clima-republica-dominicana-onda-tropical-temperaturas-altas/,Andrea Mercedes,daily news,9,13,69.2,🟡,True,True,False,True,True,False,,False,True,True,True,True,True,False
/empresas/antono-espaillat-medios-rd/,revistamercado,empresas,6,13,46.2,🔴,False,True,False,True,False,False,,True,False,True,False,True,True,False
/money-invest/daily-news/nueva-cedula-en-rd-lo-que-debes-hacer-antes-de-abril-para-no-quedar-fuera-del-sistema/,Andrea Mercedes,daily news,9,13,69.2,🟡,True,True,False,True,True,False,,True,True,True,True,False,True,False
/money-invest/daily-news/tunel-plaza-bandera-inauguracion-abinader-2/,Andrea Mercedes,daily news,10,13,76.9,🟡,True,True,False,True,True,False,,True,True,True,True,True,True,False
/mercado-exchange/vision-emprendedora-2025-inspiracion-y-reconocimiento-al-talento-dominicano/,Jhojhanni Fiorini,mercado events,8,13,61.5,🟡,True,False,False,True,True,False,,True,True,True,False,True,True,False
/mercado-women/executive-profiles/benetton-en-quiebra/,Karime Rivas,executive profiles,8,13,61.5,🟡,True,True,False,True,True,False,,True,False,True,False,True,True,False
/money-invest/daily-news/quien-va-ganando-en-peru-con-el-99-5-de-votos-contados-fujimori-se-acerca-a-la-victoria/,Andrea Mercedes,daily news,10,13,76.9,🟡,True,False,False,True,True,True,,True,True,True,True,True,True,False
/medihealth/mutaciones-geneticas-ansiedad/,Gabriel Rico Albarrán,medihealth,8,13,61.5,🟡,False,True,False,True,True,False,,True,True,True,False,True,True,False
/mercado-women/executive-profiles/yuribell-chez-gerencia-de-casas-del-xvi/,Karime Rivas,executive profiles,10,13,76.9,🟡,True,True,False,True,True,True,,True,True,True,False,True,True,False
/money-invest/daily-news/salario-de-navidad-cesantia-y-el-nuevo-tope-del-isr-los-3-cambios-laborales-clave-de-la-ley-30-26-en-rd/,Jhojhanni Fiorini,república dominicana,8,13,61.5,🟡,True,False,False,True,True,True,,True,True,True,False,False,True,False
/lifestyle/las-10-mejores-peliculas-de-tim-burton-que-debes-ver-en-2026/,Elba Reyes,lifestyle,9,13,69.2,🟡,False,True,False,True,True,False,,True,True,True,True,False,True,True
/money-invest/daily-news/bukele-tercer-mandato-el-salvador-2026-anuncia-su-precandidatura-oficial/,Andrea Mercedes,daily news,11,13,84.6,🟢,True,True,False,True,True,True,,True,True,True,True,True,True,False
/market-brief/finanzas/republica-dominicana-apuesta-mas-de-rd-9000-millones-para-convertir-a-santo-domingo-2026-en-un-referente-deportivo/,Jhojhanni Fiorini,finanzas,8,13,61.5,🟡,True,False,False,True,True,True,,True,True,True,False,False,True,False
/actualidad/resultados-de-leidsa-del-sabado-16-de-mayo-de-2026/,Andrea Mercedes,actualidad,8,13,61.5,🟡,False,True,False,True,True,False,,False,True,True,True,True,False,True
/actualidad/iphone-18-pro-max-por-que-sera-el-modelo-mas-potente-y-costoso-de-apple/,Jhojhanni Fiorini,actualidad,7,13,53.8,🔴,True,False,False,True,True,False,,True,True,True,False,False,True,False
/business/por-que-un-cheque-robado-puede-terminar-costandote-mucho-mas-dinero/,Ana Sosa,business,3,13,23.1,🔴,False,False,False,True,False,False,,False,True,False,False,False,True,False
/money-invest/internacional-economia/riesgo-pais-2026-el-ranking-del-embi-en-america-latina-al-cierre-de-mayo/,Jhojhanni Fiorini,internacional,7,13,53.8,🔴,True,False,False,True,True,False,,True,True,True,False,False,True,False
/empresas/manuel-estrella-la-trayectoria-de-un-empresario-visionario/,Miguel Vega,empresas,7,13,53.8,🔴,False,True,False,True,True,False,,False,True,False,True,True,True,False
/actualidad/taquilla-global-junio-2026-toy-story-5-aplasta-el-estreno-de-supergirl-en-cines/,Elba Reyes,actualidad,9,13,69.2,🟡,True,True,False,True,True,False,,True,True,True,True,False,True,False
/empresas/como-puede-america-latina-convertirse-en-el-mayor-proveedor-de-saf-para-las-aerolineas-del-mundo/,Jhojhanni Fiorini,empresas,8,13,61.5,🟡,True,False,False,True,True,True,,True,False,True,True,False,True,False
/empresas/10-navieras-mas-grandes-del-mundo-2025/,Miguel Vega,e-commerce,9,13,69.2,🟡,True,False,False,True,True,False,,True,False,True,True,True,True,True
/politica/marine-le-pen-podra-competir-por-la-presidencia-de-francia-tras-recuperar-su-elegibilidad/,Ana Sosa,política,4,13,30.8,🔴,True,False,False,True,False,False,,False,True,False,False,False,True,False
/technology/devices/google-home-con-gemini-precio-funciones-y-fecha-de-venta-del-nuevo-altavoz-inteligente/,Elba Reyes,devices,9,13,69.2,🟡,True,True,False,True,True,False,,True,True,True,True,False,True,False
/mercado-women/trends/todo-sobre-la-muneca-l-o-l-surprise-de-rosalia-precio-oficial-y-como-conseguirla-antes-de-que-se-agote/,Elba Reyes,trends,9,13,69.2,🟡,True,True,False,True,True,False,,True,True,True,True,False,True,False
/technology/artificial-intelligence/amd-invertira-us5-000-millones-en-anthropic-para-competir-con-nvidia-en-ia/,Rodrigo Muñoz,artificial intelligence,6,13,46.2,🔴,True,False,False,True,True,False,,True,False,True,False,False,True,False
/actualidad/resultados-de-la-loteria-nacional-del-lunes-13-de-abril-de-2026/,Jhojhanni Fiorini,actualidad,6,13,46.2,🔴,False,True,False,True,False,False,,True,True,True,False,True,False,False
/actualidad/commonwealth-que-paises-la-conforman/,Gabriel Rico Albarrán,actualidad,4,13,30.8,🔴,False,False,False,True,False,False,,False,False,True,True,False,True,False
/actualidad/resultados-de-la-loteria-nacional-del-lunes-06-de-abril-de-2026/,Jhojhanni Fiorini,actualidad,5,13,38.5,🔴,False,True,False,True,False,False,,False,True,True,False,True,False,False
/actualidad/resultados-de-la-loteria-de-este-sabado-23-de-mayo-de-2026/,Jhojhanni Fiorini,actualidad,5,13,38.5,🔴,False,True,False,True,False,False,,False,True,True,False,True,False,False
/empresas/las-20-carreras-mejor-pagadas-del-mundo-en-2026-hasta-us-370-000-al-ano/,Jhojhanni Fiorini,empresas,7,13,53.8,🔴,True,False,False,True,True,False,,True,True,True,False,False,True,False
/medihealth/salud/como-evitar-que-entren-cucarachas-por-la-puerta-de-tu-casa-metodos-efectivos-que-si-funcionan/,Jhojhanni Fiorini,salud,7,13,53.8,🔴,True,False,False,True,True,False,,True,True,True,False,False,True,False
/mercado/las-empresas-militares-privadas-mas-activas/,Gabriel Rico Albarrán,de la revista,4,13,30.8,🔴,False,False,False,True,False,False,,True,False,True,False,True,False,False
/actualidad/partidos-del-mundial-2026-hoy-lunes-6-de-julio-horarios-en-rd-canales-tv-y-donde-ver-futbol-en-vivo/,Jhojhanni Fiorini,actualidad,8,13,61.5,🟡,True,False,False,True,True,True,,False,True,True,False,True,True,False
/business/la-inedita-reestructuracion-de-la-deuda-de-venezuela/,Ana Sosa,business,4,13,30.8,🔴,False,True,False,True,False,False,,False,True,False,False,False,True,False
/market-brief/finanzas/canasta-basica-rd-ronda-rd-50000-que-productos-subieron-mas-segun-el-banco-central/,Jhojhanni Fiorini,finanzas,8,13,61.5,🟡,True,False,False,True,True,True,,True,True,True,False,False,True,False
/money-invest/daily-news/cuantas-horas-debes-trabajar-para-ganar-us-1000-el-ranking-global-por-paises/,Jhojhanni Fiorini,internacional,8,13,61.5,🟡,True,False,False,True,True,True,,True,True,True,False,False,True,False
/money-invest/daily-news/que-esta-pasando-en-la-cumbre-de-la-otan-hoy-las-exigencias-de-trump-que-sacuden-la-seguridad-global/,Andrea Mercedes,daily news,10,13,76.9,🟡,True,True,False,True,True,False,,True,True,True,True,True,True,False
/money-invest/daily-news/restricciones-migratorias-eeuu-2026-dominicanos/,Andrea Mercedes,daily news,10,13,76.9,🟡,True,True,False,True,True,False,,True,True,True,True,True,True,False
/business/aunque-la-guerra-en-iran-termine-hacer-negocios-seguira-siendo-mas-caro/,Ana Sosa,business,4,13,30.8,🔴,True,False,False,True,False,False,,False,True,False,False,False,True,False
/money-invest/daily-news/cambio-de-cedula-en-rd-como-actualizar-direccion-estado-civil-y-ocupacion/,Elba Reyes,daily news,8,13,61.5,🟡,True,False,False,True,True,False,,True,True,True,True,False,True,False
/empresas/brand-content/la-ginecologa-que-acompana-mujeres-a-reconectar-con-su-cuerpo/,Darling Gil,medihealth,3,13,23.1,🔴,False,True,False,True,False,False,,False,False,False,False,False,True,False
/money-invest/daily-news/video-festejos-obelisco-final-mundial-violencia-robosargentina/,Andrea Mercedes,sport business,10,13,76.9,🟡,True,False,False,True,True,True,,True,True,True,True,True,True,False
/money-invest/daily-news/tension-en-el-caribe-trump-promete-impedir-que-china-se-apodere-del-canal-de-panama/,Andrea Mercedes,daily news,10,13,76.9,🟡,True,True,False,True,True,False,,True,True,True,True,True,True,False
/technology/devices/codigos-secretos-de-netflix-como-desbloquear-las-categorias-ocultas-y-mejorar-la-calidad-de-video/,Jhojhanni Fiorini,devices,9,13,69.2,🟡,True,False,False,True,True,True,,True,True,True,True,False,True,False
/money-invest/daily-news/cuanto-cuesta-vivir-en-rd-segun-tu-region-e-ingresos-la-canasta-basica-en-mayo-2026/,Andrea Mercedes,daily news,10,13,76.9,🟡,True,False,False,True,True,True,,True,True,True,True,True,True,False
/money-invest/republica-dominicana/precio-del-dolar-hoy-en-republica-dominicana-este-martes-21-de-julio-de-2026/,Elba Reyes,república dominicana,9,13,69.2,🟡,True,False,False,True,True,True,,False,True,True,True,False,True,True
/money-invest/daily-news/por-que-te-pueden-negar-la-visa-americana-el-comunicado-oficial-de-la-embajada-que-tumba-los-mitos-mas-comunes/,Jhojhanni Fiorini,internacional,10,13,76.9,🟡,True,False,False,True,True,True,,True,True,True,True,True,True,False
/actualidad/argentina-vs-argelia-a-que-hora-juega-messi-en-republica-dominicana-y-donde-verlo-en-vivo/,Edwin Lozada,actualidad,8,13,61.5,🟡,True,False,False,True,True,False,,True,True,False,True,False,True,True
/mercado-women/executive-profiles/raquelle-pedraza-intervino-vestuario-shakira-en-la-final/,Karime Rivas,executive profiles,10,13,76.9,🟡,True,True,False,True,True,True,,True,True,True,False,True,True,False
/money-invest/china-responde-a-los-nuevos-aranceles-de-ee-uu-y-acusa-a-washington-de-manipulacion-politica/,Rodrigo Muñoz,money invest,6,13,46.2,🔴,True,False,False,True,True,False,,True,False,True,False,False,True,False
/actualidad/billete-2000-pesos-caracteristicas-seguridad-banco-central/,Gabriel Rico Albarrán,actualidad,5,13,38.5,🔴,False,False,False,True,True,False,,False,False,True,True,False,True,False
/empresas/las-empresas-mas-valiosas-de-europa-por-capitalizacion-bursatil-en-2026/,Jhojhanni Fiorini,empresas,7,13,53.8,🔴,True,False,False,True,True,False,,True,True,True,False,False,True,False
/business/europa-mantiene-su-sistema-biometrico-de-fronteras-pese-a-las-criticas-de-aerolineas-y-aeropuertos/,Ana Sosa,business,4,13,30.8,🔴,True,False,False,True,False,False,,False,True,False,False,False,True,False
/money-invest/daily-news/como-sacar-la-nueva-cedula-en-rd-jce-abre-plataforma-para-citas-online/,Andrea Mercedes,daily news,10,13,76.9,🟡,True,True,False,True,True,True,,False,True,True,True,True,True,False
/vision-emprendedora/industrias-macier-40-anos-de-innovacion-dominicana/,Jhojhanni Fiorini,brand content,3,13,23.1,🔴,False,True,False,True,False,False,,False,False,False,False,False,False,True
/money-invest/internacional-economia/india-supera-a-china-como-el-pais-con-mas-habitantes-del-mundo/,Jhojhanni Fiorini,internacional,9,13,69.2,🟡,False,True,False,True,True,False,,True,True,True,False,True,True,True
/politica/dentro-del-mundo-de-fantasia-de-donald-trump/,Ana Sosa,política,3,13,23.1,🔴,False,False,False,True,False,False,,False,True,False,False,False,True,False
/money-invest/daily-news/formula-precios-combustibles-abinader-rd/,Andrea Mercedes,daily news,9,13,69.2,🟡,True,False,False,True,True,False,,True,True,True,True,True,True,False
/market-brief/finanzas/el-fenomeno-de-el-nino-amenaza-al-cacao-subira-el-precio-del-chocolate-en-republica-dominicana/,Jhojhanni Fiorini,finanzas,8,13,61.5,🟡,True,False,False,True,True,True,,True,False,True,False,True,True,False
/lifestyle/las-7-obras-de-arte-mas-caras-del-mundo-en-2026-valor-historia-y-mercado/,Elba Reyes,lifestyle,7,13,53.8,🔴,True,False,False,True,True,False,,True,True,True,False,False,True,False
/empresas/terremoto-en-japon-paraliza-fabricas-de-chips-y-amenaza-la-cadena-mundial-de-semiconductores/,Miguel Vega,internacional,11,13,84.6,🟢,True,True,False,True,True,True,,True,True,True,False,True,True,True
/lifestyle/capacidad-para-12000-personas-tecnologia-de-punta-asi-sera-arena-de-santo-domingo/,Rodrigo Muñoz,lifestyle,7,13,53.8,🔴,True,False,False,True,True,False,,True,True,True,False,True,False,False
/business/estados-unidos-anuncia-aranceles-del-50-a-productos-canadienses-y-eleva-la-tension-comercial/,Ana Sosa,business,5,13,38.5,🔴,True,False,False,True,True,False,,False,True,False,False,False,True,False
/business/que-hay-detras-del-modelo-innovador-de-live-nation-entertainment-lo-que-la-proxima-gira-de-karol-g-va-a-revelar-en-america-latina/,Ana Sosa,business,3,13,23.1,🔴,True,False,False,True,False,False,,False,False,False,False,False,True,False
/empresas/brand-content/disciplina-corporativa-compliance-y-nuevo-codigo-penal-esta-su-empresa-lista-para-el-nuevo-codigo-penal/,Darling Gil,brand content,3,13,23.1,🔴,True,False,False,True,False,False,,False,False,False,False,False,True,False
/empresas/estas-5-carreras-universitarias-estan-saturadas-en-rd-y-ganan-menos-que-otras-segun-anje/,Elba Reyes,empresas,8,13,61.5,🟡,True,False,False,True,True,False,,True,True,True,True,False,True,False
/empresas/liderazgo-femenino-sistema-pensiones-kirsis-jaquez/,Ashley Presinal,sector fondo de pensiones,3,13,23.1,🔴,False,True,False,True,False,False,,False,False,False,False,False,True,False
/lifestyle/experiencias/las-10-ciudades-con-mejor-calidad-de-vida-en-el-mundo-para-vivir-y-trabajar/,Elba Reyes,experiencias,10,13,76.9,🟡,True,True,False,True,True,False,,True,True,True,True,True,True,False
/lifestyle/experiencias/ultra-lujo-en-el-caribe-los-5-resorts-mas-caros-de-republica-dominicana-en-2026/,Elba Reyes,experiencias,9,13,69.2,🟡,True,True,False,True,True,False,,True,True,True,True,False,True,False
/lifestyle/los-celulares-que-prefieren-los-magnates-tecnologicos-y-por-que-no-todos-usan-iphone/,Jhojhanni Fiorini,lifestyle,7,13,53.8,🔴,True,False,False,True,True,False,,True,True,True,False,False,True,False
/money-invest/banco-bhd-avanza-en-su-transformacion-digital/,Jhojhanni Fiorini,brand content,3,13,23.1,🔴,False,False,False,True,False,False,,False,False,False,False,False,True,True
/money-invest/daily-news/exportaciones-larimar-reglas-comercializacion/,Andrea Mercedes,daily news,12,13,92.3,🟢,True,True,False,True,True,True,,True,True,True,True,True,True,True
/money-invest/daily-news/precios-petroleo-guerra-medio-oriente-ormuz/,Andrea Mercedes,daily news,11,13,84.6,🟢,True,True,False,True,True,True,,True,True,True,True,True,True,False
/money-invest/daily-news/que-paso-con-las-viviendas-que-construyo-hugo-chavez-tras-el-terremoto-en-venezuela/,Andrea Mercedes,daily news,10,13,76.9,🟡,True,True,False,True,True,False,,True,True,True,True,True,True,False
/technology/devices/precio-del-iphone-18-pro-por-que-el-proximo-gama-alta-de-apple-costaria-menos-de-lo-esperado/,Elba Reyes,devices,9,13,69.2,🟡,True,True,False,True,True,False,,True,True,True,True,False,True,False
/technology/whatsapp-ya-no-es-100-gratis-estos-son-los-cambios-que-tendra-la-app-en-el-2026/,Elba Reyes,technology,9,13,69.2,🟡,True,False,False,True,True,False,,True,True,True,True,False,True,True
/business/4-instrucciones-que-pueden-revelarte-lo-que-los-chatbots-realmente-saben-de-ti/,Ana Sosa,artificial intelligence,4,13,30.8,🔴,True,False,False,True,False,False,,False,True,False,False,False,True,False
/business/el-capitalismo-de-elon-musk-que-adam-smith-no-aprobaria/,Ana Sosa,business,5,13,38.5,🔴,False,True,True,True,False,False,,False,True,False,False,False,True,False
/ediciones-especiales/cultura-laboral-ia-bienestar-y-habilidades-blandas/,Darling Gil,mejores empresas para trabajar,7,13,53.8,🔴,False,True,False,True,True,False,,False,True,True,False,True,True,False
/empresas/la-demanda-de-apple-amenaza-los-planes-secretos-de-openai-de-lanzar-un-rival-para-el-iphone/,Jhojhanni Fiorini,empresas,8,13,61.5,🟡,True,False,False,True,True,True,,True,True,True,False,False,True,False
/empresas/brand-content/reconocimiento-a-la-excelencia/,Darling Gil,sector industrias,2,13,15.4,🔴,False,False,False,True,False,False,,False,False,False,False,False,True,False
/lifestyle/experiencias/exodo-de-lujo-el-boom-inmobiliario-de-usd-3200-millones-que-transforma-la-costa-de-florida-con-capital-de-california/,Elba Reyes,experiencias,11,13,84.6,🟢,True,True,True,True,True,False,,True,True,True,True,False,True,True
/money-invest/daily-news/tragedia-nacional-el-devastador-balance-de-muetos-tras-los-sismos-que-azotaron-venezuela/,Andrea Mercedes,daily news,10,13,76.9,🟡,True,True,False,True,True,False,,True,True,True,True,True,True,False
/empresas/sport-business/puede-cristiano-ronaldo-ganar-el-mundial-2026-a-los-41-anos/,Jhojhanni Fiorini,sport business,8,13,61.5,🟡,False,True,False,True,True,True,,True,True,True,False,False,True,False
/lifestyle/hoteles/las-6-aperturas-de-hoteles-de-lujo-en-republica-dominicana-en-2025/,Rodrigo Muñoz,hoteles,5,13,38.5,🔴,False,False,True,True,True,False,,True,False,True,False,False,False,False
/lifestyle/viajes/las-10-ciudades-de-estados-unidos-donde-se-necesita-un-menor-salario-para-cubrir-el-costo-de-vida/,Elba Reyes,viajes,10,13,76.9,🟡,True,True,False,True,True,False,,True,True,True,True,True,True,False
/lifestyle/los-10-mejores-libros-de-finanzas-personales-y-negocios-2024/,Jhojhanni Fiorini,lifestyle,7,13,53.8,🔴,False,True,False,True,True,False,,True,True,True,False,False,True,False
/technology/exportaciones-de-taiwan-crecen-47-1-por-el-boom-de-la-ia/,Gabriel Rico Albarrán,technology,9,13,69.2,🟡,False,True,False,True,True,False,,True,True,True,True,False,True,True
/money-invest/daily-news/regreso-clases-2026-aumento-costos-republica-dominicana/,Andrea Mercedes,daily news,12,13,92.3,🟢,True,True,False,True,True,True,,True,True,True,True,True,True,True
/money-invest/daily-news/los-precios-de-los-alimentos-bajan-en-el-mundo-el-impacto-de-la-tregua-ee-uu-e-iran/,Andrea Mercedes,daily news,8,13,61.5,🟡,True,True,False,True,True,False,,True,True,True,False,False,True,False
/medihealth/salud/autismo-pudiera-revetirse/,Karime Rivas,salud,9,13,69.2,🟡,True,True,False,True,True,False,,True,False,True,True,False,True,True
/actualidad/precios-netflix-rd-tarifas-mensuales-planes/,Gabriel Rico Albarrán,actualidad,5,13,38.5,🔴,False,True,False,True,False,False,,False,True,True,False,False,True,False
/lifestyle/el-yate-de-oro-la-historia-detras-del-history-supreme/,Rodrigo Muñoz,lifestyle,7,13,53.8,🔴,False,True,False,True,True,False,,True,False,False,False,True,True,True
/actualidad/resultados-de-leidsa-del-sabado-9-de-mayo-de-2026/,Andrea Mercedes,actualidad,7,13,53.8,🔴,False,False,False,True,True,False,,False,True,True,True,True,False,True
/empresas/sport-business/un-titulo-por-defender-un-continente-por-representar-un-campeon-que-sigue-en-pie/,Ana Sosa,sport business,4,13,30.8,🔴,True,False,False,True,True,False,,False,False,False,False,False,True,False
/empresas/clerhp-impulsa-un-nuevo-modelo-inmobiliario-desde-larimar-city-resort/,Darling Gil,sector inmobiliario,3,13,23.1,🔴,True,False,False,True,False,False,,False,False,False,False,False,True,False
/mercado-women/trends/frida-kahlo-lecciones-de-liderazgo/,Karime Rivas,trends,10,13,76.9,🟡,True,True,False,True,True,True,,True,True,True,False,True,True,False
/technology/devices/elon-musk-lanza-x-money-la-nueva-plataforma-de-servicios-financieros-y-pagos-de-la-red-x/,Elba Reyes,devices,10,13,76.9,🟡,True,True,False,True,True,False,,True,True,True,True,False,True,True
/politica/estados-unidos-mexico-y-canada-abren-la-negociacion-que-pondra-a-prueba-su-acuerdo-comercial/,Ana Sosa,política,4,13,30.8,🔴,True,False,False,True,False,False,,False,True,False,False,False,True,False
/technology/devices/whatsapp-2026-como-vaciar-la-papelera-oculta-que-devora-los-gigas-de-tu-movil/,Elba Reyes,devices,8,13,61.5,🟡,True,False,False,True,True,False,,True,True,True,True,False,True,False
/mercado-women/trends/cuanto-cuesta-la-boda-de-taylor-swift-el-millonario-presupuesto-revelado-por-cnn/,Elba Reyes,trends,11,13,84.6,🟢,True,True,False,True,True,False,,True,True,True,True,True,True,True
/empresas/proyecciones-de-citi-para-el-dolar-en-latinoamerica-el-rumbo-de-las-monedas-de-la-region-en-2026-y-2027/,Jhojhanni Fiorini,empresas,9,13,69.2,🟡,True,False,False,True,True,True,,True,True,True,True,False,True,False
/empresas/ranking-los-10-mejores-ceos-del-mundo-en-2025/,Rodrigo Muñoz,empresas,7,13,53.8,🔴,False,False,False,True,True,False,,True,True,True,False,True,True,False
/money-invest/daily-news/cumbre-otan-2027/,Andrea Mercedes,daily news,11,13,84.6,🟢,True,True,False,True,True,True,,True,True,True,True,True,True,False
/lifestyle/viajes/las-mejores-playas-de-republica-dominicana-que-no-te-puedes-perder/,Rodrigo Muñoz,viajes,6,13,46.2,🔴,False,False,False,True,True,False,,True,False,True,True,True,False,False
/actualidad/resultados-de-la-loteria-nacional-del-jueves-09-de-abril-de-2026/,Jhojhanni Fiorini,actualidad,6,13,46.2,🔴,False,True,False,True,False,False,,False,True,True,True,True,False,False
/mercado-women/quien-es-melissa-perez-guerrero-la-nueva-gerente-de-inversiones-santa-cruz-y-referente-del-liderazgo-femenino/,Elba Reyes,mercado women,8,13,61.5,🟡,True,False,False,True,True,False,,True,True,True,True,False,True,False
/empresas/brand-content/ia-para-una-salud-mas-humana/,Darling Gil,sector call center,2,13,15.4,🔴,False,False,False,True,False,False,,False,False,False,False,False,True,False
/money-invest/daily-news/el-nuevo-edificio-mas-alto-de-latinoamerica-donde-se-construye-y-cuanto-medira/,Jhojhanni Fiorini,internacional,8,13,61.5,🟡,True,False,False,True,True,True,,True,True,True,False,False,True,False
/money-invest/internacional-economia/ranking-numbeo-2026-el-pais-latino-que-supero-a-potencias-en-calidad-de-vida/,Elba Reyes,internacional,9,13,69.2,🟡,True,True,False,True,True,False,,True,True,True,True,False,True,False
/money-invest/daily-news/alerta-en-la-copa-del-mundo-temperaturas-extremas-en-ee-uu-amenazan-los-partidos-de-eliminacion-directa/,Andrea Mercedes,sport business,11,13,84.6,🟢,True,True,False,True,True,True,,True,True,True,True,True,True,False
/money-invest/daily-news/consorcio-dominico-mexicano-se-adjudica-el-monorriel-de-santo-domingo-por-rd28985-millones/,Andrea Mercedes,daily news,9,13,69.2,🟡,True,True,False,True,True,False,,True,True,True,True,False,True,False
/money-invest/daily-news/empleados-publicos-republica-dominicana-2026/,Andrea Mercedes,daily news,9,13,69.2,🟡,True,False,False,True,True,False,,True,True,True,True,True,True,False
/lifestyle/ranking-de-los-vuelos-mas-largos-del-mundo-trayectos-de-mas-de-15-horas/,Elba Reyes,lifestyle,9,13,69.2,🟡,True,False,False,True,True,False,,True,True,True,True,False,True,True
/empresas/revelan-reporte-financiero-de-trump-campos-de-golf-y-marcas-generan-cifras-multimillonarias/,Andrea Mercedes,empresas,10,13,76.9,🟡,True,True,False,True,True,False,,True,True,True,True,True,True,False
/business/puede-la-vida-nocturna-revitalizar-la-economia-de-las-ciudades/,Ana Sosa,business,4,13,30.8,🔴,False,True,False,True,False,False,,False,True,False,False,False,True,False
