Páginas principales,Clics,Impresiones,CTR,Posición
https://revistamercado.do/empresas/sport-business/medallero-juegos-centroamericanos-2026-en-vivo/,10045,156498,6.42%,4.7
https://revistamercado.do/empresas/sport-business/quien-ganara-la-copa-del-mundo-las-probabilidades-de-argentina-inglaterra-y-espana-segun-opta/,8257,611982,1.35%,3.84
https://revistamercado.do/empresas/sport-business/fortuna-de-gianni-infantino-cuanto-gana-el-presidente-de-la-fifa-y-como-construyo-su-patrimonio-antes-del-mundial-2026/,4543,292496,1.55%,5.17
https://revistamercado.do/p/codigo-postal-santo-domingo/,4097,263803,1.55%,4.21
https://revistamercado.do/technology/devices/iphone-18-filtraciones-revelan-su-precio-cambios-en-las-camaras-y-fecha-de-lanzamiento/,4042,160917,2.51%,5.1
https://revistamercado.do/money-invest/daily-news/espana-trofeo-original-mundial-2026/,3783,69919,5.41%,4.79
https://revistamercado.do/technology/devices/iphone-18-pro-max-las-20-funciones-y-especificaciones-filtradas-antes-de-su-lanzamiento/,3422,137077,2.50%,3.85
https://revistamercado.do/p/codigo-postal-santo-domingo-este/,2988,107203,2.79%,5.42
https://revistamercado.do/technology/devices/el-iphone-18-pro-max-tendria-cuatro-camaras-las-novedades-del-proximo-telefono-de-apple/,2982,64366,4.63%,2.91
https://revistamercado.do/actualidad/resultados-de-las-loterias-del-26-de-julio-de-2026-en-republica-dominicana/,2972,453473,0.66%,7.37
https://revistamercado.do/money-invest/daily-news/mundial-2030-y-2034-donde-y-cuando-se-jugaran-las-proximas-ediciones-de-la-copa-del-mundo/,2944,260369,1.13%,7.13
https://revistamercado.do/money-invest/daily-news/que-famosos-murieron-en-el-terremoto-de-venezuela-lista-de-artistas-afectados-y-desaparecidos/,2899,34587,8.38%,4.81
https://revistamercado.do/empresas/sport-business/mundial-2026-asi-quedo-el-cuadro-de-los-cuartos-de-final-tras-los-octavos-fecha-y-hora-para-ver-los-partidos/,2798,364044,0.77%,4.41
https://revistamercado.do/technology/devices/cuando-sale-el-iphone-18-y-que-cambios-traera-el-nuevo-telefono-de-apple/,2640,83576,3.16%,4.53
https://revistamercado.do/technology/devices/como-sera-el-iphone-18-pro-todo-sobre-las-polemicas-modificaciones-fisicas-que-planea-apple/,2438,85609,2.85%,4.5
https://revistamercado.do/actualidad/resultados-de-leidsa-del-miercoles-1-de-julio-de-2026-en-republica-dominicana/,2392,93608,2.56%,7.14
https://revistamercado.do/actualidad/mundial-2026-por-que-piden-repetir-la-final-del-mundial-entre-argentina-y-francia/,2367,202745,1.17%,6
https://revistamercado.do/empresas/sport-business/quien-ganara-la-copa-del-mundo-2026-asi-marcha-el-power-ranking-de-selecciones-en-los-cuartos-de-final/,2288,157564,1.45%,5.33
https://revistamercado.do/actualidad/resultados-de-leidsa-del-sabado-18-de-julio-de-2026-en-republica-dominicana/,2264,50623,4.47%,6.05
https://revistamercado.do/empresas/sport-business/mundial-2026-asi-quedo-el-cuadro-de-los-octavos-de-final-tras-los-ultimos-resultados/,2095,144383,1.45%,6.22
https://revistamercado.do/money-invest/daily-news/de-quien-son-las-malvinas-realmente-las-claves-para-entender-la-disputa-entre-argentina-y-el-reino-unido/,2041,345332,0.59%,6.99
https://revistamercado.do/money-invest/daily-news/cuantos-partidos-le-quedan-al-mundial-2026-fechas-horarios-y-el-calendario-oficial-de-la-fase-final/,1999,696817,0.29%,7.74
https://revistamercado.do/actualidad/por-que-los-dias-en-la-tierra-pasaran-a-durar-25-horas-y-a-partir-de-que-fecha-segun-la-ciencia/,1937,148921,1.30%,4.61
https://revistamercado.do/actualidad/resultados-de-las-loterias-del-12-de-julio-de-2026-en-republica-dominicana/,1852,694656,0.27%,6.63
https://revistamercado.do/actualidad/resultados-de-leidsa-del-miercoles-29-de-julio-de-2026-en-republica-dominicana/,1789,129553,1.38%,6.72
https://revistamercado.do/actualidad/quienes-son-los-favoritos-para-ganar-el-balon-de-oro-2026-y-cuales-son-sus-estadisticas/,1696,83704,2.03%,5.02
https://revistamercado.do/actualidad/resultados-de-leidsa-del-miercoles-22-de-julio-de-2026-en-republica-dominicana/,1649,101994,1.62%,7.24
https://revistamercado.do/empresas/sport-business/el-equipo-ideal-del-mundial-2026-los-jugadores-elegidos-por-la-fifa/,1636,25756,6.35%,5.22
https://revistamercado.do/empresas/sport-business/mundial-de-futbol-2030-donde-se-jugara-sedes-confirmadas-y-cuando-empieza-el-torneo-centenario/,1587,183435,0.87%,4.94
https://revistamercado.do/actualidad/resultados-de-las-loterias-del-28-de-julio-de-2026-en-republica-dominicana/,1545,318828,0.48%,7.94
https://revistamercado.do/actualidad/resultados-de-leidsa-del-sabado-11-de-julio-de-2026-en-republica-dominicana/,1545,40416,3.82%,6.26
https://revistamercado.do/technology/devices/en-que-colores-saldra-el-iphone-18-pro-max-las-filtraciones-del-nuevo-celular/,1539,38005,4.05%,2.79
https://revistamercado.do/actualidad/resultados-de-las-loterias-del-02-de-julio-de-2026-en-republica-dominicana/,1499,533631,0.28%,7.54
https://revistamercado.do/actualidad/resultados-de-las-loterias-del-29-de-junio-de-2026-en-republica-dominicana-2/,1491,151746,0.98%,7.25
https://revistamercado.do/actualidad/resultados-de-las-loterias-del-07-de-julio-de-2026-en-republica-dominicana/,1349,532475,0.25%,6.62
https://revistamercado.do/actualidad/resultados-de-leidsa-del-sabado-27-de-junio-de-2026/,1343,19494,6.89%,6.35
https://revistamercado.do/actualidad/resultados-de-las-loterias-del-05-de-julio-de-2026-en-republica-dominicana/,1331,612389,0.22%,6.93
https://revistamercado.do/actualidad/resultados-de-leidsa-del-miercoles-15-de-julio-de-2026-en-republica-dominicana/,1331,47213,2.82%,6.93
https://revistamercado.do/turismo/paises-a-los-que-puedes-viajar-sin-visa-desde-republica-dominicana-en-abril-2026/,1290,23677,5.45%,3.94
https://revistamercado.do/actualidad/resultados-de-las-loterias-del-09-de-julio-de-2026-en-republica-dominicana/,1262,251941,0.50%,7.58
https://revistamercado.do/actualidad/resultados-de-las-loterias-del-06-de-julio-de-2026-en-republica-dominicana/,1222,307219,0.40%,6.71
https://revistamercado.do/actualidad/resultados-de-las-loterias-del-15-de-julio-de-2026-en-republica-dominicana/,1220,311915,0.39%,6.86
https://revistamercado.do/actualidad/partidos-del-mundial-2026-hoy-martes-7-de-julio-horarios-y-donde-ver-futbol-en-vivo/,1172,140569,0.83%,5.24
https://revistamercado.do/money-invest/daily-news/records-espana-campeona-mundial-2026-2/,1136,70105,1.62%,4.64
https://revistamercado.do/money-invest/daily-news/expertos-advierten-gran-terremoto-republica-dominicana/,1104,26048,4.24%,5.99
https://revistamercado.do/actualidad/resultados-de-leidsa-del-sabado-25-de-julio-de-2026-en-republica-dominicana/,1077,52317,2.06%,6.72
https://revistamercado.do/technology/como-saber-si-te-bloquearon-en-whatsapp-las-senales-que-si-lo-confirman/,1075,117760,0.91%,5.82
https://revistamercado.do/money-invest/daily-news/japon-predijo-el-terremoto-de-venezuela-el-informe-de-hace-20-anos-que-el-gobierno-ignoro/,1045,17502,5.97%,3.86
https://revistamercado.do/money-invest/daily-news/abinader-promulga-la-reforma-fiscal-estas-son-las-principales-medidas-de-la-ley-30-26/,1041,16564,6.28%,3.98
https://revistamercado.do/actualidad/resultados-de-las-loterias-del-13-de-julio-de-2026-en-republica-dominicana/,1001,172020,0.58%,7.4
https://revistamercado.do/actualidad/hay-escena-post-creditos-en-la-odisea-esto-debes-saber-antes-de-salir-del-cine/,991,85578,1.16%,5.65
https://revistamercado.do/money-invest/daily-news/cuanto-pagaras-por-una-transferencia-bancos-explican-como-funciona-el-nuevo-impuesto-de-0-20/,979,40499,2.42%,4.59
https://revistamercado.do/empresas/sport-business/cuanto-dinero-gana-el-campeon-del-mundial-2026-el-millonario-premio-de-la-fifa-bajo-la-lupa/,936,180075,0.52%,4.95
https://revistamercado.do/actualidad/resultados-de-leidsa-del-miercoles-8-de-julio-de-2026-en-republica-dominicana/,933,6719,13.89%,2.86
https://revistamercado.do/,916,8119,11.28%,5.84
https://revistamercado.do/actualidad/resultados-de-las-loterias-del-19-de-julio-de-2026-en-republica-dominicana/,903,348505,0.26%,6.29
https://revistamercado.do/empresas/cuando-sale-el-samsung-galaxy-s27-cuanto-costara-y-que-cambios-trae/,852,76618,1.11%,5.9
https://revistamercado.do/empresas/sport-business/juegos-centroamericanos-santo-domingo-2026-dominicanos-que-compiten-hoy-y-sus-horarios/,845,38211,2.21%,4.96
https://revistamercado.do/actualidad/resultados-de-las-loterias-del-28-de-junio-de-2026-en-republica-dominicana/,832,333574,0.25%,7.65
https://revistamercado.do/technology/devices/cuanto-costara-el-iphone-18-pro-max-en-republica-dominicana-filtraciones-de-su-precio-estimado/,784,40935,1.92%,3.97
https://revistamercado.do/money-invest/daily-news/caida-de-altice-hoy-en-republica-dominicana-que-pasa-con-las-llamadas-e-internet/,776,29766,2.61%,4.97
https://revistamercado.do/technology/como-verificar-en-que-dispositivos-esta-abierta-tu-cuenta-de-whatsapp/,771,111143,0.69%,6.6
https://revistamercado.do/empresas/sport-business/cuanto-dinero-gana-una-seleccion-por-clasificar-a-octavos-de-final-del-mundial-2026/,754,90585,0.83%,5.17
https://revistamercado.do/actualidad/calendario-lunar-julio-2026-mejores-dias-para-cortarse-el-cabello-y-depilarse/,754,62236,1.21%,6.75
https://revistamercado.do/money-invest/daily-news/renuncia-gianni-infantino-escandalo-fifa-trump-mundial-2026/,749,63480,1.18%,5.7
https://revistamercado.do/empresas/sport-business/cuadro-de-octavos-de-final-del-mundial-2026-partidos-cruces-y-fechas-confirmadas/,744,39258,1.90%,4.78
https://revistamercado.do/actualidad/resultados-de-las-loterias-del-30-de-julio-de-2026-en-republica-dominicana/,733,87782,0.84%,7.3
https://revistamercado.do/actualidad/tension-en-el-mundial-2026-los-detalles-del-incomodo-cruce-entre-shakira-pique-y-clara-chia/,727,11217,6.48%,3.21
https://revistamercado.do/empresas/sport-business/mundial-2026-conoce-los-cruces-confirmados-de-los-octavos-de-final-tras-los-partidos-de-hoy/,718,45464,1.58%,5.9
https://revistamercado.do/actualidad/a-que-hora-empieza-la-inauguracion-de-los-juegos-centroamericanos-santo-domingo-2026-y-donde-verla-en-rd/,717,18749,3.82%,4.5
https://revistamercado.do/money-invest/daily-news/como-ver-juegos-centroamericanos-santo-domingo-2026-rd/,715,36790,1.94%,5.22
https://revistamercado.do/money-invest/daily-news/elecciones-presidenciales-en-brasil-2026-quien-va-ganando-entre-lula-y-bolsonaro/,687,15635,4.39%,5.9
https://revistamercado.do/actualidad/resultados-de-las-loterias-del-14-de-julio-de-2026-en-republica-dominicana/,682,251319,0.27%,7.19
https://revistamercado.do/money-invest/daily-news/tiembla-el-caribe-lo-que-se-sabe-de-los-temblores-registrados-en-la-zona-sur-de-rd/,674,55737,1.21%,6.42
https://revistamercado.do/technology/devices/el-iphone-18-pro-sera-mas-grueso-las-filtraciones-revelan-las-medidas-exactas-y-el-nuevo-tamano-de-su-bateria/,634,20738,3.06%,3.12
https://revistamercado.do/technology/devices/donde-ver-el-mundial-2026-en-republica-dominicana-gratis/,629,29788,2.11%,5.52
https://revistamercado.do/technology/devices/es-posible-que-alguien-vea-mis-conversaciones-de-whatsapp/,627,45941,1.36%,4.24
https://revistamercado.do/technology/devices/filtracion-del-iphone-18-pro-imagenes-revelan-su-aspecto-real-y-nuevo-color/,626,38587,1.62%,5.45
https://revistamercado.do/empresas/sport-business/mundial-2026-cruces-de-semifinales-equipos-clasificados-y-fechas-de-los-partidos/,600,91858,0.65%,5.38
https://revistamercado.do/lifestyle/estos-son-los-paises-a-los-que-los-dominicanos-pueden-viajar-sin-visa-en-2026/,591,13291,4.45%,4.01
https://revistamercado.do/money-invest/daily-news/el-adios-definitivo-por-que-di-maria-decidio-no-estar-en-el-mundial-2026/,576,64592,0.89%,6.07
https://revistamercado.do/lifestyle/quienes-serian-los-artistas-del-festival-presidente-2026-en-diciembre-en-santo-domingo/,571,16421,3.48%,5.41
https://revistamercado.do/empresas/sport-business/agenda-hoy-juegos-centroamericanos-santo-domingo-2026/,560,20348,2.75%,4.84
https://revistamercado.do/technology/devices/me-han-bloqueado-en-whatsapp-el-truco-definitivo-para-confirmarlo-en-2026/,544,73188,0.74%,7.82
https://revistamercado.do/technology/devices/merecera-la-pena-comprar-el-iphone-18-dos-funciones-clave-de-ia-se-quedan-fuera/,542,17134,3.16%,3.35
https://revistamercado.do/technology/que-significa-centro-de-llegada-en-temu-y-por-que-tu-pedido-se-queda-ahi/,505,48615,1.04%,6.21
https://revistamercado.do/lifestyle/como-esta-el-sargazo-en-punta-cana-y-el-caribe-dominicano-estado-actual-de-las-costas-en-julio-de-2026/,504,17837,2.83%,6.13
https://revistamercado.do/empresas/las-marcas-de-lujo-mas-valiosas-en-2024/,496,18939,2.62%,3.28
https://revistamercado.do/technology/devices/modo-infiel-en-whatsapp-como-funciona-el-codigo-secreto-para-esconder-conversaciones/,484,22703,2.13%,4.54
https://revistamercado.do/technology/devices/se-filtra-el-iphone-18-pro-un-cuarto-color-sorpresa-llegara-al-nuevo-buque-insignia-de-apple/,467,30901,1.51%,6.39
https://revistamercado.do/market-brief/finanzas/estas-son-las-tarjetas-de-credito-mas-exclusivas-del-mundo/,462,24267,1.90%,4.24
https://revistamercado.do/money-invest/daily-news/reforma-fiscal-ley-30-26-a-partir-de-que-salario-se-paga-impuesto-y-que-productos-suben-de-precio-en-rd/,462,16441,2.81%,5.92
https://revistamercado.do/money-invest/daily-news/como-cambia-la-ley-de-la-policia-nacional-en-rd-los-nuevos-limites-de-las-requisas-y-los-rangos-modificados/,454,11828,3.84%,4.64
https://revistamercado.do/money-invest/daily-news/ley-residuos-solidos-rd-ley-36-26-cambios-contribuciones/,427,4225,10.11%,4.43
https://revistamercado.do/money-invest/daily-news/quien-es-ruben-vargas-el-futbolista-de-origen-dominicano-que-clasifico-a-suiza-en-el-mundial-2026/,419,47116,0.89%,7.03
https://revistamercado.do/technology/devices/precios-del-galaxy-z-fold-8-y-z-flip-8-la-filtracion-que-confirma-un-fuerte-aumento/,414,9559,4.33%,5.58
https://revistamercado.do/money-invest/daily-news/paises-mas-endeudados-con-el-fmi-en-latinoamerica-2026-asi-quedo-el-ranking/,406,11645,3.49%,5.75
https://revistamercado.do/money-invest/internacional-economia/ranking-de-divisas-2026-las-monedas-mas-fuertes-y-debiles-de-america-latina/,400,23421,1.71%,6.67
https://revistamercado.do/technology/devices/como-saber-si-leyeron-mi-mensaje-sin-el-doble-check-azul-trucos-de-whatsapp-2026/,396,32369,1.22%,6.26
https://revistamercado.do/actualidad/resultados-de-las-loterias-del-17-de-junio-de-2026-en-republica-dominicana/,383,5605,6.83%,5.73
https://revistamercado.do/money-invest/daily-news/se-dejara-de-pagar-con-tarjeta-en-las-gasolineras-anadegas-anuncia-protesta-por-altas-comisiones-bancarias/,382,9530,4.01%,5.05
https://revistamercado.do/money-invest/internacional-economia/ranking-de-los-paises-mas-corruptos-de-latinoamerica-en-2026/,368,5908,6.23%,3.76
https://revistamercado.do/money-invest/daily-news/escudo-nacional-nueva-cedula-dominicana/,349,13097,2.66%,5.15
https://revistamercado.do/technology/devices/iphone-18-pro-razones-clave-para-cambiar-tu-iphone-viejo-y-dar-el-salto-generacional/,346,14695,2.35%,2.84
https://revistamercado.do/empresas/sport-business/cuantos-goles-le-faltan-a-messi-para-ser-el-maximo-goleador-de-la-historia-del-mundial-el-record-de-klose/,344,81845,0.42%,5.28
https://revistamercado.do/actualidad/resultados-de-leidsa-del-miercoles-24-de-junio-de-2026/,341,4804,7.10%,5.04
https://revistamercado.do/money-invest/daily-news/cuanto-gano-espana-mundial-2026/,340,32755,1.04%,5.54
https://revistamercado.do/technology/devices/iphone-18-la-estrategia-poco-habitual-que-evaluaria-apple-para-sus-proximos-celulares/,331,33996,0.97%,3.56
https://revistamercado.do/empresas/sport-business/tabla-de-goleadores-del-mundial-2026-quien-lidera-la-bota-de-oro/,330,40619,0.81%,4.76
https://revistamercado.do/mejores-empresas-para-trabajar-2026/,330,2157,15.30%,2.93
https://revistamercado.do/technology/devices/por-que-apple-recortara-costes-en-la-pantalla-del-iphone-18-pro-y-como-afectara-su-precio-final/,316,19840,1.59%,2.56
https://revistamercado.do/money-invest/daily-news/cambios-nuevo-codigo-penal-republica-dominicana-2026/,315,11001,2.86%,6.88
https://revistamercado.do/actualidad/mhoni-vidente-lanza-su-prediccion-para-el-espana-vs-argentina-en-la-final-del-mundial-2026/,314,6116,5.13%,5.33
https://revistamercado.do/money-invest/daily-news/que-debes-saber-sobre-el-cambio-de-la-cedula-en-republica-dominicana/,308,16405,1.88%,2.73
https://revistamercado.do/money-invest/los-paises-mas-ricos-de-latinoamerica-por-pib-per-capita-en-2026/,306,26757,1.14%,5.93
https://revistamercado.do/actualidad/quien-es-melissa-nunez-miss-rd-universo-2026-biografia-carrera-y-perfil-de-la-ganadora/,298,5895,5.06%,3.83
https://revistamercado.do/money-invest/daily-news/cuantas-victimas-dejo-el-sismo-de-venezuela-balance-y-mapa-de-las-zonas-mas-afectadas-por-la-tragedia/,294,11252,2.61%,4.3
https://revistamercado.do/actualidad/votaciones-del-juego-de-estrellas-mlb-2026-que-dominicanos-seran-titulares/,294,9287,3.17%,6.35
https://revistamercado.do/actualidad/ni-trampas-ni-veneno-este-es-el-truco-natural-para-ahuyenta-las-ratas-de-su-casa/,287,13275,2.16%,3.53
https://revistamercado.do/money-invest/ranking-estos-son-los-paises-con-la-peor-calidad-de-vida-en-2026/,287,8675,3.31%,4.01
https://revistamercado.do/empresas/sport-business/cuantas-medallas-gano-republica-dominicana-en-la-quinta-jornada-de-santo-domingo-2026/,287,7469,3.84%,4
https://revistamercado.do/actualidad/partidos-del-mundial-2026-hoy-viernes-3-de-julio-horarios-en-rd-donde-ver-futbol-en-vivo/,286,40280,0.71%,5.52
https://revistamercado.do/actualidad/resultados-de-las-loterias-del-15-de-junio-de-2026-en-republica-dominicana/,283,3877,7.30%,5.42
https://revistamercado.do/empresas/sport-business/quienes-son-los-atletas-dominicanos-que-ganaron-medalla-de-oro-en-los-juegos-centroamericanos-2026/,282,7113,3.96%,5.16
https://revistamercado.do/technology/como-volver-a-ver-fotos-de-un-solo-uso-en-whatsapp-con-este-truco-oculto/,279,12581,2.22%,7.17
https://revistamercado.do/money-invest/daily-news/juegos-centroamericanos-santo-domingo-2026-guia-calendario-boletos-sedes/,276,32398,0.85%,5.89
https://revistamercado.do/money-invest/daily-news/uber-compra-pedidosya-delivery-america-latina/,272,8197,3.32%,4.03
https://revistamercado.do/actualidad/los-mejores-restaurantes-rd/,271,25354,1.07%,7.28
https://revistamercado.do/money-invest/daily-news/cierres-de-calles-por-santo-domingo-2026-guia-para-evitar-el-transito-en-el-centro-olimpico/,271,3104,8.73%,4.93
https://revistamercado.do/empresas/sport-business/noruega-vs-inglaterra-mundial-2026-una-tardo-28-anos-en-volver-la-otra-lleva-60-intentando-ser-campeona-de-nuevo/,263,67987,0.39%,7.85
https://revistamercado.do/empresas/sport-business/como-es-el-balon-de-la-final-del-mundial-2026-asi-es-el-trionda-final-y-la-tecnologia-que-esconde/,261,67640,0.39%,5.47
https://revistamercado.do/events/,261,2680,9.74%,5.2
https://revistamercado.do/technology/iphone-17-vs-iphone-18-pro-max-que-cambia-y-si-vale-la-pena-esperar/,260,17205,1.51%,6.44
https://revistamercado.do/empresas/ranking-global-los-20-paises-con-los-impuestos-mas-altos-del-mundo/,260,8266,3.15%,4.87
https://revistamercado.do/actualidad/resultados-de-la-loteria-quiniela-real-del-domingo-5-julio-de-2026/,258,129687,0.20%,7.93
https://revistamercado.do/mercado-women/trends/calendario-lunar-para-cortarse-el-pelo-en-2026-fechas-para-que-crezca-rapido-y-fuerte/,257,18543,1.39%,7.9
https://revistamercado.do/money-invest/daily-news/link-oficial-para-consultar-el-bono-madre-2026-verifica-con-tu-cedula-si-eres-beneficiaria/,254,6837,3.72%,6.58
https://revistamercado.do/money-invest/daily-news/nasa-terremoto-venezuela-superficie-terrestre-nisar/,252,11270,2.24%,3.41
https://revistamercado.do/money-invest/internacional-economia/las-10-ciudades-mas-seguras-de-latinoamerica-segun-el-ranking-de-seguridad/,250,5015,4.99%,4.07
https://revistamercado.do/empresas/sport-business/cuando-empieza-el-proximo-mundial-los-anos-y-dias-que-faltan-para-la-copa-del-mundo-2030/,245,56458,0.43%,5.44
https://revistamercado.do/money-invest/daily-news/libro-predijo-espana-campeona-mundial-2026/,245,7398,3.31%,5.69
https://revistamercado.do/technology/devices/lista-oficial-de-samsung-los-25-galaxy-que-actualizaran-a-one-ui-9-y-android-17/,243,9844,2.47%,5.79
https://revistamercado.do/medihealth/wellbeing/peso-recomendado-para-una-mujer-de-1-60-m-y-cuando-hay-riesgo-para-la-salud/,237,79956,0.30%,7.4
https://revistamercado.do/technology/devices/samsung-presenta-los-nuevos-galaxy-z-fold-8-y-z-flip-8-precios-fechas-y-caracteristicas/,232,20276,1.14%,3.93
https://revistamercado.do/money-invest/daily-news/tormenta-tropical-elida-trayectoria-en-vivo/,232,8111,2.86%,5.37
https://revistamercado.do/technology/devices/filtraciones-del-iphone-18-en-internet-los-cambios-secretos-que-causan-la-molestia-de-apple/,231,8125,2.84%,3.59
https://revistamercado.do/actualidad/resultados-de-la-loteria-quiniela-real-del-jueves-23-julio-de-2026/,230,97943,0.23%,6.68
https://revistamercado.do/actualidad/resultados-de-las-loterias-del-16-de-junio-de-2026-en-republica-dominicana/,226,3551,6.36%,5.46
https://revistamercado.do/actualidad/resultados-de-la-loteria-quiniela-real-del-miercoles-1-julio-de-2026/,222,91357,0.24%,7.56
https://revistamercado.do/money-invest/daily-news/que-documentos-necesitas-para-la-nueva-cedula-en-rd-pasos-y-requisitos/,222,15002,1.48%,4.86
https://revistamercado.do/technology/devices/nombre-de-usuario-en-whatsapp-2026-es-obligatorio-registrar-un-alias/,221,33632,0.66%,4.35
https://revistamercado.do/medihealth/salud/ni-insecticidas-ni-trampas-este-olor-comun-ahuyenta-cucarachas/,221,30335,0.73%,2.67
https://revistamercado.do/empresas/sport-business/la-final-del-mundial-2026-ya-esta-definida-espana-vs-argentina-cuando-y-donde-verla-en-rd/,217,51620,0.42%,8.14
https://revistamercado.do/money-invest/internacional-economia/ranking-2026-los-paises-mas-caros-para-vivir-en-america-latina-y-el-caribe/,215,6892,3.12%,4.18
https://revistamercado.do/empresas/sport-business/cuanto-dinero-gano-la-fifa-por-el-mundial-2026-y-como-se-repartieron-los-premios/,214,14564,1.47%,5.29
https://revistamercado.do/empresas/sport-business/cuando-y-a-que-hora-se-juegan-las-semifinales-del-mundial-2026-cruces-fechas-y-estadios-de-los-partidos/,210,35717,0.59%,6.4
https://revistamercado.do/money-invest/daily-news/que-pasaria-en-santo-domingo-y-santiago-si-ocurre-un-terremoto-como-el-de-venezuela/,204,27280,0.75%,6.64
https://revistamercado.do/money-invest/daily-news/impuesto-a-las-transferencias-electronicas-sube-que-cambia-desde-este-3-de-julio/,199,15367,1.29%,6.5
https://revistamercado.do/money-invest/daily-news/paises-con-mejor-reputacion-de-latinoamerica-2026-el-ranking-de-repcore-nations/,197,9574,2.06%,6.49
https://revistamercado.do/wp-content/uploads/2025/08/Ley-Núm.-74-25-Código-Penal-RD.pdf,194,7600,2.55%,4.93
https://revistamercado.do/money-invest/daily-news/quien-es-la-reina-de-belleza-que-murio-en-el-terremoto-de-venezuela/,194,5572,3.48%,4.41
https://revistamercado.do/actualidad/resultados-de-la-loteria-quiniela-real-del-miercoles-22-julio-de-2026/,192,116727,0.16%,6.82
https://revistamercado.do/empresas/la-nueva-imagen-global-de-coca-cola-el-drastico-cambio-de-diseno-que-se-aplicara-en-todo-el-mundo/,192,7758,2.47%,6.57
https://revistamercado.do/empresas/espana-vs-francia-semifinal-mundial-2026/,191,89833,0.21%,7.12
https://revistamercado.do/lifestyle/las-20-mejores-peliculas-de-la-historia-segun-el-publico-en-imdb/,191,36899,0.52%,4.1
https://revistamercado.do/actualidad/hubo-reconciliacion-todo-sobre-la-reunion-privada-del-principe-harry-y-sus-hijos-con-carlos-iii/,186,5018,3.71%,3.27
https://revistamercado.do/actualidad/resultados-de-las-loterias-del-18-de-junio-de-2026-en-republica-dominicana/,186,3132,5.94%,5.16
https://revistamercado.do/empresas/sport-business/espectaculo-de-clausura-del-mundial-2026-horarios-artistas-y-que-canales-transmiten-en-rd/,181,13186,1.37%,5.59
https://revistamercado.do/actualidad/resultados-de-la-loteria-quiniela-real-del-domingo-26-julio-de-2026/,179,30746,0.58%,6.21
https://revistamercado.do/technology/devices/samsung-galaxy-z-fold-8-fecha-oficial-de-presentacion-confirmada-para-el-proximo-galaxy-unpacked/,177,6525,2.71%,5.28
https://revistamercado.do/actualidad/se-retira-cristiano-ronaldo-confirman-que-el-mundial-2026-sera-su-ultimo-baile/,176,38556,0.46%,5.59
https://revistamercado.do/actualidad/muere-stuart-ortiz-a-los-42-anos-de-que-fallecio-el-actor-dominicano/,173,8885,1.95%,5.17
https://revistamercado.do/lifestyle/experiencias/el-mapa-de-la-alta-cocina-2026-los-paises-con-los-mejores-restaurantes-del-mundo/,172,6974,2.47%,6.53
https://revistamercado.do/actualidad/resultados-de-la-loteria-quiniela-real-del-lunes-20-julio-de-2026/,170,124167,0.14%,7.57
https://revistamercado.do/empresas/sport-business/proximo-mundial-2030-donde-se-juega-las-sedes-confirmadas-y-las-fechas-de-la-copa-del-mundo/,170,19103,0.89%,5.52
https://revistamercado.do/money-invest/republica-dominicana/precio-del-dolar-hoy-en-republica-dominicana-este-lunes-6-de-julio-de-2026/,168,53761,0.31%,7.21
https://revistamercado.do/technology/devices/como-borrar-un-contacto-de-whatsapp-sin-dejar-rastro-guia-definitiva-2026/,167,18201,0.92%,4.22
https://revistamercado.do/actualidad/los-10-paises-con-mayor-tasa-de-alcoholismo-en-el-mundo/,167,13136,1.27%,6.87
https://revistamercado.do/empresas/carreras-mejor-pagadas-en-republica-dominicana-salarios-y-areas-con-mayor-demanda/,167,9848,1.70%,3.78
https://revistamercado.do/empresas/ranking-2026-los-12-paises-donde-mas-se-trabaja-en-el-mundo/,164,9989,1.64%,5.66
https://revistamercado.do/money-invest/republica-dominicana/ranking-de-las-universidades-mejor-posicionadas-de-republica-dominicana-en-2026/,162,6146,2.64%,4.64
https://revistamercado.do/money-invest/daily-news/daniel-ortega-suspendera-elecciones-nicaragua/,162,5909,2.74%,3.26
https://revistamercado.do/money-invest/daily-news/petro-denuncia-fraude-algoritmico-colombia/,162,2277,7.11%,5.15
https://revistamercado.do/actualidad/resultados-de-las-loterias-del-22-de-junio-de-2026-en-republica-dominicana/,161,14054,1.15%,6.95
https://revistamercado.do/the-best-of-dr/los-mejores-bares-de-rd/,161,9820,1.64%,7.84
https://revistamercado.do/rankings/,161,2588,6.22%,4.46
https://revistamercado.do/lifestyle/las-10-ciudades-mas-economicas-para-vivir-en-estados-unidos-en-2026/,160,6722,2.38%,4.84
https://revistamercado.do/money-invest/daily-news/pruebas-nacionales-2026-guia-de-horarios-materias-y-lo-que-deben-llevar-los-estudiantes-desde-hoy/,157,45154,0.35%,8.17
https://revistamercado.do/technology/whatsapp-empezara-a-cobrar-meta-lanza-suscripciones-y-cambia-su-modelo-de-negocio/,155,6903,2.25%,5.78
https://revistamercado.do/money-invest/daily-news/nueva-cedula-en-rd-redefine-su-modelo-todo-lo-que-debe-saber-sobre-su-vigencia-por-edad-y-version-digital/,154,19328,0.80%,2.6
https://revistamercado.do/technology/devices/whatsapp-suspendido-los-3-pasos-definitivos-para-apelar-y-recuperar-tu-numero/,154,13883,1.11%,7.49
https://revistamercado.do/money-invest/daily-news/temporada-de-huracanes-2026-que-riesgo-corre-la-republica-dominicana/,154,3441,4.48%,6.57
https://revistamercado.do/mercado-exchange/mercado-mejores-empresas-para-trabajar-summit-2026-con-las-soft-skills-y-salud-mental-al-centro-de-la-conversacion/,154,794,19.40%,4.41
https://revistamercado.do/money-invest/daily-news/la-nasa-revela-como-se-deformo-el-suelo-tras-el-terremoto-de-venezuela/,153,2710,5.65%,3.87
https://revistamercado.do/money-invest/estos-son-los-ejercitos-mas-poderosos-del-mundo-segun-el-ranking-global/,152,30282,0.50%,7.23
https://revistamercado.do/technology/devices/modo-fantasma-en-whatsapp-trucos-infalibles-para-leer-mensajes-sin-dejar-el-en-visto/,152,23776,0.64%,6.72
https://revistamercado.do/lifestyle/estas-son-las-ciudades-mas-peligrosas-de-europa-en-2026-segun-indices-de-criminalidad/,152,6874,2.21%,6.13
https://revistamercado.do/empresas/las-carreras-mas-estudiadas-en-republica-dominicana-en-la-actualidad/,151,8940,1.69%,5.4
https://revistamercado.do/actualidad/cierres-viales-por-manifestaciones-en-santo-domingo-rutas-alternas-y-desvios-recomendados-para-hoy/,150,4397,3.41%,5.41
https://revistamercado.do/turismo/a-donde-viajar-sin-visa-en-junio-de-2026-los-paises-abiertos-para-el-pasaporte-dominicano/,149,4671,3.19%,5.87
https://revistamercado.do/empresas/sport-business/clausura-del-mundial-2026-fecha-artistas-invitados-y-como-verla-en-rd/,148,25761,0.57%,6.75
https://revistamercado.do/actualidad/resultados-de-la-loteria-quiniela-real-del-jueves-9-julio-de-2026/,145,66042,0.22%,7.49
https://revistamercado.do/actualidad/fracaso-de-supergirl-en-taquilla-2026-dc-studios-admite-que-no-cumplio-expectativas/,145,13130,1.10%,5.77
https://revistamercado.do/money-invest/internacional-economia/los-paises-con-mayor-porcentaje-de-pobreza-en-america-latina/,144,8745,1.65%,8.02
https://revistamercado.do/mercado/empresas-responsabilidad-social/,144,6140,2.35%,32.91
https://revistamercado.do/actualidad/resultados-de-leidsa-del-sabado-13-de-junio-de-2026/,143,4780,2.99%,5.7
https://revistamercado.do/technology/devices/que-es-y-para-que-sirve-el-nuevo-icono-morado-que-esta-apareciendo-en-whatsapp/,142,17951,0.79%,4.58
https://revistamercado.do/empresas/sport-business/mundial-2026-conoce-los-cruces-confirmados-de-los-octavos-de-final/,142,14576,0.97%,5.34
https://revistamercado.do/empresas/quien-es-el-dueno-de-coca-cola-los-grandes-inversores-detras-de-la-empresa/,141,14523,0.97%,4.87
https://revistamercado.do/technology/devices/asi-puedes-encontrar-vuelos-mucho-mas-baratos-con-google-flights-guia-de-trucos-paso-a-paso/,140,545240,0.03%,6.45
https://revistamercado.do/money-invest/republica-dominicana/las-familias-empresariales-mas-poderosas-de-republica-dominicana/,140,10344,1.35%,3.84
https://revistamercado.do/empresas/sport-business/agenda-de-los-dominicanos-en-los-juegos-centroamericanos-santo-domingo-2026-para-hoy-29-de-julio/,140,6712,2.09%,4.8
https://revistamercado.do/money-invest/daily-news/unai-simon-gana-el-guante-de-oro-como-mejor-portero-del-mundial-2026/,138,19829,0.70%,5.22
https://revistamercado.do/actualidad/resultados-de-las-loterias-del-lunes-1-de-junio-de-2026-en-republica-dominicana/,137,2616,5.24%,5.14
https://revistamercado.do/money-invest/daily-news/juegos-centroamericanos-caribe-santo-domingo-2026-fechas-calendario/,136,17648,0.77%,6.05
https://revistamercado.do/money-invest/cuando-caduca-una-deuda-de-tarjeta-de-credito-en-republica-dominicana/,136,8156,1.67%,5.3
https://revistamercado.do/money-invest/republica-dominicana/precio-del-dolar-hoy-en-republica-dominicana-este-miercoles-29-de-julio-de-2026/,135,42902,0.31%,6.89
https://revistamercado.do/empresas/sport-business/argentina-vs-inglaterra-semifinal-mundial-2026-la-revancha-que-la-seleccion-inglesa-tiene-esperando-40-anos/,134,17881,0.75%,6.03
https://revistamercado.do/actualidad/el-fin-del-mundo-en-noviembre-la-prediccion-de-von-foerster-que-se-vuelve-viral-en-2026/,134,15617,0.86%,6.45
https://revistamercado.do/empresas/sport-business/incentivos-atletas-juegos-centroamericanos-2026-rd/,134,3591,3.73%,4.42
https://revistamercado.do/actualidad/resultados-de-leidsa-del-sabado-6-de-junio-de-2026/,134,3225,4.16%,5.09
https://revistamercado.do/actualidad/por-que-la-hija-de-brad-pitt-y-angelina-jolie-se-quito-el-apellido-de-su-padre/,132,15033,0.88%,8.33
https://revistamercado.do/money-invest/impuesto-sobre-la-renta-en-rd-desde-cuanto-pagas-y-como-calcularlo/,130,24124,0.54%,6.37
https://revistamercado.do/actualidad/juegos-centroamericanos-y-del-caribe-santo-domingo-2026-fechas-sedes-y-todo-lo-que-debes-saber/,130,14736,0.88%,6.48
https://revistamercado.do/actualidad/resultados-de-la-loteria-quiniela-real-del-martes-21-julio-de-2026/,128,39173,0.33%,7.36
https://revistamercado.do/lifestyle/las-20-ciudades-mas-pobladas-del-mundo-en-2026-ranking-actualizado/,127,12354,1.03%,6.87
https://revistamercado.do/money-invest/daily-news/1-elecciones-brasil-2026-lula-amplia-a-8-puntos-su-ventaja-sobre-flavio-bolsonaro-recomendada/,125,2445,5.11%,5.07
https://revistamercado.do/money-invest/los-artistas-mas-ricos-del-mundo-en-2026-quien-lidera-el-ranking-y-cuanto-dinero-tienen/,124,12209,1.02%,6.16
https://revistamercado.do/empresas/sport-business/juegos-centroamericanos-santo-domingo-2026-dominicanos-que-compiten-hoy-y-sus-horarios-2/,123,10161,1.21%,5.52
https://revistamercado.do/lifestyle/ranking-paises-mas-baratos-para-viajar-en-latinoamerica-en-2026/,123,5862,2.10%,5.86
https://revistamercado.do/technology/devices/nuevas-funciones-de-whatsapp-las-herramientas-que-llegaran-a-tu-celular-antes-de-terminar-el-ano/,122,113332,0.11%,3.96
https://revistamercado.do/empresas/sport-business/los-10-deportistas-mejor-pagados-del-mundo-en-2026-quien-gana-mas-y-cuanto/,122,12208,1%,6.7
https://revistamercado.do/empresas/brand-business/ranking-las-10-marcas-farmaceuticas-mas-valoradas-del-mundo/,122,8956,1.36%,7.49
https://revistamercado.do/empresas/sport-business/deportes-mas-medallas-republica-dominicana-juegos-centroamericanos-2026/,122,5732,2.13%,5.15
https://revistamercado.do/actualidad/shakira-uso-una-doble-la-teoria-viral-que-resurgio-tras-su-show-en-la-final-del-mundial-2026/,122,4986,2.45%,5.27
https://revistamercado.do/turismo/donde-se-vive-mejor-en-rd-los-10-pueblos-con-mayor-calidad-de-vida-en-2026/,122,4618,2.64%,4.28
https://revistamercado.do/empresas/sport-business/palmares-historico-de-la-fifa-actualizado-en-2026-la-tabla-definitiva-de-los-campeones-mundiales/,120,13244,0.91%,6.04
https://revistamercado.do/actualidad/resultados-de-la-loteria-quiniela-real-del-martes-28-julio-de-2026/,119,70186,0.17%,7.48
https://revistamercado.do/actualidad/resultados-de-la-loteria-quiniela-real-del-miercoles-01-junio-de-2026/,118,79760,0.15%,8.01
https://revistamercado.do/technology/devices/whatsapp-dejara-de-funcionar-en-estos-iphone-en-noviembre-2026-como-evitarlo/,118,5587,2.11%,5.61
https://revistamercado.do/empresas/sport-business/republica-dominicana-1000-medallas-juegos-centroamericanos-2026/,118,5305,2.22%,6.16
https://revistamercado.do/technology/devices/vale-la-pena-esperar-al-iphone-18-o-es-mejor-comprar-el-iphone-17-ahora/,116,6463,1.79%,7.07
https://revistamercado.do/actualidad/como-sacar-la-licencia-de-conducir-en-rd-2026-guia-paso-a-paso-y-precios-actualizados/,114,14479,0.79%,7.28
https://revistamercado.do/technology/iphone-12-y-otros-celulares-que-dejaran-de-actualizarse-en-2026/,113,30303,0.37%,7
https://revistamercado.do/technology/devices/whatsapp-2026-como-ver-el-contenido-original-de-un-mensaje-editado/,112,19366,0.58%,6.69
https://revistamercado.do/technology/devices/diseno-del-iphone-18-pro-max-2026-por-que-el-modulo-de-sus-camaras-sera-mucho-mas-grande/,110,15118,0.73%,6.99
https://revistamercado.do/actualidad/bono-madre-2026-guia-paso-a-paso-para-consultar-tus-rd-1500/,110,6869,1.60%,7.91
https://revistamercado.do/empresas/riesgo-pais-en-america-latina-2026-que-paises-mejoraron-en-el-primer-semestre/,110,3168,3.47%,4.85
https://revistamercado.do/actualidad/fin-de-una-era-por-que-neymar-deja-la-canarinha-tras-la-eliminacion-ante-noruega/,108,11099,0.97%,4.65
https://revistamercado.do/actualidad/luna-de-ciervo-2026-cuando-es-a-que-hora-verla-y-como-apreciarla-en-republica-dominicana/,108,5251,2.06%,3.53
https://revistamercado.do/money-invest/daily-news/premio-jugadores-espana-mundial-2026/,107,7152,1.50%,5.69
https://revistamercado.do/money-invest/republica-dominicana/precio-del-dolar-hoy-en-republica-dominicana-este-miercoles-1-de-julio-de-2026/,106,36782,0.29%,7.38
https://revistamercado.do/lifestyle/ranking-nueve-ciudades-de-america-latina-en-el-top-10-de-las-mas-violentas-del-mundo/,106,3018,3.51%,6.01
https://revistamercado.do/event-detail/mercado-autoshow/,105,273,38.46%,2.27
https://revistamercado.do/technology/cuando-comprar-un-iphone-en-2026-los-meses-en-que-el-15-pro-max-y-16-pro-max-bajan-de-precio/,104,14525,0.72%,5.54
https://revistamercado.do/empresas/sport-business/espana-vs-argentina-en-la-final-del-mundial-2026-quien-es-el-favorito-en-las-casas-de-apuestas/,104,12574,0.83%,6.1
https://revistamercado.do/money-invest/ranking-de-latinoamerica-de-paises-con-la-gasolina-mas-cara-y-mas-barata-en-febrero-de-2026/,104,2423,4.29%,3.53
https://revistamercado.do/actualidad/partidos-de-hoy-viernes-31-de-julio-del-2026-en-vivo-horarios-y-donde-ver-futbol/,103,8868,1.16%,4.93
https://revistamercado.do/money-invest/que-significan-los-colores-de-las-tarjetas-de-credito-y-que-indican-sobre-el-cupo/,103,7738,1.33%,4.31
https://revistamercado.do/money-invest/daily-news/nueva-york-celebra-250-anos-de-ee-uu-con-el-mayor-desfile-naval-y-aereo-de-su-historia/,102,2660,3.83%,6.59
https://revistamercado.do/money-invest/daily-news/peligro-en-republica-dominicana-por-fuertes-tormentas-electricas-hoy-indomet-alerta-a-5-provincias/,101,11080,0.91%,5.13
https://revistamercado.do/lifestyle/ranking-marcas-lujo-mas-valiosas-2025/,99,11772,0.84%,6.05
https://revistamercado.do/empresas/sport-business/ana-rosa-garcia-primer-oro-republica-dominicana-santo-domingo-2026/,99,9588,1.03%,7.46
https://revistamercado.do/technology/devices/como-tener-youtube-premium-gratis-en-2026-de-forma-completamente-legal/,98,3123,3.14%,7.5
https://revistamercado.do/money-invest/daily-news/elecciones-peru-2026-que-dice-la-ley-si-hay-empate-entre-keiko-fujimori-y-roberto-sanchez/,98,2848,3.44%,5.71
https://revistamercado.do/actualidad/resultados-de-la-loteria-quiniela-real-del-lunes-27-julio-de-2026/,97,25981,0.37%,6.89
https://revistamercado.do/empresas/sport-business/por-que-hoy-no-hay-partidos-del-mundial-2026-esta-es-la-razon-y-cuando-vuelve-el-torneo/,97,19085,0.51%,5.57
https://revistamercado.do/empresas/sport-business/cuando-debuta-el-equipo-masculino-de-rd-en-el-beisbol-de-los-juegos-centroamericanos-y-del-caribe/,97,5223,1.86%,5.6
https://revistamercado.do/empresas/resultados-de-leidsa-del-miercoles-22-de-julio-de-2026-en-republica-dominicana/,97,4422,2.19%,6.04
https://revistamercado.do/money-invest/daily-news/cual-es-el-pais-menos-querido-de-latinoamerica-las-razones-detras-de-su-caida-reputacional/,96,5464,1.76%,4.49
https://revistamercado.do/rankings_cat/mejores-empresas-para-trabajar-en-rd/,96,2286,4.20%,4.47
https://revistamercado.do/technology/devices/nombres-de-usuario-en-whatsapp-la-razon-oculta-por-la-que-meta-te-obliga-a-crear-un-alias/,95,93043,0.10%,4.49
https://revistamercado.do/empresas/sport-business/octavos-de-final-del-mundial-2026-clasificados-cruces-y-fechas-confirmadas/,95,14298,0.66%,6.36
https://revistamercado.do/actualidad/obra-maestra-o-exceso-visual-las-criticas-de-la-odisea-el-nuevo-y-colosal-filme-de-christopher-nolan/,95,2400,3.96%,4.69
https://revistamercado.do/actualidad/resultados-de-la-loteria-quiniela-real-del-lunes-29-junio-de-2026/,95,1228,7.74%,4.86
https://revistamercado.do/actualidad/resultados-de-la-loteria-quiniela-real-del-jueves-16-julio-de-2026/,94,14564,0.65%,6.71
https://revistamercado.do/mercado-women/leadership/goergina-rodriguez-momoa/,94,12720,0.74%,5.42
https://revistamercado.do/actualidad/cuando-es-la-final-del-miss-republica-dominicana-universo-y-quienes-son-las-candidatas-favoritas/,94,9771,0.96%,5.63
https://revistamercado.do/money-invest/daily-news/cuales-son-los-paises-con-la-gasolina-mas-cara-y-barata-de-latinoamerica/,94,6048,1.55%,6.19
https://revistamercado.do/who-is-who/felix-garcia/,94,1482,6.34%,4.51
https://revistamercado.do/money-invest/daily-news/autopista-ambar-santiago-puerto-plata-rd/,93,4015,2.32%,6.43
https://revistamercado.do/actualidad/estas-son-las-ciudades-mas-peligrosas-del-mundo-en-2026-segun-el-indice-de-criminalidad-de-numbeo/,93,2507,3.71%,8.12
https://revistamercado.do/money-invest/daily-news/entradas-final-mundial-2026-espana-argentina/,92,13354,0.69%,6.22
https://revistamercado.do/money-invest/daily-news/calendario-de-pagos-superate-julio-2026-cuando-depositan-alimentate-bonogas-y-bonoluz/,92,2672,3.44%,4.71
https://revistamercado.do/money-invest/republica-dominicana/precio-del-dolar-hoy-en-republica-dominicana-este-lunes-27-de-julio-de-2026/,91,33922,0.27%,7.41
https://revistamercado.do/technology/devices/que-significa-el-nuevo-punto-verde-que-esta-apareciendo-en-los-contactos-de-whatsapp/,90,46161,0.19%,5.29
https://revistamercado.do/money-invest/republica-dominicana/precio-del-dolar-hoy-en-republica-dominicana-este-martes-7-de-julio-de-2026/,89,41527,0.21%,7.37
https://revistamercado.do/empresas/sport-business/los-contratos-de-imagen-de-messi-en-el-mundial-2026-adidas-apple-y-los-millones-en-juego/,89,5506,1.62%,6.51
https://revistamercado.do/money-invest/republica-dominicana/precio-del-dolar-hoy-en-republica-dominicana-este-jueves-2-de-julio-de-2026/,88,47941,0.18%,7.38
https://revistamercado.do/money-invest/daily-news/de-cuanto-fue-el-temblor-en-venezuela-hoy-detalles-del-nuevo-sismo-de-4-6-este-lunes-29-de-junio/,88,23493,0.37%,8.9
https://revistamercado.do/money-invest/daily-news/nuevos-horarios-en-los-centros-de-cedulacion-de-la-jce-conoce-cuando-entran-en-vigor/,88,7730,1.14%,6.35
https://revistamercado.do/empresas/esto-gana-una-enfermera-en-republica-dominicana-en-2026-segun-el-mercado-laboral/,88,6985,1.26%,3.61
https://revistamercado.do/lifestyle/los-8-mejores-restaurantes-de-punta-cana-en-2026-segun-tripadvisor/,88,3540,2.49%,5.91
https://revistamercado.do/money-invest/daily-news/esta-aumentando-realmente-la-cantidad-de-terremotos-en-el-planeta-o-es-solo-una-percepcion-mediatica/,88,3198,2.75%,6.41
https://revistamercado.do/money-invest/republica-dominicana/precio-del-dolar-hoy-en-republica-dominicana-este-viernes-24-de-julio-de-2026/,87,38693,0.22%,7.26
https://revistamercado.do/money-invest/daily-news/rusia-lanza-una-nueva-ofensiva-nocturna-contra-ucrania-y-alcanza-hospitales-y-viviendas/,87,1311,6.64%,4.03
https://revistamercado.do/money-invest/republica-dominicana/precio-del-dolar-hoy-en-republica-dominicana-este-martes-14-de-julio-de-2026/,86,33126,0.26%,7.38
https://revistamercado.do/lifestyle/el-mejor-ron-dominicano-y-los-8-rones-del-mundo-que-marcan-el-estandar-premium-segun-expertos/,86,7061,1.22%,7.15
https://revistamercado.do/empresas/sport-business/cosecha-historica-en-santo-domingo-2026-republica-dominicana-destaca-con-medallas-clave-en-los-juegos-centroamericanos/,86,3385,2.54%,4.82
https://revistamercado.do/money-invest/daily-news/cuales-son-las-provincias-bajo-alerta-por-lluvias-en-rd-pronostico-del-clima-por-el-paso-de-la-vaguada/,85,13712,0.62%,6.96
https://revistamercado.do/money-invest/los-paises-con-mejor-y-peor-calidad-de-vida-en-latinoamerica/,85,9236,0.92%,6.28
https://revistamercado.do/money-invest/daily-news/aumentaran-las-tarifas-del-transporte-publico-en-47-rutas-de-republica-dominicana-desde-el-lunes/,85,2962,2.87%,4.34
https://revistamercado.do/medihealth/salud/cual-es-el-olor-que-ahuyenta-a-las-ratas-y-los-ratones-de-su-casa/,84,11045,0.76%,4.91
https://revistamercado.do/money-invest/daily-news/como-renovar-la-licencia-de-conducir-en-rd-pasos-citas-oficinas-y-cuanto-tarda-el-proceso/,83,16547,0.50%,7.84
https://revistamercado.do/technology/devices/como-sera-el-iphone-18-pro-hackeo-masivo-a-foxconn-expone-su-diseno-chip-y-nuevos-colores/,83,5363,1.55%,5.4
https://revistamercado.do/lifestyle/experiencias/ranking-2026-las-10-mejores-ciudades-del-mundo-para-vivir-y-trabajar/,83,4071,2.04%,7.8
https://revistamercado.do/money-invest/daily-news/eeuu-responde-daniel-ortega-elecciones-nicaragua/,83,2484,3.34%,4
https://revistamercado.do/money-invest/republica-dominicana/precio-del-dolar-hoy-en-republica-dominicana-este-lunes-13-de-julio-de-2026/,82,38888,0.21%,7.68
https://revistamercado.do/money-invest/daily-news/copa-mundial-2026-guia-completa-para-dominicanos-con-horarios-canales-y-sedes/,82,8577,0.96%,5.99
https://revistamercado.do/money-invest/daily-news/que-hacer-en-caso-de-tsunami-en-republica-dominicana-segun-el-coe/,82,6364,1.29%,7.06
https://revistamercado.do/actualidad/resultados-de-las-loterias-del-7-de-junio-de-2026-en-republica-dominicana/,82,2223,3.69%,5.35
https://revistamercado.do/money-invest/republica-dominicana/precio-del-dolar-hoy-en-republica-dominicana-este-miercoles-8-de-julio-de-2026/,81,41606,0.19%,7.67
https://revistamercado.do/lifestyle/experiencias/de-robert-downey-jr-a-pedro-pascal-de-cuanto-es-la-fortuna-de-las-estrellas-de-avengers-doomsday/,81,17097,0.47%,6.67
https://revistamercado.do/money-invest/daily-news/nueva-cedula-en-rd-donde-sacarla-y-en-cuales-centros-necesitas-cita/,81,7443,1.09%,8.26
https://revistamercado.do/money-invest/daily-news/tunel-plaza-bandera-inauguracion-abinader/,80,3521,2.27%,5.25
https://revistamercado.do/actualidad/paises-reino-unido/,79,80898,0.10%,9.56
https://revistamercado.do/empresas/sport-business/imperio-de-negocios-en-que-invierten-messi-y-cristiano-en-2026/,79,15013,0.53%,4.55
https://revistamercado.do/medihealth/salud/que-le-pasa-al-higado-si-comes-pina-todos-los-dias-esto-dicen-los-estudios-cientificos/,79,10396,0.76%,6.06
https://revistamercado.do/lifestyle/viajes/las-ciudades-que-siguen-dominando-el-turismo-global-en-2026/,79,778,10.15%,4.54
https://revistamercado.do/empresas/sport-business/fortuna-de-cristiano-ronaldo-en-2026-cuanto-dinero-tiene-el-futbolista/,78,20222,0.39%,7.04
https://revistamercado.do/money-invest/daily-news/de-que-murio-sam-neill-actor-jurassic-park/,78,2467,3.16%,3.63
https://revistamercado.do/money-invest/daily-news/terremoto-venezuela-fallecidos-ultimo-balance-2026/,77,5360,1.44%,2.84
https://revistamercado.do/empresas/sport-business/vozinha-triplica-su-salario-tras-brillar-en-el-mundial-2026-asi-fue-su-fichaje-por-colo-colo/,77,3529,2.18%,4.02
https://revistamercado.do/technology/ciencia-y-espacio/eclipse-solar-y-lunar-en-agosto-que-dias-seran-y-por-que-se-consideran-un-punto-de-quiebre/,77,918,8.39%,7
https://revistamercado.do/turismo/playas-sin-sargazo-en-republica-dominicana-la-lista-que-necesitas-antes-de-salir-de-vacaciones/,76,5049,1.51%,5.8
https://revistamercado.do/actualidad/resultados-de-leidsa-del-sabado-30-de-mayo-de-2026/,76,1761,4.32%,5.73
https://revistamercado.do/money-invest/republica-dominicana/precio-del-dolar-hoy-en-republica-dominicana-este-martes-28-de-julio-de-2026/,75,32795,0.23%,7.25
https://revistamercado.do/technology/devices/se-filtran-las-imagenes-de-la-samsung-galaxy-tab-s12-ultra-y-confirman-su-diseno-continuo/,75,2899,2.59%,7.28
https://revistamercado.do/lifestyle/experiencias/que-artistas-cantaran-en-la-ceremonia-inaugural-de-los-juegos-centroamericanos-santo-domingo-2026/,75,1681,4.46%,4.93
https://revistamercado.do/empresas/sport-business/los-10-jugadores-mas-caros-del-mundial-2026-valor-de-mercado-antes-del-debut/,74,11691,0.63%,7.48
https://revistamercado.do/lifestyle/los-10-mejores-restaurantes-de-santo-domingo-en-2026-segun-tripadvisor/,74,2620,2.82%,7.5
https://revistamercado.do/actualidad/resultados-de-la-loteria-quiniela-real-del-domingo-19-julio-de-2026/,73,14219,0.51%,6.8
https://revistamercado.do/empresas/sport-business/mundial-2026-cuanto-dinero-gana-el-campeon-y-cuanto-paga-fifa-por-cada-ronda/,73,14115,0.52%,6.36
https://revistamercado.do/money-invest/daily-news/rd-fue-el-primer-pais-en-enviar-rescatistas-a-venezuela-pero-tuvo-que-usar-una-ruta-diplomatica-insolita/,73,4334,1.68%,5.11
https://revistamercado.do/empresas/afectaron-los-terremotos-de-venezuela-la-produccion-de-petroleo-lo-que-dice-chevron-y-pdvsa/,73,4101,1.78%,6.79
https://revistamercado.do/empresas/estas-son-las-carreras-universitarias-mas-dificiles-segun-la-universidad-de-oxford/,73,3991,1.83%,4.87
https://revistamercado.do/money-invest/daily-news/gol-espana-temblor-madrid-instituto-geografico-nacional/,73,2055,3.55%,5.42
https://revistamercado.do/empresas/cuanto-gana-un-doctor-en-republica-dominicana-salarios-y-mercado-laboral-en-2026/,72,9371,0.77%,4.59
https://revistamercado.do/actualidad/resultados-de-leidsa-del-miercoles-3-de-junio-de-2026-2/,72,1817,3.96%,5.13
https://revistamercado.do/turismo/el-ranking-de-turismo-2026-los-paises-de-america-latina-que-mas-crecieron-y-republica-dominicana-entre-los-lideres/,72,1687,4.27%,5.3
https://revistamercado.do/mejores-empresas-para-trabajar-2025/,72,593,12.14%,4.07
https://revistamercado.do/money-invest/republica-dominicana/precio-del-dolar-hoy-en-republica-dominicana-este-miercoles-15-de-julio-de-2026/,71,33313,0.21%,7.74
https://revistamercado.do/actualidad/cuanto-recaudo-la-pelicula-de-moana-en-su-estreno-las-cifras-de-su-tibio-debut-en-cines/,71,12270,0.58%,6.23
https://revistamercado.do/technology/devices/un-truco-para-tener-todos-los-partidos-del-mundial-2026-en-tu-calendario-de-google/,71,11833,0.60%,8.64
https://revistamercado.do/money-invest/daily-news/nueva-cedula-en-rd-genera-confusion-esto-significa-realmente-uno-de-sus-simbolos/,71,8080,0.88%,3.93
https://revistamercado.do/mercado-women/josefina-navarro-banco-bhd-liderazgo-reputacion/,71,7318,0.97%,7.05
https://revistamercado.do/money-invest/daily-news/inauguracion-juegos-centroamericanos-2026-donde-ver-vivo-rd/,71,5621,1.26%,5.64
https://revistamercado.do/money-invest/daily-news/que-esta-pasando-en-la-frontera-de-ceuta-entre-espana-y-marruecos-por-la-llegada-de-migrantes/,71,2276,3.12%,3.36
https://revistamercado.do/money-invest/daily-news/promulgacion-codigo-penal-republica-dominicana-abinader/,71,2224,3.19%,5.53
https://revistamercado.do/empresas/cuales-son-las-familias-mas-ricas-y-poderosas-de-la-republica-dominicana/,71,1741,4.08%,3.58
https://revistamercado.do/actualidad/resultados-de-leidsa-del-miercoles-10-de-junio-de-2026/,71,1554,4.57%,5.05
https://revistamercado.do/technology/donde-guarda-whatsapp-tus-fotos-y-como-recuperarlas-si-no-aparecen/,70,15843,0.44%,6.6
https://revistamercado.do/technology/whatsapp-te-delata-asi-sabran-cuando-usas-la-app-sin-abrir-chats/,70,5568,1.26%,4.52
https://revistamercado.do/actualidad/fallece-raul-grisanty-de-que-murio-el-artista-y-comunicador-dominicano/,70,2505,2.79%,5.35
https://revistamercado.do/money-invest/daily-news/fuga-laboratorio-informe-casa-blanca-origen-covid-19/,70,749,9.35%,4.65
https://revistamercado.do/technology/el-truco-para-recuperar-mensajes-eliminados-o-borrados-en-whatsapp-que-pocos-conocen/,69,6526,1.06%,5.91
https://revistamercado.do/lifestyle/de-monaco-a-india-las-10-casas-mas-caras-del-mundo-en-2026/,69,5308,1.30%,7.5
https://revistamercado.do/actualidad/resultados-de-la-loteria-quiniela-real-del-martes-7-julio-de-2026/,68,33899,0.20%,6.88
https://revistamercado.do/empresas/rd-inicia-expedicion-del-pasaporte-electronico-precio-requisitos-y-citas-disponibles/,68,20725,0.33%,8.16
https://revistamercado.do/empresas/brand-business/top-10-cervezas-mas-valiosas-del-mundo-en-2025/,68,7847,0.87%,6.68
https://revistamercado.do/empresas/esto-gana-un-ingeniero-en-republica-dominicana-en-2026-segun-el-mercado-laboral/,68,7654,0.89%,4.18
https://revistamercado.do/actualidad/spider-man-un-nuevo-dia-aprueba-en-rotten-tomatoes-que-dice-la-critica-sobre-el-filme-de-tom-holland/,68,5146,1.32%,5.65
https://revistamercado.do/actualidad/el-truco-del-vinagre-para-saber-si-tus-joyas-son-de-oro-autentico/,67,4240,1.58%,4.86
https://revistamercado.do/empresas/las-10-marcas-de-bebidas-mas-valiosas-del-mundo-en-2026-coca-cola-lidera-y-sorprende-el-ranking/,67,2892,2.32%,4.45
https://revistamercado.do/actualidad/resultados-de-leidsa-del-miercoles-27-de-mayo-de-2026/,67,831,8.06%,3.93
https://revistamercado.do/empresas/sport-business/juegos-centroamericanos-santo-domingo-2026-dominicanos-que-compiten-hoy-jueves-30-de-julio-de-2026/,66,3292,2%,4.64
https://revistamercado.do/mercado-exchange/mejores-empresas-para-trabajar-2026-el-liderazgo-humano-es-el-que-redefine-el-futuro-del-trabajo/,66,630,10.48%,8.77
https://revistamercado.do/technology/devices/mas-de-80-celulares-ya-se-actualizan-a-android-17-verifica-si-el-tuyo-esta-en-la-lista-oficial/,65,9267,0.70%,8.21
https://revistamercado.do/money-invest/internacional-economia/ranking-2026-de-los-paises-con-mas-submarinos-nucleares/,65,3088,2.10%,4.05
https://revistamercado.do/actualidad/resultados-de-la-loteria-nacional-del-martes-24-de-marzo-de-2026/,65,569,11.42%,9.5
https://revistamercado.do/technology/whatsapp-web-incorpora-llamadas-y-videollamadas-desde-el-navegador-asi-funciona-la-nueva-funcion/,64,1352583,0%,6.18
https://revistamercado.do/technology/50-avances-tecnologicos-que-cambiaron-el-mundo-en-el-siglo-21/,64,12292,0.52%,18.9
https://revistamercado.do/mercado-women/executive-profiles/maria-sol-messi-la-hermana-empresaria-de-lionel-messi/,64,6065,1.06%,4.44
https://revistamercado.do/empresas/estos-serian-los-paises-que-mas-creceran-en-latinoamerica-en-2026-y-2027-segun-el-banco-mundial/,64,2051,3.12%,4.26
https://revistamercado.do/money-invest/republica-dominicana/precio-del-dolar-hoy-en-republica-dominicana-este-viernes-3-de-julio-de-2026/,63,44524,0.14%,7.79
https://revistamercado.do/money-invest/republica-dominicana/cesantia-laboral-en-rd-cuanto-te-corresponde-segun-tu-salario-y-antiguedad/,63,8026,0.78%,6.49
https://revistamercado.do/money-invest/daily-news/mbappe-responde-a-insultos-racistas-de-senadora-paraguaya-en-el-mundial/,63,1019,6.18%,8.69
https://revistamercado.do/technology/whatsapp-deja-de-funcionar-en-estos-iphone-en-2026-lista-de-modelos-sin-soporte/,62,4426,1.40%,5.63
https://revistamercado.do/money-invest/daily-news/el-nino-y-el-clima-extremo-advierten-que-la-temperatura-global-podria-superar-el-limite-de-los-2c/,62,3807,1.63%,4.38
https://revistamercado.do/technology/devices/netflix-dejara-de-funcionar-en-estos-televisores-y-celulares-desde-junio-de-2026/,62,1901,3.26%,3.69
https://revistamercado.do/actualidad/cerca-de-rd-cuando-y-donde-se-celebrara-la-final-de-miss-universo-2026/,61,16941,0.36%,5.99
https://revistamercado.do/money-invest/daily-news/rescate-de-nino-de-3-anos-en-el-terremoto-de-venezuela-sobrevivio-140-horas-bajo-escombros/,61,3702,1.65%,2.33
https://revistamercado.do/empresas/elon-musk-augura-que-el-dinero-no-importara-en-2036-por-el-avance-de-la-ia/,61,1483,4.11%,5.62
https://revistamercado.do/money-invest/republica-dominicana/precio-del-dolar-hoy-en-republica-dominicana-este-viernes-10-de-julio-de-2026/,60,46194,0.13%,7.9
https://revistamercado.do/money-invest/republica-dominicana/precio-del-dolar-hoy-en-republica-dominicana-este-viernes-17-de-julio-de-2026/,60,33356,0.18%,7.38
https://revistamercado.do/empresas/sport-business/espana-vs-argentina-final-del-mundial-2026-el-ultimo-partido-y-la-mayor-celebracion-que-haya-preparado-la-fifa/,60,19202,0.31%,4.85
https://revistamercado.do/actualidad/calendario-lunar-2026-los-dias-que-debes-evitar-para-cortarte-el-cabello/,60,8889,0.67%,8.29
https://revistamercado.do/technology/devices/nuevos-emojis-para-2027-conozca-los-8-disenos-que-llegaran-a-su-celular-y-que-significan/,60,7633,0.79%,8.04
https://revistamercado.do/technology/devices/como-recuperar-todas-tus-conversaciones-de-whatsapp-paso-a-paso-y-sin-perder-archivos/,60,4759,1.26%,4.14
https://revistamercado.do/lifestyle/experiencias/cual-es-la-zona-mas-lujosa-para-vivir-en-republica-dominicana-los-paraisos-inmobiliarios-mas-exclusivos/,60,4044,1.48%,4.55
https://revistamercado.do/money-invest/internacional-economia/paises-con-mejor-y-peor-reputacion-internacional-en-2026-segun-el-ranking-repcore-nations/,60,1377,4.36%,4.22
https://revistamercado.do/actualidad/que-tan-grave-es-la-lesion-de-junior-caminero-resultados-de-los-estudios-medicos-tras-el-pelotazo-de-98-mph/,59,2439,2.42%,4.9
https://revistamercado.do/money-invest/daily-news/monorriel-santo-domingo-cambia-ruta-nuevo-trazado/,59,1700,3.47%,6.8
https://revistamercado.do/empresas/sport-business/agenda-de-los-dominicanos-en-los-juegos-centroamericanos-santo-domingo-2026-para-hoy/,59,1531,3.85%,4.68
https://revistamercado.do/money-invest/daily-news/terremotos-venezuela-victimas-mortales-rescate/,59,1421,4.15%,4.4
https://revistamercado.do/actualidad/partidos-de-hoy-miercoles-29-de-julio-del-2026-en-vivo-horarios-y-donde-ver-futbol/,58,5105,1.14%,8.22
https://revistamercado.do/money-invest/daily-news/que-sera-delito-ahora-las-conductas-que-te-llevaran-a-prision-en-rd-segun-el-nuevo-codigo-penal/,58,3582,1.62%,7.81
https://revistamercado.do/money-invest/daily-news/tarifa-integrada-rd35-transporte-publico-rd/,58,3390,1.71%,6.19
https://revistamercado.do/perfiles/grupo-rizek/,58,2331,2.49%,6.38
https://revistamercado.do/money-invest/daily-news/nominaciones-a-los-premios-emmy-2026-lista-completa-de-las-series-nominadas-en-las-categorias-principales/,58,2318,2.50%,5.17
https://revistamercado.do/money-invest/daily-news/republica-dominicana-sale-mapa-hambre-fao-2026/,58,1663,3.49%,5.04
https://revistamercado.do/money-invest/los-paises-mas-endeudados-de-america-latina-en-2026-quien-lidera-la-crisis/,58,993,5.84%,4.74
https://revistamercado.do/empresas/estrategias-para-vender-joe-girard/,58,474,12.24%,7.35
https://revistamercado.do/lifestyle/si-tu-apellido-esta-en-esta-lista-tu-origen-es-espanol/,57,5509,1.03%,4.76
https://revistamercado.do/technology/devices/ocultar-numero-en-whatsapp-2026-como-funciona-el-nuevo-nombre-de-usuario/,57,4791,1.19%,6.99
https://revistamercado.do/lifestyle/ranking-las-10-ciudades-mas-caras-para-vivir-con-lujo-en-2025/,57,4271,1.33%,6.08
https://revistamercado.do/turismo/esto-son-los-lugares-mas-seguros-para-vivir-en-republica-dominicana-en-2026/,57,3402,1.68%,3.37
https://revistamercado.do/money-invest/daily-news/que-pasara-con-los-verifones-en-las-estaciones-de-combustibles-anadegas-mantiene-los-pagos-con-tarjeta/,57,1802,3.16%,4.95
https://revistamercado.do/technology/devices/whatsapp-el-truco-oficial-para-cambiar-de-numero-sin-perder-tus-chats-ni-grupos/,56,12711,0.44%,5.56
https://revistamercado.do/actualidad/partidos-de-hoy-lunes-27-de-julio-del-2026-en-vivo-horarios-y-donde-ver-futbol/,56,8843,0.63%,4.38
https://revistamercado.do/technology/devices/no-tires-tu-dinero-los-unicos-telefonos-de-samsung-que-realmente-vale-la-pena-comprar-en-2026/,56,8718,0.64%,7.06
https://revistamercado.do/lifestyle/experiencias/papa-andres-un-tributo-al-arte-del-ron-premium/,56,7654,0.73%,6.51
https://revistamercado.do/technology/whatsapp-el-truco-para-no-aparecer-en-linea-y-proteger-tu-privacidad/,56,4725,1.19%,5.85
https://revistamercado.do/actualidad/resultados-de-la-loteria-quiniela-real-del-martes-30-junio-de-2026/,56,4471,1.25%,6.98
https://revistamercado.do/empresas/gestion/como-redactar-un-informe-de-experimento-guia-completa-2024/,56,3811,1.47%,5.74
https://revistamercado.do/actualidad/ranking-de-inflacion-en-latinoamerica-2026-cuales-son-los-paises-mas-caros-para-vivir/,56,3735,1.50%,5.25
https://revistamercado.do/actualidad/resultados-de-las-loterias-del-21-de-junio-de-2026-en-republica-dominicana/,56,3327,1.68%,6.55
https://revistamercado.do/lifestyle/experiencias/anillo-de-los-campeones-del-mundial-2026-cuanto-cuesta-y-de-que-esta-hecho-el-anillo-unico/,55,2740,2.01%,6.53
https://revistamercado.do/lifestyle/mercadoteca/los-mejores-libros-para-comprender-el-poder/,55,2076,2.65%,7.03
https://revistamercado.do/empresas/los-8-medicos-empresarios-mas-ricos-del-mundo/,55,1927,2.85%,4.92
https://revistamercado.do/mercado-women/ranking-las-mujeres-mas-poderosas-del-mundo-en-2026/,55,1738,3.16%,6.2
https://revistamercado.do/money-invest/daily-news/juicio-contra-nicolas-maduro-eeuu-junio-2027-3/,55,1275,4.31%,2.28
https://revistamercado.do/technology/devices/que-es-chatgpt-work-el-nuevo-agente-de-openai-impulsado-por-gpt-5-6-para-automatizar-tareas/,54,66612,0.08%,3.17
https://revistamercado.do/actualidad/por-que-perdio-republica-dominicana-ante-estados-unidos-en-baloncesto-las-claves-del-partido/,54,8453,0.64%,6.06
https://revistamercado.do/empresas/los-10-millonarios-mas-ricos-de-latinoamerica-en-2026-asi-marchan-sus-fortunas-a-mitad-de-ano/,54,2218,2.43%,6.09
https://revistamercado.do/money-invest/daily-news/fallo-historico-en-rd-el-tribunal-constitucional-anula-el-decreto-que-regulaba-la-venta-de-bebidas-alcoholicas/,54,1655,3.26%,5.93
https://revistamercado.do/actualidad/resultados-de-las-loterias-del-10-de-junio-de-2026-en-republica-dominicana/,54,1576,3.43%,5.09
https://revistamercado.do/mejores-empresas-para-trabajar-norte-2026/,54,349,15.47%,4.73
https://revistamercado.do/money-invest/republica-dominicana/precio-del-dolar-hoy-en-republica-dominicana-este-lunes-20-de-julio-de-2026/,53,27706,0.19%,7.89
https://revistamercado.do/lifestyle/los-linajes-del-poder-las-dinastias-reales-mas-ricas-del-mundo/,53,5244,1.01%,4.98
https://revistamercado.do/money-invest/daily-news/por-que-colapsaron-las-viviendas-publicas-en-venezuela-tras-el-terremoto/,53,2446,2.17%,3.99
https://revistamercado.do/money-invest/daily-news/videos-terremoto-7-1-japon-kumamoto/,53,1401,3.78%,1.94
https://revistamercado.do/empresas/juan-tomas-diaz-lider-de-proyectos-innovadores-por-y-para-los-dominicanos/,53,654,8.10%,4.96
https://revistamercado.do/money-invest/daily-news/artistas-medio-tiempo-final-mundial-2026/,52,48188,0.11%,7.65
https://revistamercado.do/empresas/sport-business/croacia-el-amuleto-de-la-suerte-para-portugal-en-el-mundial/,52,20409,0.25%,7.17
https://revistamercado.do/empresas/sport-business/cuantos-entrenadores-han-sido-despedidos-o-renunciaron-en-el-mundial-2026/,52,10991,0.47%,5.68
https://revistamercado.do/empresas/sport-business/espana-gana-el-mundial-2026-conquista-su-segunda-copa-del-mundo-tras-vencer-a-argentina/,52,10989,0.47%,4.24
https://revistamercado.do/actualidad/estos-son-los-terremotos-mas-intensos-de-la-historia/,52,7319,0.71%,5.08
https://revistamercado.do/empresas/ranking-global-los-15-trabajos-mejor-pagados-del-mundo-en-2026/,52,7154,0.73%,4.53
https://revistamercado.do/money-invest/daily-news/espana-campeona-mundial-2026-argentina-ferran-torres/,52,6077,0.86%,5.6
https://revistamercado.do/empresas/sport-business/juegos-centroamericanos-santo-domingo-2026-dominicanos-que-compiten-hoy-jueves-31-de-julio-de-2026/,52,3286,1.58%,3.75
https://revistamercado.do/money-invest/daily-news/los-paises-que-mas-ganaran-con-el-mundial-2026-turismo-tv-y-negocios-en-cifras/,52,3245,1.60%,5.09
https://revistamercado.do/empresas/jose-miguel-gonzalez-cuadra-el-empresario-que-hizo-de-jumbo-algo-mas-que-una-palabra/,52,1868,2.78%,4.75
https://revistamercado.do/internacional/rusia-lanza-un-ataque-masivo-contra-fabricas-militares-y-puertos-de-ucrania/,52,1108,4.69%,2.09
https://revistamercado.do/actualidad/resultados-de-la-loteria-nacional-del-domingo-26-de-abril-de-2026/,52,768,6.77%,5.94
https://revistamercado.do/actualidad/fallece-alex-bueno-a-los-62-anos-de-que-murio-una-de-las-voces-mas-emblematicas-del-merengue-y-la-bachata/,51,9652,0.53%,7.18
https://revistamercado.do/lifestyle/copa-del-mundo-fifa-2026-de-que-esta-hecha-y-cuanto-vale-el-trofeo-mas-famoso-del-futbol/,51,5353,0.95%,7.13
https://revistamercado.do/empresas/sport-business/cuanto-dinero-tiene-juan-soto-esta-es-su-fortuna-tras-su-contrato-historico/,51,4412,1.16%,5.06
https://revistamercado.do/money-invest/daily-news/como-le-afecta-la-nueva-ley-30-26-a-su-bolsillo-lo-que-cambia-para-ciudadanos-y-empresas-en-rd/,51,3918,1.30%,7.11
https://revistamercado.do/empresas/sport-business/estos-son-los-equipos-mas-valiosos-de-la-mlb-en-2026-y-cuanto-valen/,51,3221,1.58%,5.17
https://revistamercado.do/actualidad/resultados-de-la-loteria-del-25-de-mayo-2026-numeros-ganadores-de-nacional-leidsa-loteka-y-mas/,51,1498,3.40%,6.38
https://revistamercado.do/actualidad/resultados-de-la-loteria-nacional-del-domingo-19-de-abril-de-2026/,51,1166,4.37%,6.86
https://revistamercado.do/actualidad/dolar-en-republica-dominicana-hoy-09-de-julio-de-2026-esta-es-la-tasa-oficial-de-compra-y-venta/,50,20218,0.25%,8.48
https://revistamercado.do/actualidad/se-vera-el-eclipse-solar-de-agosto-de-2026-en-republica-dominicana-fechas-y-horarios-oficiales/,50,4604,1.09%,4.86
https://revistamercado.do/empresas/conviene-comprar-o-mantener-acciones-de-amazon-antes-de-la-presentacion-de-sus-resultados-trimestrales/,50,4075,1.23%,6.16
https://revistamercado.do/money-invest/daily-news/retiran-perfume-britney-spears-panama/,50,1938,2.58%,4.85
https://revistamercado.do/money-invest/daily-news/tunel-luperon-cambios-transito-santo-domingo/,50,1674,2.99%,5.73
https://revistamercado.do/actualidad/resultados-de-la-loteria-quiniela-real-del-lunes-6-julio-de-2026/,49,40960,0.12%,7.18
https://revistamercado.do/money-invest/republica-dominicana/precio-del-dolar-hoy-en-republica-dominicana-este-jueves-16-de-julio-de-2026/,49,27786,0.18%,8.14
https://revistamercado.do/money-invest/republica-dominicana/cuanto-cuesta-sacar-la-licencia-en-republica-dominicana/,49,10680,0.46%,6.87
https://revistamercado.do/actualidad/tiene-escena-postcreditos-spider-man-brand-new-day-explicacion-final/,49,7154,0.68%,6.89
https://revistamercado.do/actualidad/santo-domingo-2026-mas-de-6000-atletas-disputaran-medallas-en-40-disciplinas-en-rd/,49,5956,0.82%,6.85
https://revistamercado.do/actualidad/de-17-a-43-anos-los-jugadores-mas-jovenes-y-mas-viejos-del-mundial-2026/,49,5712,0.86%,7.31
https://revistamercado.do/empresas/sport-business/quien-ganara-el-mundial-2026-los-resultados-de-la-supercomputadora-tras-25000-simulaciones/,48,7116,0.67%,6.67
https://revistamercado.do/money-invest/daily-news/reino-unido-fifa-investigar-argentina-malvinas/,48,3376,1.42%,4.25
https://revistamercado.do/money-invest/daily-news/inauguracion-paso-desnivel-plaza-bandera/,48,3296,1.46%,5.94
https://revistamercado.do/money-invest/daily-news/cuanto-tiempo-duran-las-nuevas-cedulas-en-republica-dominicana-asi-cambia-la-vigencia-segun-tu-edad/,48,3171,1.51%,5.24
https://revistamercado.do/empresas/esto-gana-un-abogado-en-republica-dominicana-en-2026-segun-el-mercado-laboral/,48,3028,1.59%,3.89
https://revistamercado.do/empresas/ranking-las-10-empresas-con-mas-empleados-en-el-mundo-en-2025/,48,2191,2.19%,7.33
https://revistamercado.do/mercado-women/trends/rosalia-en-el-mundial-2026-la-inesperada-propuesta-de-aitana-a-la-fifa-tras-el-pase-de-espana-a-la-final/,47,7511,0.63%,5.1
https://revistamercado.do/empresas/sport-business/nadie-nos-regala-nada-la-polemica-frase-de-lionel-messi-tras-clasificar-a-la-final-del-mundial/,47,3217,1.46%,6.1
https://revistamercado.do/money-invest/los-paises-con-mejor-educacion-del-mundo-segun-la-ocde/,47,2576,1.82%,7.91
https://revistamercado.do/actualidad/resultados-de-las-loterias-del-martes-2-de-junio-de-2026-en-republica-dominicana/,47,1692,2.78%,5.33
https://revistamercado.do/mercado-women/executive-profiles/patricia-clavijo-chef-de-la-seleccion-espanola/,47,668,7.04%,4.79
https://revistamercado.do/actualidad/resultados-de-la-loteria-quiniela-real-del-miercoles-29-julio-de-2026/,46,22959,0.20%,6.59
https://revistamercado.do/actualidad/resultados-de-la-loteria-quiniela-real-del-domingo-28-junio-de-2026/,46,12521,0.37%,7.85
https://revistamercado.do/money-invest/ranking-paises-mas-competitivos-de-america-latina-en-2025/,46,6100,0.75%,7.44
https://revistamercado.do/money-invest/universidades-mas-caras-del-mundo-2026-cuanto-cuesta-estudiar/,46,4478,1.03%,5.53
https://revistamercado.do/money-invest/daily-news/cuantos-tipos-de-cedula-hay-en-rd-y-que-cambia-en-cada-una/,46,3306,1.39%,6.54
https://revistamercado.do/money-invest/daily-news/que-datos-guarda-realmente-el-chip-de-la-nueva-cedula-en-rd-tras-los-rumores-sobre-donacion-de-organos/,46,2688,1.71%,5.48
https://revistamercado.do/mercado-women/working-monthers/princesa-leonor-traje/,46,629,7.31%,1.05
https://revistamercado.do/empresas/sport-business/lamine-yamal-afirma-que-francia-no-le-tiene-miedo-a-ninguna-seleccion/,45,20111,0.22%,4.59
https://revistamercado.do/money-invest/republica-dominicana/precio-del-dolar-hoy-en-republica-dominicana-este-miercoles-22-de-julio-de-2026/,45,18552,0.24%,7.53
https://revistamercado.do/actualidad/ranking-las-10-cosas-mas-caras-que-ha-creado-la-humanidad/,45,5744,0.78%,5.36
https://revistamercado.do/money-invest/daily-news/video-el-volcan-etna-entra-en-erupcion-en-sicilia-cierran-aeropuertos-por-la-ceniza/,45,1091,4.12%,4.09
https://revistamercado.do/money-invest/republica-dominicana/precio-del-dolar-hoy-en-republica-dominicana-este-jueves-30-de-julio-de-2026/,44,28846,0.15%,7.9
https://revistamercado.do/money-invest/daily-news/mbappe-goleador-del-mundial-2026-y-maximo-artillero-historico-con-22-tantos/,44,9987,0.44%,5.72
https://revistamercado.do/empresas/como-hacen-dinero-los-millonarios-7-claves-practicas-para-latinos/,44,3676,1.20%,5.22
https://revistamercado.do/empresas/sport-business/asi-se-jugaran-los-16avos-de-final-del-mundial-2026-fechas-y-horarios/,44,3442,1.28%,6.56
https://revistamercado.do/money-invest/internacional-economia/ingles-en-latinoamerica-los-paises-con-mejor-nivel-y-quien-queda-atras/,44,2120,2.08%,6.76
https://revistamercado.do/money-invest/daily-news/incentivos-atletas-juegos-centroamericanos-2026-rd/,44,1606,2.74%,4.68
https://revistamercado.do/money-invest/daily-news/us-13000-millones-petroleo-venezolano-estados-unidos/,44,1158,3.80%,6.16
https://revistamercado.do/construccion/infraestructura/ranking-las-8-ciudades-latinoamericanas-con-mas-trafico-en-2025/,44,802,5.49%,4.24
https://revistamercado.do/money-invest/daily-news/cedula-en-rd-desde-mayo-esta-es-la-lista-de-documentos-obligatorios-para-el-tramite/,43,7775,0.55%,3.5
https://revistamercado.do/technology/como-quitar-meta-ai-de-whatsapp-y-que-puedes-hacer-para-limitarla/,43,5578,0.77%,7.48
https://revistamercado.do/money-invest/daily-news/ciudad-aeropuerto-jorge-chavez-lima-40-millones-pasajeros/,43,5097,0.84%,6.39
https://revistamercado.do/actualidad/cuando-empieza-el-torneo-de-beisbol-lidom-2026-2027-ya-hay-fecha-oficial/,43,3930,1.09%,5.72
https://revistamercado.do/technology/devices/whatsapp-como-chatear-con-alguien-sin-agregar-su-numero-de-telefono/,43,3550,1.21%,5.78
https://revistamercado.do/lifestyle/viajes/poder-del-pasaporte-de-rd-en-2026-lista-de-paises-que-no-exigen-visa-a-dominicanos/,43,2793,1.54%,6.81
https://revistamercado.do/mercado-women/trends/basura-de-la-boda-de-taylor-swift-se-vende/,43,1611,2.67%,4
https://revistamercado.do/money-invest/daily-news/china-y-rusia-concluyen-maniobras-navales-y-despliegan-fuerzas-hacia-el-pacifico/,43,1156,3.72%,3.66
https://revistamercado.do/empresas/sport-business/espana-vs-argentina-la-finalissima-que-termino-siendo-la-final-del-mundial-2026/,42,13406,0.31%,6.52
https://revistamercado.do/actualidad/pavel-durov-fundador-de-telegram-es-buscado-por-rusia-por-presuntos-delitos-de-terrorismo/,42,6501,0.65%,5.14
https://revistamercado.do/empresas/sport-business/ruben-vargas-hizo-historia-el-primer-dominicano-en-marcar-un-gol-en-una-copa-del-mundo/,42,4438,0.95%,6.9
https://revistamercado.do/actualidad/ranking-de-presidentes-de-eeuu-con-mas-deportaciones/,42,2860,1.47%,8.89
https://revistamercado.do/money-invest/daily-news/temblor-las-terrenas-siete-sismos-adicionales/,42,1712,2.45%,5.44
https://revistamercado.do/vision-emprendedora/rafael-bisono-el-padre-de-la-vivienda-economica-en-republica-dominicana/,42,1352,3.11%,5.36
https://revistamercado.do/actualidad/resultados-de-la-loteria-nacional-del-domingo-3-de-mayo-de-2026/,42,636,6.60%,6.82
https://revistamercado.do/empresas/sport-business/mundial-2026-haaland-enfrenta-a-inglaterra-el-pais-donde-nacio/,41,19967,0.21%,6.13
https://revistamercado.do/empresas/sport-business/argentina-vs-inglaterra-mundial-2026-historia-rivalidad/,41,19122,0.21%,7.59
https://revistamercado.do/empresas/sport-business/espana-belgica-cuartos-mundial-2026-claves-duelo/,41,10718,0.38%,7.37
https://revistamercado.do/actualidad/resultados-de-la-loteria-quiniela-real-del-domingo-12-julio-de-2026/,41,8020,0.51%,6.74
https://revistamercado.do/actualidad/resultados-de-la-loteria-quiniela-real-del-lunes-13-julio-de-2026/,41,6758,0.61%,6.7
https://revistamercado.do/technology/devices/estrenos-en-streaming-de-julio-2026-las-series-y-peliculas-que-llegan-a-netflix-y-max-en-rd/,41,6553,0.63%,7.04
https://revistamercado.do/money-invest/daily-news/alerta-sanitaria-en-ee-uu-mas-de-100-contagiados-por-norovirus-en-un-crucero-de-california/,41,2587,1.58%,2.65
https://revistamercado.do/money-invest/daily-news/catastrofe-incontrolable-aumentan-a-3685-los-muertos-en-venezuela-tras-el-devastador-doble-sismo/,41,1769,2.32%,3.07
https://revistamercado.do/money-invest/daily-news/final-mundial-2026-record-audiencia-estados-unidos/,40,18213,0.22%,5.76
https://revistamercado.do/tecnologia/trucos-excel/,40,7887,0.51%,1.84
https://revistamercado.do/technology/devices/como-activar-las-alertas-de-terremotos-de-google-en-tu-celular-android-paso-a-paso/,40,7634,0.52%,6.98
https://revistamercado.do/actualidad/francia-vs-marruecos-en-vivo-horario-canales-de-tv-y-donde-ver-los-cuartos-de-final-del-mundial-2026/,40,6952,0.58%,5.51
https://revistamercado.do/turismo/cuales-son-los-hoteles-mejor-valorados-en-punta-cana-hoy-la-lista-oficial-de-tripadvisor/,40,5798,0.69%,8.03
https://revistamercado.do/technology/devices/10-funciones-de-whatsapp-para-dejar-de-perder-tiempo-y-ganar-eficiencia-en-2026/,40,4239,0.94%,6.2
https://revistamercado.do/actualidad/donde-llovera-hoy-en-republica-dominicana-el-pronostico-de-la-vaguada-para-este-jueves/,40,3935,1.02%,5.46
https://revistamercado.do/money-invest/daily-news/paises-gasolina-mas-cara-barata-latinoamerica-posicion-rd/,40,3511,1.14%,5.87
https://revistamercado.do/actualidad/resultados-de-leidsa-del-miercoles-6-de-mayo-de-2026/,40,3244,1.23%,7.58
https://revistamercado.do/empresas/sport-business/mundial-2026-estos-son-los-cruces-confirmados-para-los-16avos-de-final/,40,3072,1.30%,3.04
https://revistamercado.do/actualidad/quien-ganara-el-mundial-2026-el-economista-que-nunca-falla-revela-a-su-favorito/,40,2825,1.42%,8.97
https://revistamercado.do/money-invest/daily-news/javier-tebas-pide-renuncia-gianni-infantino-fifa/,40,2464,1.62%,7.74
https://revistamercado.do/empresas/estas-son-las-44-empresas-dominicanas-mas-admiradas/,40,2331,1.72%,7.57
https://revistamercado.do/money-invest/daily-news/francia-registra-mas-de-2000-muertes-extra-durante-la-semana-de-la-ola-de-calor-un-30-mas-de-lo-habitual/,40,1127,3.55%,5.53
https://revistamercado.do/internacional/japon-evalua-los-danos-tras-un-terremoto-de-magnitud-71-en-kumamoto/,40,893,4.48%,2.75
https://revistamercado.do/technology/devices/como-activar-el-identificador-de-android-para-saber-quien-llama-sin-responder/,39,10253,0.38%,7.81
https://revistamercado.do/empresas/antono-espaillat-medios-rd/,39,8132,0.48%,1.54
https://revistamercado.do/technology/devices/como-funciona-la-estafa-del-mensaje-falso-de-amazon-el-truco-para-no-perder-tu-cuenta-ni-dinero/,39,7110,0.55%,6.84
https://revistamercado.do/money-invest/daily-news/final-del-mundial-2026-rompe-record-de-audiencia-con-63-millones-de-espectadores-en-ee-uu/,39,6902,0.57%,6.51
https://revistamercado.do/medihealth/como-eliminar-un-raton-de-tu-casa-sin-matarlo-y-de-forma-efectiva/,39,4312,0.90%,5.83
https://revistamercado.do/money-invest/daily-news/cambio-de-cedula-en-rd-como-actualizar-direccion-estado-civil-y-ocupacion/,39,2876,1.36%,6.82
https://revistamercado.do/money-invest/daily-news/que-regiones-de-america-latina-afectara-el-fenomeno-de-el-nino-este-ano/,39,736,5.30%,1.48
https://revistamercado.do/internacional/rusia-espera-una-nueva-propuesta-de-paz-para-ucrania-tras-el-fracaso-del-acuerdo-con-ee-uu/,39,679,5.74%,4.38
https://revistamercado.do/actualidad/resultados-de-la-loteria-quiniela-real-del-miercoles-15-julio-de-2026/,38,11812,0.32%,7
https://revistamercado.do/money-invest/republica-dominicana/amazon-inicia-operaciones-en-republica-dominicana-todo-lo-que-debes-saber/,38,9359,0.41%,6.34
https://revistamercado.do/money-invest/daily-news/seis-meses-sin-elecciones-en-venezuela-terremotos-y-crisis-consolidan-la-incertidumbre-politica/,38,2372,1.60%,3.85
https://revistamercado.do/money-invest/daily-news/monorriel-de-santo-domingo-asi-conectara-al-distrito-nacional-con-sde-en-18-minutos/,38,1545,2.46%,7.01
https://revistamercado.do/actualidad/resultados-de-la-loteria-nacional-del-sabado-9-de-mayo-de-2026/,38,843,4.51%,7.36
https://revistamercado.do/actualidad/resultados-de-la-loteria-de-este-jueves-21-de-mayo-de-2026/,38,713,5.33%,6.83
https://revistamercado.do/empresas/sport-business/de-cuanto-es-la-fortuna-de-lionel-messi-y-cuanto-gana-en-inter-miami-en-2026/,37,16223,0.23%,7.86
https://revistamercado.do/technology/devices/celulares-que-se-quedan-sin-whatsapp-el-1-de-julio-2026-lista-completa/,37,6649,0.56%,7.95
https://revistamercado.do/money-invest/daily-news/el-futbol-no-esta-en-venta-la-uefa-estalla-contra-la-fifa-por-su-plan-de-privatizar-parte-del-mundial/,37,1413,2.62%,5.02
https://revistamercado.do/actualidad/resultados-de-la-loteria-de-este-viernes-22-de-mayo-de-2026/,37,1153,3.21%,6.48
https://revistamercado.do/actualidad/resultados-de-la-loteria-nacional-de-este-viernes-16-de-mayo-de-2026/,37,1133,3.27%,7.81
https://revistamercado.do/mercado-women/executive-profiles/lucy-doughty-filantropia/,37,886,4.18%,6.29
https://revistamercado.do/actualidad/precios-netflix-rd-tarifas-mensuales-planes/,36,12078,0.30%,6.24
https://revistamercado.do/actualidad/proximos-partidos-mundial-2026-horarios/,36,5476,0.66%,7.8
https://revistamercado.do/money-invest/internacional-economia/ranking-2026-este-es-el-pais-que-supero-a-mexico-en-poder-militar-en-la-region/,36,4245,0.85%,4.59
https://revistamercado.do/technology/senales-que-indican-que-alguien-accedio-a-tu-whatsapp-y-como-proteger-tu-cuenta/,36,4200,0.86%,3.64
https://revistamercado.do/technology/la-funcion-que-debes-desactivar-en-tu-televisor-para-mejorar-la-calidad-de-imagen/,36,3460,1.04%,4.21
https://revistamercado.do/money-invest/daily-news/por-que-esta-cayendo-el-dolar-en-america-latina-y-hasta-cuando-continuara-depreciandose/,36,2666,1.35%,6.39
https://revistamercado.do/money-invest/internacional-economia/los-paises-de-america-latina-con-mayor-esperanza-de-vida-segun-datos-de-la-onu/,36,2374,1.52%,5.78
https://revistamercado.do/money-invest/daily-news/crisis-sanitaria-en-venezuela-por-terremoto-hospitales-colapsados-tras-el-sismo/,36,1598,2.25%,3.08
https://revistamercado.do/actualidad/resultados-de-las-loterias-del-9-de-junio-de-2026-en-republica-dominicana/,36,1403,2.57%,5.75
https://revistamercado.do/money-invest/daily-news/sismo-magnitud-74-mexico-chiapas-epicentro/,36,1296,2.78%,3.55
https://revistamercado.do/empresas/sport-business/juegos-centroamericanos-y-del-caribe-100-anos-de-historia-y-republica-dominicana-como-sede-que-transforma-el-deporte-en-oportunidad/,35,7626,0.46%,7.56
https://revistamercado.do/actualidad/la-herencia-de-chadwick-boseman-actor-de-pantera-negra-desata-conflicto-entre-sus-hermanos-y-viuda/,35,7069,0.50%,6.09
https://revistamercado.do/actualidad/como-quedo-el-juego-de-estrellas-2026-de-la-mlb-y-como-les-fue-a-los-dominicanos/,35,4790,0.73%,6.86
https://revistamercado.do/actualidad/anuncios-de-marvel-en-comic-con-2026-ryan-gosling-como-ghost-rider-y-nuevo-pantera-negra/,35,3675,0.95%,5.17
https://revistamercado.do/empresas/donde-trabajar-en-el-extranjero-en-2026-los-10-paises-con-mejores-salarios/,35,3576,0.98%,6.82
https://revistamercado.do/actualidad/apagones-en-republica-dominicana-empeoran-con-el-calor-interrupciones-aumentaron-hasta-20-veces-al-mes-en-2026/,35,1800,1.94%,6.37
https://revistamercado.do/technology/devices/android-17-en-samsung-2026-celulares-compatibles-novedades-de-one-ui-9-y-como-actualizar-paso-a-paso/,35,1771,1.98%,6.6
https://revistamercado.do/money-invest/daily-news/cuales-son-los-paises-con-peor-trafico-en-latinoamerica-el-ranking-de-los-minutos-perdidos-al-dia/,35,1561,2.24%,6.05
https://revistamercado.do/actualidad/resultados-de-la-loteria-nacional-del-domingo-05-de-abril-de-2026/,35,583,6%,7.45
https://revistamercado.do/medihealth/sonar-que-estas-embarazada-sin-estarlo-el-significado-que-pocos-conocen/,34,9766,0.35%,5.77
https://revistamercado.do/empresas/sport-business/quien-sera-el-campeon-del-mundial-2026-esto-predijo-una-supercomputadora-tras-simular-10000-partidos/,34,3825,0.89%,6.93
https://revistamercado.do/mercado-women/las-10-mujeres-empresarias-mas-exitosas-del-mundo-que-construyeron-imperios-millonarios/,34,1757,1.94%,8.45
https://revistamercado.do/money-invest/ranking-paises-con-mayor-deuda-externa-en-america-latina-2025/,34,1389,2.45%,8.14
https://revistamercado.do/actualidad/resultados-de-la-loteria-nacional-del-viernes-1-de-mayo-de-2026/,34,815,4.17%,7.55
https://revistamercado.do/technology/devices/cuales-son-los-nuevos-cambios-de-whatsapp-para-usuarios-de-iphone-ipad-y-carplay/,33,19916,0.17%,5.13
https://revistamercado.do/money-invest/daily-news/saldo-mortal-en-los-festejos-de-mexico-vs-ecuador-2026-tres-personas-fallecen-en-cdmx/,33,7400,0.45%,4.99
https://revistamercado.do/technology/devices/cual-es-el-mejor-iphone-para-tomar-las-mejores-fotos-que-puedes-comprar-actualmente/,33,6382,0.52%,7.49
https://revistamercado.do/empresas/sport-business/como-ver-el-mundial-2026-en-vivo-canales-oficiales-para-ver-los-104-partidos-desde-cualquier-pais/,33,3703,0.89%,8.31
https://revistamercado.do/lifestyle/los-celulares-que-prefieren-los-magnates-tecnologicos-y-por-que-no-todos-usan-iphone/,33,2682,1.23%,4.15
https://revistamercado.do/money-invest/daily-news/republica-dominicana-condena-daniel-ortega-nicaragua-responde/,33,2441,1.35%,2.87
https://revistamercado.do/actualidad/fixture-completo-del-mundial-2026-con-horarios-para-republica-dominicana/,33,1446,2.28%,3.58
https://revistamercado.do/empresas/hector-jose-rizek-sued-empresario-mecenas-y-representante-cultural-de-republica-dominicana/,33,696,4.74%,6.4
https://revistamercado.do/money-invest/daily-news/operativo-seguridad-argentina-inglaterra-mundial-2026/,32,61312,0.05%,3.44
https://revistamercado.do/actualidad/como-sacar-el-pasaporte-dominicano-por-primera-vez-en-2026-guia-y-requisitos/,32,11049,0.29%,8.77
https://revistamercado.do/actualidad/resultados-de-la-loteria-nacional-del-jueves-7-de-mayo-de-2026/,32,4720,0.68%,8.44
https://revistamercado.do/actualidad/argentina-vs-argelia-a-que-hora-juega-messi-en-republica-dominicana-y-donde-verlo-en-vivo/,32,3224,0.99%,5.6
https://revistamercado.do/actualidad/cuanto-cuesta-ser-miss-republica-dominicana-el-precio-de-una-corona-supera-el-millon-de-pesos/,32,3012,1.06%,5.32
https://revistamercado.do/money-invest/daily-news/ranking-de-educacion-en-latinoamerica-los-10-paises-con-mayor-porcentaje-de-poblacion-con-escolaridad-completa/,32,1847,1.73%,6.84
https://revistamercado.do/money-invest/daily-news/decreto-502-26-trabajo-forzoso-importacion-bienes-rd/,32,1698,1.88%,5.13
https://revistamercado.do/medihealth/4-principios-para-cultivar-una-tolerancia-que-beneficie-la-salud/,32,1216,2.63%,2.78
https://revistamercado.do/actualidad/resultados-de-la-loteria-de-este-sabado-23-de-mayo-de-2026/,32,1123,2.85%,6.88
https://revistamercado.do/mercado-women/leadership/rita-abinader-eentrevista-exclusiva/,32,788,4.06%,6.41
https://revistamercado.do/money-invest/daily-news/lista-de-aranceles-de-trump-los-60-paises-afectados-las-tarifas-impuestas-y-el-impacto-en-rd/,32,780,4.10%,5.97
https://revistamercado.do/money-invest/daily-news/ucrania-golpea-refinerias-rusas-en-los-urales-y-a-orillas-del-mar-negro/,32,564,5.67%,10.2
https://revistamercado.do/event/mejores-empresa-para-trabajar/?update_cache=true,32,440,7.27%,6.51
https://revistamercado.do/actualidad/resultados-de-la-loteria-quiniela-real-del-jueves-2-julio-de-2026/?utm_source=rss&utm_medium=rss&utm_campaign=resultados-de-la-loteria-quiniela-real-del-jueves-2-julio-de-2026,31,6428,0.48%,7.33
https://revistamercado.do/medihealth/salud/10-vitaminas-y-suplementos-que-ayudan-a-bajar-el-colesterol/,31,5049,0.61%,5.95
https://revistamercado.do/money-invest/daily-news/nayib-bukele-reeleccion-elecciones-2027-el-salvador/,31,4277,0.72%,4.5
https://revistamercado.do/money-invest/ranking-del-salario-minimo-en-latinoamerica-en-2026/,31,3539,0.88%,5.45
https://revistamercado.do/actualidad/fallece-a-los-73-anos-jose-bello-de-que-murio-el-icono-de-la-salsa-dominicana-e-interprete-de-la-palabra-amigo/,31,2773,1.12%,7.9
https://revistamercado.do/actualidad/por-que-hace-tanto-calor-en-rd-este-verano-y-hasta-cuando-duraran-las-temperaturas-extremas/,31,2014,1.54%,5
https://revistamercado.do/business/peter-thiel-y-los-lideres-tecnologicos-que-mantienen-a-sus-hijos-lejos-de-las-pantallas/,31,1930,1.61%,5.07
https://revistamercado.do/mercado/las-empresas-militares-privadas-mas-activas/,31,1654,1.87%,8.58
https://revistamercado.do/money-invest/daily-news/como-afectara-el-retiro-de-los-verifones-en-las-gasolineras-de-rd-el-impacto-en-los-consumidores/,31,1464,2.12%,6.04
https://revistamercado.do/money-invest/daily-news/delcy-rodriguez-revela-afeccion-de-salud-en-plena-crisis-por-el-terremoto/,31,855,3.63%,5.31
https://revistamercado.do/lifestyle/hoteles/las-6-aperturas-de-hoteles-de-lujo-en-republica-dominicana-en-2025/,31,655,4.73%,6.42
https://revistamercado.do/mercado-exchange/mejores-empresas-para-trabajar-region-norte-2026-el-nuevo-epicentro-del-liderazgo-humano-en-la-era-de-la-ia/,31,291,10.65%,10.04
https://revistamercado.do/mercado-women/leadership/livia-chanes-ceo-nubank-latam/,31,278,11.15%,7.81
https://revistamercado.do/empresas/sport-business/argentina-rompe-un-record-historico-en-el-mundial-2026-el-reinado-mas-corto-de-todos-los-tiempos/,30,5698,0.53%,7.58
https://revistamercado.do/actualidad/cuanto-dinero-acumulo-the-odyssey-en-taquilla-y-que-record-historico-rompio-el-fin-de-semana/,30,5001,0.60%,7.07
https://revistamercado.do/money-invest/daily-news/bonnie-tyler-de-que-murio-total-eclipse-of-the-heart/,30,4104,0.73%,7.87
https://revistamercado.do/money-invest/republica-dominicana/cambio-de-cedula-en-republica-dominicana-como-actualizar-direccion-estado-civil-y-ocupacion/,30,3497,0.86%,6.68
https://revistamercado.do/money-invest/daily-news/pasaje-unico-rd-tarifa-integrada-transporte-publico/,30,2002,1.50%,5.85
https://revistamercado.do/money-invest/daily-news/paises-mas-visitados-latinoamerica-ranking-impacto-economico-turismo-atracciones-2024/,30,1823,1.65%,7.49
https://revistamercado.do/money-invest/daily-news/japon-despliega-en-venezuela-un-equipo-medico-de-ayuda-humanitaria-tras-los-terremotos/,30,1754,1.71%,4.3
https://revistamercado.do/money-invest/daily-news/salario-de-navidad-cesantia-y-el-nuevo-tope-del-isr-los-3-cambios-laborales-clave-de-la-ley-30-26-en-rd/,30,1509,1.99%,6.4
https://revistamercado.do/mercado-women/executive-profiles/benetton-en-quiebra/,30,1450,2.07%,4.38
https://revistamercado.do/money-invest/daily-news/rayo-impacta-aeropuerto-de-venezuela-en-plena-emergencia-nacional-esto-ocurrio/,30,1144,2.62%,6.16
https://revistamercado.do/empresas/terremoto-en-japon-paraliza-fabricas-de-chips-y-amenaza-la-cadena-mundial-de-semiconductores/,30,972,3.09%,2.78
https://revistamercado.do/lifestyle/mercadoteca/los-5-mejores-libros-clasicos-de-la-literatura-dominicana/,30,836,3.59%,5.69
https://revistamercado.do/money-invest/ranking-de-los-paises-mas-productivos-de-latinoamerica/,30,811,3.70%,5.85
https://revistamercado.do/money-invest/daily-news/protestas-en-venezuela-convocan-a-masiva-jornada-ciudadana-para-exigir-la-salida-del-gobierno/,30,549,5.46%,3.69
https://revistamercado.do/40-under-40-2025/,30,344,8.72%,4.21
https://revistamercado.do/technology/devices/whatsapp-deja-de-funcionar-en-agosto-2026-celulares-sin-soporte-y-lista-de-modelos/,29,26194,0.11%,4.58
https://revistamercado.do/actualidad/resultados-de-la-loteria-quiniela-real-del-jueves-2-julio-de-2026/,29,21309,0.14%,7.09
https://revistamercado.do/money-invest/republica-dominicana/horario-del-metro-de-santo-domingo-apertura-y-cierre-del-sistema/,29,14081,0.21%,6.74
https://revistamercado.do/actualidad/shakira-fue-reemplazada-por-una-doble-en-el-mundial-2026/,29,2327,1.25%,7.31
https://revistamercado.do/who-is-who/raul-rizek/,29,1980,1.46%,7.26
https://revistamercado.do/empresas/brand-business/ranking-el-top-10-de-accionistas-con-mayor-participacion-en-meta/,29,1775,1.63%,3.57
https://revistamercado.do/money-invest/daily-news/nueva-factura-electrica-en-rd-este-es-el-monto-real-sin-subsidio-sale-a-la-luz/,29,1717,1.69%,5.88
https://revistamercado.do/actualidad/cierres-viales-por-el-tunel-de-la-plaza-de-la-bandera-rutas-alternas-y-desvios-hoy/,29,1355,2.14%,6.68
https://revistamercado.do/actualidad/resultados-de-leidsa-del-sabado-16-de-mayo-de-2026/,29,646,4.49%,5.27
https://revistamercado.do/money-invest/daily-news/green-cards-permisos-trabajo-estados-unidos/,29,623,4.65%,6.94
https://revistamercado.do/event/agrotech-summit/?update_cache=true,29,194,14.95%,12.58
https://revistamercado.do/mercado-women/executive-profiles/mexico-71-primer-mundial-de-futbol-femenino/,28,15824,0.18%,6.95
https://revistamercado.do/mercado-women/shakira-y-burna-boy-alcanzan-el-numero-1-del-mundo-con-su-exito-dai-dai/,28,13632,0.21%,7.65
https://revistamercado.do/money-invest/daily-news/temblor-de-5-0-en-rd-donde-ocurrio-y-que-zonas-sintieron-el-movimiento/,28,10841,0.26%,8.95
https://revistamercado.do/technology/artificial-intelligence/china-lanza-kimi-k3-la-ia-de-codigo-abierto-que-desafia-a-chatgpt-y-claude/,28,5745,0.49%,5.53
https://revistamercado.do/money-invest/daily-news/sarampion-tras-mundial-2026-alerta-reintroduccion/,28,4608,0.61%,4.97
https://revistamercado.do/lifestyle/ranking-de-los-vuelos-mas-largos-del-mundo-trayectos-de-mas-de-15-horas/,28,3114,0.90%,7.43
https://revistamercado.do/money-invest/top-10-familias-mas-ricas-del-mundo-quienes-lideran-y-cuanto-dinero-tienen/,28,3065,0.91%,6.46
https://revistamercado.do/lifestyle/las-ciudades-mas-frias-del-mundo-donde-estan-y-que-temperaturas-registran/,28,2474,1.13%,5.73
https://revistamercado.do/lifestyle/el-yate-de-oro-la-historia-detras-del-history-supreme/,28,2384,1.17%,5.51
https://revistamercado.do/money-invest/daily-news/mundial-2030-64-equipos-conmebol-fifa/,28,1960,1.43%,3.97
https://revistamercado.do/money-invest/daily-news/reforma-policial-rd-cambios-senado/,28,1954,1.43%,5.33
https://revistamercado.do/lifestyle/10-lujos-absurdamente-caros-que-solo-compran-los-multimillonarios/,28,1678,1.67%,5.47
https://revistamercado.do/empresas/quienes-son-los-20-billonarios-mas-ricos-de-america-latina/,28,1448,1.93%,7.22
https://revistamercado.do/money-invest/daily-news/visa-schengen-para-republica-dominicana-por-que-el-pais-sigue-bajo-el-regimen-de-visado/,28,1350,2.07%,7.25
https://revistamercado.do/lifestyle/automoviles/los-mejores-autos-del-mundo-en-2026-el-ranking-oficial-de-las-expertas-globales/,28,1298,2.16%,6.73
https://revistamercado.do/money-invest/daily-news/gabinete-economico-rd-funcionarios-evaluara-abinader/,28,1094,2.56%,5.87
https://revistamercado.do/money-invest/daily-news/nuevo-impuesto-aereo-republica-dominicana-pasajes-avion/,28,971,2.88%,4.56
https://revistamercado.do/actualidad/hallan-sin-vida-a-la-madre-de-una-famosa-actriz-venezolana-tras-el-terremoto/,28,753,3.72%,2.77
https://revistamercado.do/money-invest/daily-news/paises-golfo-endeudamiento-rutas-alternativas-ormuz/,28,549,5.10%,4.77
https://revistamercado.do/vision-emprendedora-2026/,28,211,13.27%,8.31
https://revistamercado.do/money-invest/republica-dominicana/precio-del-dolar-hoy-en-republica-dominicana-este-martes-21-de-julio-de-2026/,27,19850,0.14%,7.7
https://revistamercado.do/money-invest/daily-news/que-debes-saber-sobre-las-pruebas-nacionales-2026-y-cuando-son-en-republica-dominicana/,27,15360,0.18%,9.16
https://revistamercado.do/empresas/las-20-carreras-mejor-pagadas-del-mundo-en-2026-hasta-us-370-000-al-ano/,27,3125,0.86%,6.48
https://revistamercado.do/mercado-exchange/carlos-duran-de-youtuber-a-emprendedor-visionario/,27,2362,1.14%,5.91
https://revistamercado.do/money-invest/daily-news/mundial-64-paises-fifa-2030/,26,9935,0.26%,7.52
https://revistamercado.do/actualidad/partidos-del-mundial-2026-hoy-lunes-6-de-julio-horarios-en-rd-canales-tv-y-donde-ver-futbol-en-vivo/,26,4667,0.56%,6.36
https://revistamercado.do/empresas/latinoamerica-domina-el-consumo-de-coca-cola-y-deja-atras-a-estados-unidos/,26,3622,0.72%,6.17
https://revistamercado.do/lifestyle/las-ciudades-mas-ricas-del-mundo-en-2025/,26,3337,0.78%,6.46
https://revistamercado.do/money-invest/daily-news/prediccion-goldman-sachs-mundial-2026-espana/,26,2824,0.92%,4.56
https://revistamercado.do/empresas/bolsa-millonaria-en-wimbledon-2026-cuanto-dinero-ganara-el-campeon-y-cada-tenista-por-ronda/,26,2425,1.07%,6.68
https://revistamercado.do/turismo/donde-se-gana-mas-en-ee-uu-estos-son-los-mejores-y-peores-estados-para-trabajar/,26,2424,1.07%,6.83
https://revistamercado.do/empresas/ranking-global-2026-asi-se-reparte-el-poder-digital-entre-nike-adidas-y-puma/,26,2261,1.15%,6.4
https://revistamercado.do/mercado-women/trends/todo-sobre-la-muneca-l-o-l-surprise-de-rosalia-precio-oficial-y-como-conseguirla-antes-de-que-se-agote/,26,2009,1.29%,7.18
https://revistamercado.do/empresas/ranking-2026-estas-son-las-marcas-de-restaurantes-mas-valiosas-del-mundo/,26,1234,2.11%,5.2
https://revistamercado.do/money-invest/daily-news/por-que-bad-bunny-no-menciono-a-belice-en-el-cierre-de-su-halftime-show/,26,1075,2.42%,4.39
https://revistamercado.do/products/revista-mercado/,26,1041,2.50%,3.35
https://revistamercado.do/internacional/carlos-cordeiro-renuncia-a-la-fifa-por-su-rechazo-al-plan-de-vender-parte-del-mundial/,26,850,3.06%,3.51
https://revistamercado.do/empresas/estas-5-carreras-universitarias-estan-saturadas-en-rd-y-ganan-menos-que-otras-segun-anje/,26,698,3.72%,4.49
https://revistamercado.do/who-is-who/christian-farach/,26,577,4.51%,6.76
https://revistamercado.do/event-detail/agrotech-summit-2/,26,75,34.67%,3.24
https://revistamercado.do/business/por-que-el-sistema-financiero-de-estados-unidos-enfrenta-una-tormenta-perfecta/,25,26986,0.09%,2.75
https://revistamercado.do/empresas/pepin-corripio-legado-empresarial-y-humano-en-republica-dominicana/,25,4749,0.53%,6.69
https://revistamercado.do/lifestyle/dentro-del-legado-ambani-poder-lujo-y-fortuna/,25,2909,0.86%,5.64
https://revistamercado.do/money-invest/daily-news/cuanto-cuesta-vivir-en-rd-segun-tu-region-e-ingresos-la-canasta-basica-en-mayo-2026/,25,2847,0.88%,5.71
https://revistamercado.do/actualidad/resultados-de-la-loteria-quiniela-real-del-martes-14-julio-de-2026/,25,2372,1.05%,6.59
https://revistamercado.do/technology/quien-vendio-mas-smartphones-en-2025-apple-o-samsung-asi-quedo-el-ranking-mundial/,25,1948,1.28%,6.29
https://revistamercado.do/money-invest/daily-news/venezuela-negocia-con-ee-uu-y-el-fmi-fondos-para-la-reconstruccion-tras-los-terremotos/,25,1354,1.85%,3.01
https://revistamercado.do/empresas/las-empresas-mas-valiosas-de-europa-por-capitalizacion-bursatil-en-2026/,25,1071,2.33%,5.59
https://revistamercado.do/construccion/traventto-nuevo-proyecto-residencial-en-santo-domingo/,25,957,2.61%,6.27
https://revistamercado.do/actualidad/resultados-de-leidsa-del-sabado-9-de-mayo-de-2026/,25,922,2.71%,7.2
https://revistamercado.do/money-invest/daily-news/regulacion-de-rentas-cortas-en-republica-dominicana-claves-del-nuevo-marco-legal-y-fiscal/,25,638,3.92%,8.54
https://revistamercado.do/autoshow-and-vision-emprendedora-2026/,25,251,9.96%,5.18
https://revistamercado.do/mercado-exchange/mercado-media-network-estrena-su-primer-autoshow-en-un-mismo-escenario-con-vision-emprendedora-2026/,25,210,11.90%,5.26
https://revistamercado.do/lifestyle/experiencias/feriados-2026-en-republica-dominicana/,24,8016,0.30%,7.6
https://revistamercado.do/empresas/servicios-banreservas-oficina-madrid-espana/,24,5131,0.47%,7.84
https://revistamercado.do/money-invest/daily-news/reforma-policial-republica-dominicana-2026-por-que-no-avanza-la-ley-en-el-congreso-nacional-y-plazos-para-perimir/,24,3949,0.61%,6.18
https://revistamercado.do/empresas/sport-business/la-hora-de-la-verdad-podra-mexico-romper-finalmente-la-maldicion-del-quinto-partido-en-su-mundial/,24,3870,0.62%,5.72
https://revistamercado.do/actualidad/terremoto-en-venezuela-quien-es-la-famosa-actriz-que-perdio-la-vida-y-conmovio-al-mundo-artistico/,24,3692,0.65%,6.52
https://revistamercado.do/money-invest/daily-news/historica-suspension-el-peligroso-fenomeno-climatico-que-obligo-a-suspender-la-fiesta-del-4-de-julio-en-eeuu-en-algunas-ciudades/,24,3538,0.68%,9.27
https://revistamercado.do/money-invest/daily-news/cuando-puedo-renovar-mi-pasaporte-en-rd-nueva-disposicion-elimina-limites-de-fecha/,24,2849,0.84%,7.02
https://revistamercado.do/money-invest/asi-esta-el-precio-de-la-vivienda-en-republica-dominicana-en-2026/,24,2729,0.88%,6.16
https://revistamercado.do/technology/devices/cuando-es-el-mejor-momento-para-comprar-el-iphone-17-al-menor-precio/,24,2504,0.96%,7.27
https://revistamercado.do/money-invest/daily-news/como-sacar-la-nueva-cedula-en-rd-jce-abre-plataforma-para-citas-online/,24,1997,1.20%,8.99
https://revistamercado.do/medihealth/salud/como-evitar-que-entren-cucarachas-por-la-puerta-de-tu-casa-metodos-efectivos-que-si-funcionan/,24,1935,1.24%,4.35
https://revistamercado.do/empresas/sport-business/final-del-mundial-2026-artistas-horarios-y-donde-ver-el-show-de-medio-tiempo-en-rd/,24,1698,1.41%,6.42
https://revistamercado.do/actualidad/resultados-de-las-loterias-del-14-de-junio-de-2026-en-republica-dominicana/,24,1583,1.52%,6.01
https://revistamercado.do/products/hola/,24,1503,1.60%,6.98
https://revistamercado.do/money-invest/daily-news/presupuesto-republica-dominicana-2027/,24,1189,2.02%,5.55
https://revistamercado.do/actualidad/muere-anne-schedeen-a-los-77-anos-cual-fue-la-causa-de-su-muerte/,24,1106,2.17%,6.33
https://revistamercado.do/medihealth/wellbeing/como-afecta-el-polvo-del-sahara-a-tu-piel-y-como-prevenir-los-brotes/,24,1077,2.23%,4.58
https://revistamercado.do/money-invest/daily-news/funeral-del-lider-supremo-de-iran-clamor-de-venganza-enciende-alarmas-globales/,24,732,3.28%,4.33
https://revistamercado.do/mercado-women/trends/atletas-favoritas-de-los-juegos-centroamericanos/,24,661,3.63%,7.89
https://revistamercado.do/ejecutivos/patricia-de-moya/,24,265,9.06%,3.17
https://revistamercado.do/empresas/brand-content/cedimat-centro-integral-de-hemato-oncologia-una-moderna-opcion-para-pacientes-con-cancer/,24,260,9.23%,6
https://revistamercado.do/event/vision-emprendedora-2025/?update_cache=true,24,78,30.77%,2.26
https://revistamercado.do/technology/devices/punto-verde-en-whatsapp-que-significa-y-como-evitar-que-aparezca-en-tu-perfil/,23,21256,0.11%,5.98
https://revistamercado.do/lifestyle/experiencias/santo-domingo-este-fin-de-semana-los-mejores-planes-para-disfrutar-la-ciudad/,23,5106,0.45%,5.43
https://revistamercado.do/money-invest/daily-news/clima-republica-dominicana-onda-tropical-temperaturas-altas/,23,4933,0.47%,7.67
https://revistamercado.do/technology/devices/apple-lanza-apple-upgrade-el-programa-para-arrendar-iphone-mac-y-ipad-por-cuotas-mensuales/,23,4679,0.49%,4.38
https://revistamercado.do/money-invest/internacional-economia/los-paises-mas-dificiles-de-visitar-del-mundo-visas-casi-imposibles-y-fuertes-restricciones/,23,4458,0.52%,6.43
https://revistamercado.do/technology/devices/no-borres-tus-fotos-el-ajuste-de-whatsapp-que-libera-gigas-de-espacio-en-segundos-sin-eliminar-nada-importanteno-borres-tus-fotos-el-ajuste-de-whatsapp-que-libera-gigas-de-espacio-en-segundos-sin-eli/,23,4146,0.55%,2.04
https://revistamercado.do/empresas/sport-business/cruces-de-16avos-de-final-mundial-2026-llaves-clasificados-y-posiciones-tras-la-fecha-2/,23,4012,0.57%,2.86
https://revistamercado.do/money-invest/daily-news/cuanto-costara-reconstruir-venezuela-tras-el-terremoto-de-2026/,23,3303,0.70%,6.16
https://revistamercado.do/money-invest/las-monedas-mas-fuertes-de-america-latina/,23,3044,0.76%,8.91
https://revistamercado.do/technology/devices/cuanto-costaria-el-iphone-18-en-republica-dominicana-con-el-nuevo-aumento-de-precio/,23,2831,0.81%,6.4
https://revistamercado.do/empresas/ranking-los-10-mejores-ceos-del-mundo-en-2025/,23,1800,1.28%,5.21
https://revistamercado.do/money-invest/daily-news/que-paso-en-el-cielo-de-venezuela-un-atardecer-rojo-genera-asombro-tras-los-sismos/,23,1788,1.29%,6.55
https://revistamercado.do/money-invest/daily-news/por-que-el-presidente-de-turquia-regalo-un-arma-a-los-lideres-de-la-otan-el-significado-oculto-de-su-obsequio/,23,1741,1.32%,7.74
https://revistamercado.do/lifestyle/viajes/barrios-de-miami-donde-viven-mas-latinos-zonas-donde-se-habla-espanol/,23,1694,1.36%,4.89
https://revistamercado.do/mercado-women/la-princesa-leonor-termina-su-formacion-militar-y-recibe-la-gran-cruz-del-merito-aeronautico/,23,1616,1.42%,4.31
https://revistamercado.do/business/the-odyssey-el-exito-en-taquilla-que-demuestra-a-hollywood-que-el-uso-de-ia-no-es-la-unica-formula/,23,1469,1.57%,7.88
https://revistamercado.do/money-invest/daily-news/empleados-publicos-saldran-temprano-juegos-centroamericanos-2026/,23,1330,1.73%,6.82
https://revistamercado.do/internacional/la-tragedia-migratoria-en-ceuta-deja-34-muertos-tras-una-entrada-masiva-desde-marruecos/,23,1079,2.13%,4.8
https://revistamercado.do/money-invest/daily-news/subsidio-electrico-en-rd-se-acerca-a-los-rd50000-millones-en-solo-cuatro-meses/,23,906,2.54%,5.38
https://revistamercado.do/business/grupo-nutresa-que-vio-jaime-gilinski-en-helados-tio-rico-que-ya-no-encajaba-en-la-estrategia-de-unilever/,23,787,2.92%,6.8
https://revistamercado.do/money-invest/daily-news/iran-planeaba-asesinar-trump-inteligencia-israel/,23,691,3.33%,5.39
https://revistamercado.do/actualidad/ranking-de-los-paises-con-mayor-carga-tributaria-en-america-latina-para-2026/,23,659,3.49%,5.38
https://revistamercado.do/actualidad/resultados-de-la-loteria-nacional-del-jueves-09-de-abril-de-2026/,23,481,4.78%,13.37
https://revistamercado.do/actualidad/cuales-universidades-piden-la-nota-de-las-pruebas-nacionales-como-requisito-de-admision-este-2026/,22,37790,0.06%,5.36
https://revistamercado.do/money-invest/republica-dominicana/precio-del-dolar-hoy-en-republica-dominicana-este-jueves-23-de-julio-de-2026/,22,13526,0.16%,7.28
https://revistamercado.do/medihealth/salud/por-que-hay-hormigas-en-tu-cocina-aunque-este-limpia-este-es-el-motivo-real/,22,2816,0.78%,5.58
https://revistamercado.do/empresas/sport-business/favoritos-al-titulo-del-mundial-2026-segun-apuestas-e-inteligencia-artificial/,22,2788,0.79%,8.87
https://revistamercado.do/turismo/que-paises-piden-visa-a-los-dominicanos-en-2026-y-cuales-no/,22,2234,0.98%,7.18
https://revistamercado.do/medihealth/salud/nad-y-peptidos-antienvejecimiento/,22,1523,1.44%,6.14
https://revistamercado.do/mercado-women/leadership/sandra-ortega-mayor-heredera-de-inditex-enfrenta-a-su-gestor/,22,1412,1.56%,5.1
https://revistamercado.do/money-invest/daily-news/los-grandes-hoteles-de-lujo-en-cuba-se-quedan-vacios-por-la-presion-de-estados-unidos/,22,1056,2.08%,5.84
https://revistamercado.do/lifestyle/viajes/las-10-ciudades-de-estados-unidos-donde-se-necesita-un-menor-salario-para-cubrir-el-costo-de-vida/,22,890,2.47%,6.73
https://revistamercado.do/actualidad/resultados-de-leidsa-del-miercoles-13-de-mayo-de-2026/,22,777,2.83%,4.71
https://revistamercado.do/money-invest/daily-news/monorriel-de-santo-domingo-cuando-comenzaran-las-obras-y-como-sera-la-primera-etapa/,22,765,2.88%,5.89
https://revistamercado.do/actualidad/resultados-de-la-loteria-nacional-del-lunes-4-de-mayo-de-2026/,22,682,3.23%,8.13
https://revistamercado.do/lifestyle/experiencias/capitales-industria-musical/,22,560,3.93%,4.9
https://revistamercado.do/money-invest/daily-news/records-espana-campeona-mundial-2026/,21,3309,0.63%,5.64
https://revistamercado.do/technology/iphone-17e-vs-iphone-17-cual-conviene-comprar-en-2026/,21,2503,0.84%,7.52
https://revistamercado.do/empresas/los-dos-paises-de-america-latina-que-seran-potencias-mundiales-en-2075-segun-goldman-sachs/,21,2164,0.97%,5.77
https://revistamercado.do/empresas/las-10-petroleras-mas-poderosas-del-mundo-que-dominan-la-economia-global/,21,1642,1.28%,9.27
https://revistamercado.do/empresas/como-es-el-windrunner-de-radia-el-avion-mas-grande-del-mundo-disenado-en-estados-unidos/,21,1522,1.38%,5.44
https://revistamercado.do/lifestyle/viajes/los-10-paises-con-mas-aeropuertos-del-mundo-ee-uu-lidera-el-ranking/,21,1481,1.42%,6.06
https://revistamercado.do/lifestyle/experiencias/ultra-lujo-en-el-caribe-los-5-resorts-mas-caros-de-republica-dominicana-en-2026/,21,1455,1.44%,5.84
https://revistamercado.do/money-invest/daily-news/cuales-vuelos-entre-santo-domingo-y-nueva-york-fueron-cancelados-por-las-tormentas-en-ee-uu/,21,1274,1.65%,7.54
https://revistamercado.do/actualidad/la-respuesta-de-los-artistas-tras-la-tragedia-de-venezuela-como-ayudan-shakira-y-rosalia-a-los-afectados-por-el-sismo/,21,1127,1.86%,5.3
https://revistamercado.do/technology/devices/iphone-18-pro-tendra-un-diseno-radicalmente-diferente-al-17-pro-segun-filtraciones/,21,1034,2.03%,7.32
https://revistamercado.do/money-invest/daily-news/viajar-sera-mas-caro-en-2026-el-aumento-silencioso-que-pagaras-la-proxima-vez-que-salga-de-rd/,21,832,2.52%,5.75
https://revistamercado.do/money-invest/daily-news/atencion-bono-madres-2026-esta-es-la-fecha-en-la-que-vence-el-dinero-y-que-pasa-si-no-lo-retiras-a-tiempo/,21,724,2.90%,4.12
https://revistamercado.do/actualidad/doble-lluvia-de-meteoros-se-vera-en-republica-dominicana-horarios-y-mejores-lugares-para-observarla/,21,536,3.92%,5.11
https://revistamercado.do/money-invest/daily-news/reves-judicial-en-la-casa-blanca-trump-debera-pagar-5-millones-de-dolares-a-la-escritora-e-jean-carroll/,21,506,4.15%,7.29
https://revistamercado.do/money-invest/daily-news/policias-arrestados-en-venezuela-por-robo-que-se-llevaron-de-la-ayuda-humanitaria-del-terremoto/,21,472,4.45%,6.57
https://revistamercado.do/actualidad/resultados-de-la-loteria-nacional-del-jueves-23-de-abril-de-2026/,21,422,4.98%,6.04
https://revistamercado.do/actualidad/resultados-de-la-loteria-nacional-del-lunes-06-de-abril-de-2026/,21,380,5.53%,8.96
https://revistamercado.do/technology/devices/como-funciona-la-nueva-herramienta-de-whatsapp-para-chatear-con-alguien-sin-pedirle-su-numero/,20,15866,0.13%,5.53
https://revistamercado.do/vida-en-la-cima/siete-peliculas-de-tim-burton-con-la-tematica-ideal-para-halloween/,20,10857,0.18%,3.64
https://revistamercado.do/technology/artificial-intelligence/openai-revela-que-su-modelo-de-ia-ejecuto-un-ciberataque-autonomo-a-otra-empresa/,20,4444,0.45%,8.05
https://revistamercado.do/money-invest/republica-dominicana/ranking-los-terremotos-mas-poderosos-que-han-sacudido-la-republica-dominicana/,20,3595,0.56%,7.74
https://revistamercado.do/empresas/sport-business/mas-alla-de-cristiano-ronaldo-y-messi-los-futbolistas-mejor-pagados-del-mundial-2026-y-las-grandes-fortunas-del-futbol-internacional/,20,2612,0.77%,6.46
https://revistamercado.do/technology/este-es-el-motivo-por-el-que-nunca-debes-contestar-llamadas-del-numero-261/,20,2461,0.81%,5.69
https://revistamercado.do/money-invest/republica-dominicana/pasaporte-dominicano-en-el-global-passport-index-2026-que-puesto-ocupa-y-a-cuantos-paises-entra-sin-visa/,20,2453,0.82%,6.97
https://revistamercado.do/actualidad/taquilla-global-junio-2026-toy-story-5-aplasta-el-estreno-de-supergirl-en-cines/,20,1870,1.07%,6.75
https://revistamercado.do/politica/marine-le-pen-podra-competir-por-la-presidencia-de-francia-tras-recuperar-su-elegibilidad/,20,1764,1.13%,3.78
https://revistamercado.do/money-invest/daily-news/que-hace-que-japon-sea-uno-de-los-paises-con-mayor-riesgo-de-terremotos/,20,1634,1.22%,5.15
https://revistamercado.do/who-is-who/carlos-jose-marti/,20,1541,1.30%,6.54
https://revistamercado.do/vida-en-la-cima/leonardo-del-vecchio-la-historia-detras-del-fundador-de-luxottica/,20,1073,1.86%,7.1
https://revistamercado.do/sostenibilidad/energia-y-minas/4-tierras-raras-claves-halladas-en-republica-dominicana/,20,942,2.12%,4.52
https://revistamercado.do/business/pix-el-sistema-de-pagos-favorito-de-brasil-que-termino-incomodando-a-donald-trump/,20,826,2.42%,6.19
https://revistamercado.do/mercado-women/leadership/keiko-fujimori-asume-la-presidencia-hoy-en-peru/,20,817,2.45%,6.08
https://revistamercado.do/money-invest/daily-news/eeuu-clasifica-cuba-amenaza-seguridad-nacional/,20,816,2.45%,6.86
https://revistamercado.do/actualidad/resultados-de-la-loteria-quiniela-real-del-jueves-11-junio-de-2026/,20,731,2.74%,7.09
https://revistamercado.do/actualidad/resultados-de-leidsa-del-miercoles-20-de-mayo-de-2026/,20,647,3.09%,5.63
https://revistamercado.do/sostenibilidad/tornados-un-tifon-y-un-deslizamiento-dejan-al-menos-20-muertos-y-miles-de-afectados-en-china/,20,584,3.42%,6.55
https://revistamercado.do/sostenibilidad/cambio-climatico/taiwan-japon-y-china-se-preparan-ante-avance-del-tifon-bavi/,20,510,3.92%,4.19
https://revistamercado.do/actualidad/resultados-de-la-loteria-quiniela-real-del-miercoles-24-junio-de-2026/,20,418,4.78%,6.83
https://revistamercado.do/actualidad/resultados-de-la-loteria-nacional-del-lunes-13-de-abril-de-2026/,20,416,4.81%,6.75
https://revistamercado.do/actualidad/resultados-de-la-loteria-nacional-del-sabado-28-de-marzo-de-2026/,20,390,5.13%,6.89
https://revistamercado.do/actualidad/resultados-de-la-loteria-quiniela-real-del-martes-14-julio-de-2026/?utm_source=rss&utm_medium=rss&utm_campaign=resultados-de-la-loteria-quiniela-real-del-martes-14-julio-de-2026,20,207,9.66%,3.68
https://revistamercado.do/actualidad/estrenos-disney-plus-julio-2026-el-diablo-viste-a-la-moda-2-soy-luna-y-mas/,19,5333,0.36%,7.88
https://revistamercado.do/empresas/sport-business/las-acciones-y-ventas-de-hugo-boss-se-disparan-por-su-ropa-en-el-mundial/,19,4071,0.47%,8.18
https://revistamercado.do/mercado-women/executive-profiles/grace-schiodtz-uber-eats-mexico/,19,2258,0.84%,7.18
https://revistamercado.do/technology/whatsapp-ya-no-es-100-gratis-estos-son-los-cambios-que-tendra-la-app-en-el-2026/,19,1770,1.07%,6.57
https://revistamercado.do/empresas/sport-business/deportes-republica-dominicana-mas-opciones-medallas-santo-domingo-2026/,19,1758,1.08%,6.3
https://revistamercado.do/money-invest/daily-news/aislamiento-base-tecnologia-edificios-antisismicos/,19,1738,1.09%,7.31
https://revistamercado.do/empresas/empresas-conocidas-que-se-declararon-en-quiebra-en-2025-los-casos-mas-impactantes/,19,1668,1.14%,11.8
https://revistamercado.do/mercado-women/career/latinoamerica-industria-cosmetica/,19,1632,1.16%,8.02
https://revistamercado.do/money-invest/los-10-paises-mas-endeudados-con-el-fmi-en-latinoamerica-y-el-desafio-de-pagar-en-2026/,19,1589,1.20%,5.92
https://revistamercado.do/actualidad/se-aproxima-el-eclipse-solar-total-2026-se-podra-ver-desde-republica-dominicana-en-agosto/,19,1482,1.28%,4.05
https://revistamercado.do/money-invest/daily-news/reforma-policial-republica-dominicana-faride-raful/,19,1428,1.33%,3.83
https://revistamercado.do/actualidad/resultados-de-las-loterias-del-jueves-4-de-junio-de-2026-en-republica-dominicana/,19,1278,1.49%,6.59
https://revistamercado.do/money-invest/daily-news/alerta-en-las-gasolineras-el-pacto-geopolitico-secreto-que-determinara-si-el-precio-del-petroleo-se-dispara/,19,1242,1.53%,5.18
https://revistamercado.do/lifestyle/capacidad-para-12000-personas-tecnologia-de-punta-asi-sera-arena-de-santo-domingo/,19,1081,1.76%,7.02
https://revistamercado.do/empresas/meta-quiebra-multa-record-mark-zuckerberg/,19,1025,1.85%,7.22
https://revistamercado.do/money-invest/daily-news/terremoto-en-venezuela-sepultan-a-las-victimas-identificadas-tras-superar-los-3000-muertos/,19,739,2.57%,2.17
https://revistamercado.do/who-is-who/fernando-hazoury/,19,641,2.96%,5.38
https://revistamercado.do/actualidad/victor-mendez-capellan-grupo-vimenca/,19,595,3.19%,4.23
https://revistamercado.do/business/tiene-china-acceso-a-la-maquina-que-puede-cambiar-el-equilibrio-tecnologico-mundial/,19,472,4.03%,5.61
https://revistamercado.do/lifestyle/las-7-obras-de-arte-mas-caras-del-mundo-en-2026-valor-historia-y-mercado/,19,462,4.11%,6.2
https://revistamercado.do/empresas/brand-content/proyectos-innovadores-para-la-recuperacion-de-la-economia/,19,434,4.38%,7.53
https://revistamercado.do/40-under-40-2022/,19,270,7.04%,6.06
https://revistamercado.do/business/por-que-ibm-pone-a-prueba-su-inteligencia-artificial-en-wimbledon-antes-de-llevarla-a-las-empresas/,18,10727,0.17%,3.27
https://revistamercado.do/money-invest/daily-news/donde-sera-la-final-del-mundial-2026-fecha-y-estadio-confirmado/,18,9027,0.20%,10.66
https://revistamercado.do/empresas/sport-business/mundial-2026-cuando-se-juegan-los-dieciseisavos-de-final-y-quienes-podrian-enfrentarse/,18,2806,0.64%,4.13
https://revistamercado.do/money-invest/internacional-economia/las-3-ciudades-de-estados-unidos-que-figuran-entre-las-mas-peligrosas-del-mundo-en-2025/,18,2753,0.65%,7.67
https://revistamercado.do/technology/el-peor-iphone-de-la-historia-el-modelo-que-nadie-deberia-comprar-en-2026/,18,2661,0.68%,5.42
https://revistamercado.do/empresas/sport-business/a-que-hora-canta-shakira-en-el-mundial-2026-y-como-verla-en-vivo-desde-republica-dominicana/,18,2494,0.72%,8
https://revistamercado.do/money-invest/las-10-mejores-universidades-de-mexico-en-2026-segun-el-qs-world-university-rankings/,18,2241,0.80%,5.85
https://revistamercado.do/money-invest/daily-news/mundial-2026-las-selecciones-que-no-lograron-clasificar-y-seran-las-grandes-ausencias/,18,2166,0.83%,7.3
https://revistamercado.do/lifestyle/las-10-mejores-peliculas-de-steven-spielberg-que-debes-ver-en-2026/,18,2123,0.85%,3.43
https://revistamercado.do/technology/devices/whatsapp-plus-para-iphone-meta-lanza-suscripcion-premium-para-personalizar-la-app-al-extremo/,18,2058,0.87%,7.81
https://revistamercado.do/empresas/sport-business/de-una-fotografia-historica-a-la-final-del-mundial-2026-la-increible-historia-que-une-a-lionel-messi-y-lamine-yamal/,18,2052,0.88%,4.75
https://revistamercado.do/money-invest/daily-news/el-costo-de-vivir-en-rd-subio-cuanto-mas-gasta-una-familia-dominicana-cada-mes-en-2026/,18,2041,0.88%,5.96
https://revistamercado.do/technology/ranking-de-las-principales-empresas-de-videojuegos-en-2025/,18,1779,1.01%,7.45
https://revistamercado.do/medihealth/wellbeing/leer-para-sanar/,18,1696,1.06%,9.94
https://revistamercado.do/money-invest/internacional-economia/ranking-numbeo-2026-el-pais-latino-que-supero-a-potencias-en-calidad-de-vida/,18,1662,1.08%,7.16
https://revistamercado.do/actualidad/de-que-murio-kaylee-hottle-la-joven-estrella-de-godzilla-vs-kong/,18,1574,1.14%,5.88
https://revistamercado.do/empresas/manuel-estrella-la-trayectoria-de-un-empresario-visionario/,18,1309,1.38%,7.09
https://revistamercado.do/empresas/las-cinco-multinacionales-que-dominan-las-marcas-mas-famosas-del-mundo/,18,1219,1.48%,6.91
https://revistamercado.do/money-invest/daily-news/tragedia-nacional-el-devastador-balance-de-muetos-tras-los-sismos-que-azotaron-venezuela/,18,1066,1.69%,2.88
https://revistamercado.do/empresas/10-jovenes-emprendedores-exitosos-que-crearon-empresas-antes-de-los-21/,18,907,1.98%,9.22
https://revistamercado.do/money-invest/daily-news/decreto-502-26-impacto-importaciones-rd/,18,713,2.52%,6.28
https://revistamercado.do/actualidad/resultados-de-la-loteria-nacional-del-viernes-10-de-abril-de-2026-2/,18,603,2.99%,8.12
https://revistamercado.do/empresas/el-modelo-de-negocios-de-la-fifa-la-propuesta-de-gianni-infantino-sobre-los-derechos-del-mundial/,18,547,3.29%,6.29
https://revistamercado.do/mercado-women/leadership/rita-abinader-mision-humanitaria/,18,419,4.30%,5.59
https://revistamercado.do/empresas/los-poderosos-ceos-de-la-india-que-dirigen-grandes-companias/,18,314,5.73%,5.77
https://revistamercado.do/money-invest/daily-news/turismo-lujo-republica-dominicana-nueva-era/,18,312,5.77%,7.46
https://revistamercado.do/who-is-who/jose-luis-ochoa/,18,290,6.21%,4.19
https://revistamercado.do/event/the-best-of-dr/?update_cache=true,18,103,17.48%,4.81
https://revistamercado.do/actualidad/trailer-de-avengers-doomsday-que-personajes-vuelven-al-ucm-en-el-impactante-trailer-de-la-nueva-pelicula-de-los-vengadores/,17,3958,0.43%,7.22
https://revistamercado.do/technology/devices/el-iphone-mas-economico-y-duradero-que-puedes-comprar-en-2026-por-que-este-modelo-viejo-sigue-valiendo-la-pena/,17,3339,0.51%,7.39
https://revistamercado.do/empresas/sport-business/cuanto-dinero-se-embolsa-el-barcelona-por-ser-el-campeon-de-laliga-2026/,17,2709,0.63%,7.02
https://revistamercado.do/actualidad/resultados-de-la-loteria-nacional-del-jueves-6-de-mayo-de-2026/,17,2106,0.81%,9.09
https://revistamercado.do/medihealth/salud/este-grupo-sanguineo-podria-envejecer-mas-lento-que-los-demas-segun-estudios-cientificos/,17,1985,0.86%,3.81
https://revistamercado.do/empresas/sport-business/cuando-son-los-dieciseisavos-de-final-del-mundial-2026-y-quienes-juegan/,17,1939,0.88%,2.44
https://revistamercado.do/money-invest/daily-news/cuantas-horas-debes-trabajar-para-ganar-us-1000-el-ranking-global-por-paises/,17,1750,0.97%,6.3
https://revistamercado.do/medihealth/los-10-mejores-hospitales-del-mundo-en-2025/,17,1576,1.08%,5.04
https://revistamercado.do/lifestyle/por-este-motivo-se-debe-tener-siempre-un-dolar-guardado-en-la-billetera/,17,1552,1.10%,4.34
https://revistamercado.do/money-invest/las-10-mejores-universidades-de-brasil-en-2026-segun-el-qs-world-university-rankings/,17,1533,1.11%,5.47
https://revistamercado.do/money-invest/daily-news/empleados-publicos-republica-dominicana-2026/,17,1503,1.13%,5.34
https://revistamercado.do/lifestyle/los-mejores-10-platos-del-mundo-segun-tasteatlas/,17,1449,1.17%,8.65
https://revistamercado.do/money-invest/daily-news/que-pasara-en-colombia-si-petro-no-reconoce-los-resultados-de-la-segunda-vuelta-el-21-de-junio/,17,1099,1.55%,6.71
https://revistamercado.do/money-invest/daily-news/la-nueva-cedula-en-rd-eliminara-viudo-solo-reconocera-soltero-o-casado/,17,1030,1.65%,5.82
https://revistamercado.do/turismo/las-provincias-que-reciben-mas-turistas-en-republica-dominicana-y-por-que/,17,1003,1.69%,4.17
https://revistamercado.do/medihealth/wellbeing/calorias-aquafit/,17,1000,1.70%,5.15
https://revistamercado.do/actualidad/costo-y-destino-de-los-escombros-torres-gemelas/,17,920,1.85%,6.42
https://revistamercado.do/lifestyle/los-20-paises-mas-bellos-del-mundo-para-viajar-segun-conde-nast-traveler/,17,818,2.08%,14.3
https://revistamercado.do/actualidad/estrenos-de-cine-junio-2026-las-peliculas-mas-esperadas-del-verano-en-rd/,17,811,2.10%,6.64
https://revistamercado.do/money-invest/daily-news/cuanto-crudo-vende-venezuela-a-estados-unidos-las-cifras-de-la-eia-sobre-el-repunte-petrolero-en-2026/,17,781,2.18%,6.15
https://revistamercado.do/money-invest/daily-news/ranking-2026-las-ciudades-con-mayor-crecimiento-economico-y-poblacional-en-estados-unidos/,17,743,2.29%,6.5
https://revistamercado.do/actualidad/resultados-de-la-loteria-nacional-del-martes-5-de-mayo-de-2026/,17,718,2.37%,6.59
https://revistamercado.do/construccion/las-6-construcciones-mas-caras-del-mundo-en-2026-y-cuanto-costo-cada-una/,17,560,3.04%,5.25
https://revistamercado.do/turismo/de-donde-vienen-mas-turistas-a-republica-dominicana/,17,479,3.55%,5.98
https://revistamercado.do/money-invest/daily-news/estos-son-los-paises-de-america-latina-con-el-mayor-deficit-de-vivienda-segun-habitat-para-la-humanidad/,17,443,3.84%,6.34
https://revistamercado.do/empresas/estas-son-las-10-empresas-reconocidas-por-su-inversion-extranjera-directa-en-rd/,17,380,4.47%,18.01
https://revistamercado.do/actualidad/resultados-de-la-loteria-nacional-del-martes-24-de-febrero-de-2026/,17,331,5.14%,7.2
https://revistamercado.do/who-is-who/priscilla-kelly-leon/,17,120,14.17%,17.61
https://revistamercado.do/technology/apple-elimina-el-negro-en-el-iphone-18-pro-estos-serian-los-nuevos-colores/,16,8595,0.19%,2.22
https://revistamercado.do/money-invest/daily-news/quien-va-ganando-en-peru-con-el-99-5-de-votos-contados-fujimori-se-acerca-a-la-victoria/,16,7535,0.21%,7.77
https://revistamercado.do/lifestyle/dave-busters-llega-a-republica-dominicana-con-su-primera-sede-en-santo-domingo/,16,5537,0.29%,9.24
https://revistamercado.do/empresas/farmacias-gbc-30-anos-salud-dominicanos/,16,5368,0.30%,6.76
https://revistamercado.do/market-order/retratos/la-casa-blanca-ha-liderado-al-real-madrid-en-una-etapa-que-ya-se-considera-la-mas-exitosa-de-la-historia-del-club/,16,2567,0.62%,6.65
https://revistamercado.do/money-invest/dolar-pierde-fuerza-en-america-latina-las-monedas-que-mas-ganan-en-abril/,16,2481,0.64%,2.07
https://revistamercado.do/money-invest/ranking-del-precio-de-la-gasolina-en-latinoamerica-en-2026-pais-por-pais/,16,2389,0.67%,6.39
https://revistamercado.do/technology/devices/whatsapp-plus-2026-como-gestionar-dos-cuentas-en-un-mismo-celular-y-cuales-son-los-riesgos/,16,2203,0.73%,4.37
https://revistamercado.do/medihealth/wellbeing/los-mejores-alimentos-para-regenerar-el-cartilago-y-reducir-el-dolor-en-las-articulaciones/,16,2186,0.73%,6.28
https://revistamercado.do/empresas/zip2-musk/,16,2174,0.74%,5.6
https://revistamercado.do/money-invest/daily-news/cedulacion-en-rd-horarios-centros-24-horas-y-como-sacar-tu-cedula-rapido/,16,2112,0.76%,9.01
https://revistamercado.do/medihealth/salud/disnea-enfermedades-alerta/,16,2011,0.80%,3.54
https://revistamercado.do/mercado-women/executive-profiles/raquelle-pedraza-intervino-vestuario-shakira-en-la-final/,16,1535,1.04%,6.45
https://revistamercado.do/technology/devices/elon-musk-lanza-x-money-la-nueva-plataforma-de-servicios-financieros-y-pagos-de-la-red-x/,16,1498,1.07%,6.67
https://revistamercado.do/medihealth/salud/arsenico-arroz-rd/,16,1475,1.08%,8.76
https://revistamercado.do/empresas/paises-con-mas-inflacion-america-latina-proyecciones-2026/,16,1384,1.16%,6.86
https://revistamercado.do/suscribe/,16,1150,1.39%,3.08
https://revistamercado.do/money-invest/republica-dominicana/harvard-proyecta-fuerte-crecimiento-para-rd-hasta-2034/,16,1108,1.44%,7.1
https://revistamercado.do/empresas/ranking-las-10-familias-mas-ricas-de-estados-unidos-en-2026/,16,1106,1.45%,7.91
https://revistamercado.do/lifestyle/los-5-hoteles-mas-lujosos-del-mundo-y-cuanto-cuesta-dormir-en-ellos/,16,1057,1.51%,10.41
https://revistamercado.do/actualidad/solidaridad-en-santo-domingo-habilitan-espacio-en-agora-mall-para-recibir-ayuda-para-venezuela/,16,917,1.74%,5.81
https://revistamercado.do/empresas/mept/las-mejores-empresas-para-trabajar-en-rd/,16,879,1.82%,8.44
https://revistamercado.do/empresas/sport-business/show-apertura-juegos-centroamericanos-santo-domingo-2026-produccion/,16,822,1.95%,5.87
https://revistamercado.do/actualidad/resultados-de-la-loteria-nacional-del-domingo-22-de-febrero-de-2026/,16,795,2.01%,6.99
https://revistamercado.do/empresas/el-hombre-que-le-enseno-a-republica-dominicana-a-catar-el-buen-vino/,16,758,2.11%,7.37
https://revistamercado.do/empresas/las-criptomonedas-con-mas-ganancias-del-primer-semestre-de-2026-ranking/,16,749,2.14%,6.52
https://revistamercado.do/empresas/la-criptomoneda-de-trump-se-desploma-millones-de-inversores-pierden-fortunas/,16,601,2.66%,7.48
https://revistamercado.do/actualidad/resultados-de-la-loteria-nacional-del-domingo-10-de-mayo-de-2026/,16,577,2.77%,7
https://revistamercado.do/construccion/infraestructura/los-proyectos-iconicos-de-luis-velutini-en-republica-dominicana/,16,518,3.09%,7.53
https://revistamercado.do/money-invest/los-paises-de-america-latina-que-mas-creceran-en-2026-segun-las-proyecciones-del-pib/,16,500,3.20%,6.46
https://revistamercado.do/money-invest/daily-news/por-que-ee-uu-pide-aumentar-el-presupuesto-militar-en-latinoamerica-las-razones-detras-de-la-alerta-de-seguridad/,16,443,3.61%,6.07
https://revistamercado.do/money-invest/daily-news/conflicto-diplomatico-nicaragua-republica-dominicana/,16,411,3.89%,9.44
https://revistamercado.do/actualidad/republica-dominicana-baloncesto-jcc-2026-la-seleccion-masculina-avanza-invicta-a-semifinales/,16,405,3.95%,4.25
https://revistamercado.do/mercado-exchange/en-vivo-mercado-autoshow-vision-emprendedora-2026/,16,403,3.97%,6.38
https://revistamercado.do/actualidad/cuando-juega-juan-soto-revisa-los-partidos-de-hoy-en-la-mlb-y-su-calendario/,15,35519,0.04%,8.15
https://revistamercado.do/money-invest/republica-dominicana/cuando-es-semana-santa-2026-fechas-clave-y-dias-festivos/,15,5475,0.27%,5.2
https://revistamercado.do/mercado-women/trends/actrices-de-la-odisea/,15,5048,0.30%,9
https://revistamercado.do/money-invest/daily-news/el-nuevo-edificio-mas-alto-de-latinoamerica-donde-se-construye-y-cuanto-medira/,15,3486,0.43%,7.92
https://revistamercado.do/lifestyle/las-10-mejores-peliculas-de-tim-burton-que-debes-ver-en-2026/,15,3125,0.48%,3.68
https://revistamercado.do/empresas/sport-business/quien-es-vozinha-el-portero-de-40-anos-mvp-ante-espana-en-el-mundial-2026/,15,2432,0.62%,6.4
https://revistamercado.do/mercado-women/executive-profiles/silvana-tenreyro-economista-jefe-fmi/,15,2315,0.65%,3.43
https://revistamercado.do/mercado-women/leadership/marileidy-paulino-invicta-liga-diamante/,15,2074,0.72%,7.39
https://revistamercado.do/mercado-women/trends/karol-g-estrella-en-el-paseo-de-la-fama-de-hollywood/,15,1904,0.79%,7.63
https://revistamercado.do/business/elon-musk-tendra-que-esperar-un-ano-para-vender-acciones-de-spacex/,15,1706,0.88%,4.07
https://revistamercado.do/lifestyle/experiencias/los-mejores-rones-del-mundo-marcas-premium-y-guia-para-elegir-un-ron-de-alta-gama/,15,1542,0.97%,9.62
https://revistamercado.do/technology/devices/nombres-de-usuario-en-whatsapp-2026-como-crear-el-tuyo-y-ocultar-tu-numero/,15,1457,1.03%,7.68
https://revistamercado.do/technology/4-motivos-para-esperar-al-iphone-18-pro-antes-de-comprar-el-iphone-17-pro/,15,1434,1.05%,8.92
https://revistamercado.do/lifestyle/automoviles/estas-son-las-10-marcas-de-carros-mas-lujosas-del-mundo-en-2026/,15,1384,1.08%,5.7
https://revistamercado.do/money-invest/daily-news/cuanto-pagas-de-impuestos-en-rd-por-cada-rd-1000-de-gasolina-que-compras/,15,1338,1.12%,6.26
https://revistamercado.do/lifestyle/los-colores-que-usan-los-millonarios-para-parecer-mas-ricos-de-lo-que-dicen/,15,1237,1.21%,4.39
https://revistamercado.do/lifestyle/relojes/relojes-de-lujo-2026-las-10-marcas-que-mejor-mantienen-su-valor-de-reventa/,15,1215,1.23%,5.5
https://revistamercado.do/money-invest/daily-news/el-calor-se-dispara-en-rd-esto-explica-por-que-se-siente-mas-intenso-estos-dias/,15,1202,1.25%,4.76
https://revistamercado.do/actualidad/este-es-el-listado-de-las-mejores-tarjetas-de-credito-para-junio-de-2026/,15,1193,1.26%,6.71
https://revistamercado.do/empresas/como-comprar-acciones-en-wall-street-desde-america-latina-guia-paso-a-paso/,15,1123,1.34%,7.51
https://revistamercado.do/actualidad/el-legado-de-luis-velutini-pionero-del-lujo-inmobiliario/,15,1053,1.42%,7.78
https://revistamercado.do/lifestyle/ranking-de-los-mejores-hoteles-frente-al-mar-en-punta-cana-segun-tripadvisor/,15,1002,1.50%,11.02
https://revistamercado.do/money-invest/top-10-paises-que-mas-cafe-beben-por-persona-europa-domina-el-listado/,15,992,1.51%,6.95
https://revistamercado.do/empresas/proyecciones-de-citi-para-el-dolar-en-latinoamerica-el-rumbo-de-las-monedas-de-la-region-en-2026-y-2027/,15,983,1.53%,6.62
https://revistamercado.do/actualidad/resultados-de-la-loteria-nacional-de-este-viernes-15-de-mayo-de-2026/,15,930,1.61%,12.3
https://revistamercado.do/money-invest/daily-news/afectara-tu-bolsillo-lo-que-debes-saber-sobre-la-nueva-ley-de-residuos-y-sus-costos-ocultos/,15,858,1.75%,7.68
https://revistamercado.do/technology/whatsapp-permitira-chatear-con-personas-que-no-tienen-la-app/,15,852,1.76%,3.64
https://revistamercado.do/money-invest/ranking-que-paises-latinoamericanos-recaudan-mas-impuestos/,15,815,1.84%,7.38
https://revistamercado.do/money-invest/los-10-mejores-paises-para-jubilarse-en-2026-segun-international-living/,15,795,1.89%,5.98
https://revistamercado.do/actualidad/resultados-de-la-loteria-nacional-de-este-miercoles-20-de-mayo-de-2026/,15,785,1.91%,9.67
https://revistamercado.do/business/como-china-utiliza-la-inteligencia-artificial-de-codigo-abierto-para-ganar-influencia-global/,15,686,2.19%,5.11
https://revistamercado.do/lifestyle/las-mansiones-de-las-estrellas-del-mundial-2026-la-de-ronaldo-es-la-mas-cara/,15,649,2.31%,5.9
https://revistamercado.do/actualidad/resultados-de-la-loteria-nacional-del-domingo-12-de-abril-de-2026/,15,626,2.40%,7.45
https://revistamercado.do/lifestyle/top-20-estas-son-las-mejores-peliculas-de-chuck-norris-segun-imdb/,15,626,2.40%,7.67
https://revistamercado.do/empresas/sport-business/mensaje-messi-final-mundial-2026-espana/,15,616,2.44%,6.28
https://revistamercado.do/business/aunque-la-guerra-en-iran-termine-hacer-negocios-seguira-siendo-mas-caro/,15,560,2.68%,2.38
https://revistamercado.do/medihealth/wellbeing/ejercicio-con-calor/,15,541,2.77%,5.62
https://revistamercado.do/actualidad/resultados-de-la-loteria-nacional-del-lunes-27-de-abril-de-2026/,15,523,2.87%,8.01
https://revistamercado.do/lifestyle/viajes/ranking-los-10-aeropuertos-mas-transitados-del-mundo/,15,504,2.98%,13.38
https://revistamercado.do/actualidad/me-daria-verguenza-ese-guion-la-lapidaria-critica-de-la-traductora-de-la-odisea-a-christopher-nolan/,15,466,3.22%,6.37
https://revistamercado.do/money-invest/estados-unidos-mantiene-el-liderazgo-de-la-inversion-extranjera-pero-china-gana-terreno-en-america-latina/,15,371,4.04%,9.35
https://revistamercado.do/lifestyle/por-que-los-ricos-evitan-marcas-que-la-clase-media-ve-de-lujo/,15,356,4.21%,5.76
https://revistamercado.do/actualidad/resultados-de-la-loteria-nacional-de-este-miercoles-13-de-mayo-de-2026/,15,308,4.87%,5.45
https://revistamercado.do/mercado-women/leadership/alexandra-gucci-su-propia-marca/,15,275,5.45%,8.9
https://revistamercado.do/empresas/la-edicion-que-celebra-a-los-lideres-de-la-innovacion-y-el-emprendimiento/,15,262,5.73%,8.86
https://revistamercado.do/empresas/lia-castillo-de-rault-liderazgo-estrategico-y-poder-blando-al-servicio-de-la-diplomacia-dominicana/,15,188,7.98%,3.51
https://revistamercado.do/products/market-brief/,15,182,8.24%,8.99
https://revistamercado.do/empresas/mejores-empresas-para-trabajar-region-norte-2026-el-nuevo-epicentro-del-liderazgo-humano-en-la-era-de-la-ia/,15,90,16.67%,7.99
https://revistamercado.do/money-invest/daily-news/alerta-en-la-copa-del-mundo-temperaturas-extremas-en-ee-uu-amenazan-los-partidos-de-eliminacion-directa/,14,42592,0.03%,7.85
https://revistamercado.do/mercado-interview/frank-rainieri-sector-privado-latinoamericano-ceapi/,14,4274,0.33%,1.61
https://revistamercado.do/money-invest/daily-news/alquiler-estadio-olimpico-felix-sanchez-conciertos-rd/,14,3640,0.38%,7.21
https://revistamercado.do/empresas/brand-business/mcdonalds-vs-burger-king-una-batalla-que-transformo-la-industria-de-la-comida-rapida/,14,2192,0.64%,7.35
https://revistamercado.do/empresas/las-7-mejores-ideas-de-ingresos-pasivos-para-ganar-dinero-en-2026/,14,2153,0.65%,8.96
https://revistamercado.do/technology/devices/como-ver-los-partidos-del-mundial-2026-sin-delay-en-tu-tv-trucos-que-realmente-funcionan/,14,1887,0.74%,7.58
https://revistamercado.do/empresas/los-sugar-kings-y-su-legado-empresarial/,14,1380,1.01%,6.78
https://revistamercado.do/who-is-who/frank-elias-rainieri/,14,1198,1.17%,8.55
https://revistamercado.do/money-invest/daily-news/conflicto-en-iran-y-el-petroleo-por-que-puede-subir-el-precio-de-la-gasolina-en-rd/,14,1035,1.35%,5.21
https://revistamercado.do/actualidad/juan-soto-vladdy-jr-y-tres-criollos-mas-los-dominicanos-que-pueden-ser-titulares-en-el-juego-de-estrellas/,14,1017,1.38%,7.82
https://revistamercado.do/money-invest/daily-news/requisitos-pago-superate-julio-2026-que-documentos-llevar-para-cobrar/,14,1006,1.39%,6.64
https://revistamercado.do/lifestyle/los-destinos-donde-van-de-vacaciones-los-mas-ricos-del-mundo-en-2026/,14,962,1.46%,6
https://revistamercado.do/actualidad/la-justicia-de-ee-uu-suspende-temporalmente-la-fusion-entre-paramount-y-warner-bros-discovery-por-posible-monopolio/,14,923,1.52%,5.8
https://revistamercado.do/money-invest/daily-news/show-apertura-juegos-centroamericanos-santo-domingo-2026-produccion/,14,910,1.54%,4.76
https://revistamercado.do/money-invest/daily-news/como-funciona-el-corredor-interoceanico-de-mexico-que-transporto-900-vehiculos-en-72-horas-evitando-el-canal-de-panama/,14,875,1.60%,8.03
https://revistamercado.do/lifestyle/experiencias/cinco-destinos-ideales-para-el-romance-y-los-viajes-en-pareja-en-republica-dominicana/,14,787,1.78%,7.5
https://revistamercado.do/actualidad/accidentes-de-transito-en-rd-dejan-945-muertos-en-2026-las-motocicletas-concentran-mas-de-la-mitad/,14,637,2.20%,5.97
https://revistamercado.do/politica/que-cambio-en-peru-para-que-keiko-fujimori-ganara-la-presidencia-en-su-cuarto-intento/,14,605,2.31%,5.87
https://revistamercado.do/money-invest/internacional-economia/riesgo-pais-2026-el-ranking-del-embi-en-america-latina-al-cierre-de-mayo/,14,604,2.32%,5.15
https://revistamercado.do/money-invest/daily-news/obras-del-monorriel-de-santo-domingo-este-siguen-paralizadas-que-pasa-con-la-megaobra/,14,604,2.32%,6.34
https://revistamercado.do/technology/devices/estos-son-los-celulares-en-los-que-whatsapp-dejara-de-funcionar-en-junio-de-2026-lista-completa/,14,590,2.37%,5.77
https://revistamercado.do/empresas/las-empresas-que-se-enriquecen-en-rd-con-un-negocio-que-mueve-millones-la-basura/,14,454,3.08%,9.41
https://revistamercado.do/actualidad/resultados-de-la-loteria-nacional-del-martes-28-de-abril-de-2026/,14,345,4.06%,8.27
https://revistamercado.do/money-invest/daily-news/cumbre-otan-2027/,14,342,4.09%,3.77
https://revistamercado.do/actualidad/resultados-de-la-loteria-nacional-del-28-de-febrero-de-2026/,14,280,5%,6.62
https://revistamercado.do/empresas/executive-news/juan-tomas-diaz-nuevo-presidente-de-aiehaina-y-region-sur/,14,208,6.73%,6.65
https://revistamercado.do/who-is-who/manuel-leon-bisono/,14,124,11.29%,4.8
https://revistamercado.do/who-is-who/luis-a-santana/,14,116,12.07%,5.84
https://revistamercado.do/entretenimiento/peliculas-de-tim-burton-orden-cronologico-y-donde-ver-toda-su-filmografia/,13,14863,0.09%,9.7
https://revistamercado.do/money-invest/daily-news/cuando-se-sabra-quien-gano-las-elecciones-en-peru-2026-esto-es-lo-que-falta/,13,5897,0.22%,9.54
https://revistamercado.do/mercado-women/trends/kylie-jenner-glasses-by-meta/,13,5857,0.22%,6.72
https://revistamercado.do/medihealth/20-alimentos-que-debes-evitar-si-tienes-hipertension/,13,5589,0.23%,8.41
https://revistamercado.do/lifestyle/los-10-relojes-mas-exclusivos-y-caros-del-mundo-en-2026/,13,3334,0.39%,3.5
https://revistamercado.do/lifestyle/las-10-marcas-de-lujo-mas-valiosas-del-mundo-y-quienes-las-dirigen/,13,2724,0.48%,9.98
https://revistamercado.do/empresas/brand-content/laboratorios-alfa-trayectoria-farmaceutica-de-confianza-y-calidad/,13,2449,0.53%,6.97
https://revistamercado.do/empresas/estas-son-las-tarjetas-de-credito-mas-exclusivas-del-mundo-en-2026-y-lo-que-exigen-para-obtenerlas/,13,2138,0.61%,6.73
https://revistamercado.do/actualidad/inicia-oficialmente-la-temporada-ciclonica-2026-republica-dominicana-entra-en-seis-meses-de-vigilancia-meteorologica/,13,2032,0.64%,6.81
https://revistamercado.do/money-invest/daily-news/la-fifa-abre-expediente-disciplinario-contra-la-afa-e-integrantes-de-la-seleccion-argentina/,13,2007,0.65%,4.01
https://revistamercado.do/internacional/la-diaspora-dominicana-en-cifras-que-paises-acogen-a-mas-dominicanos/,13,1818,0.72%,7.01
https://revistamercado.do/lifestyle/automoviles/los-10-carros-mas-confiables-y-recomendables-para-2026-segun-consumer-reports/,13,1782,0.73%,4.91
https://revistamercado.do/technology/devices/whatsapp-2026-como-vaciar-la-papelera-oculta-que-devora-los-gigas-de-tu-movil/,13,1750,0.74%,2.97
https://revistamercado.do/technology/techleaders/daniel-ek-el-ceo-de-spotify-que-supero-a-las-estrellas-de-la-musica-en-la-lista-de-millonarios/,13,1570,0.83%,8.54
https://revistamercado.do/money-invest/las-10-mejores-universidades-de-argentina-en-2026-segun-el-qs-ranking/,13,1530,0.85%,7.03
https://revistamercado.do/money-invest/ranking-los-mas-ricos-de-cada-continente-y-el-tamano-de-sus-fortunas/,13,1467,0.89%,4.7
https://revistamercado.do/money-invest/ranking-2026-estos-son-los-mejores-paises-para-emigrar-y-el-lugar-que-ocupa-latam/,13,1410,0.92%,7.42
https://revistamercado.do/lifestyle/mercadoteca/lecturas-warren-buffet/,13,1179,1.10%,7.35
https://revistamercado.do/lifestyle/experiencias/los-10-mejores-hoteles-del-mundo-el-exclusivo-rincon-de-latinoamerica-que-conquisto-el-ranking/,13,1089,1.19%,13.52
https://revistamercado.do/medihealth/salud/de-que-mueren-los-dominicanos-el-reporte-que-revela-las-principales-causas-de-fallecimiento-en-rd/,13,1050,1.24%,4.35
https://revistamercado.do/empresas/mas-de-us-46-000-por-hora-estos-son-los-ceo-mejor-pagados-del-mundo/,13,1014,1.28%,6.48
https://revistamercado.do/money-invest/daily-news/formula-precios-combustibles-abinader-rd/,13,987,1.32%,4.89
https://revistamercado.do/actualidad/resultados-de-las-loterias-del-31-de-mayo-de-2026-en-republica-dominicana/,13,809,1.61%,6.35
https://revistamercado.do/money-invest/daily-news/tienes-este-billete-de-1-dolar-podria-valer-hasta-us-6-000-sin-que-lo-sepas/,13,793,1.64%,5.19
https://revistamercado.do/money-invest/daily-news/se-viene-el-el-nino-mas-fuerte-del-siglo-las-consecuencias-para-rd-en-lluvias-sequias-y-ciclones/,13,734,1.77%,5.04